"","group_name","subgroup_name","item_name","item_url","descripcion"
"1","Miracles","Miracles","Braille Divine Tome of Carim","https://darksouls3.wiki.fextralife.com/Braille+Divine+Tome+of+Carim","A sacred braille tome from Carim, filled with advanced miracles.Give to a storyteller to learn advanced Carim miracles.In the Way of White, there is a tradition of placing great faith in the words of the blind, and braille tomes are not unusual."
"2","Miracles","Miracles","Londor Braille Divine Tome","https://darksouls3.wiki.fextralife.com/Londor+Braille+Divine+Tome","A braille tome of Londor, first spoken by Liliane of the Sable Church.Give this to a storyteller to learn miracles of Londor.This is a forbidden tome, as it offers salvation to all Hollows, and conversely curses all things living."
"3","Miracles","Miracles","Deep Braille Divine Tome","https://darksouls3.wiki.fextralife.com/Deep+Braille+Divine+Tome","A braille divine tome of the Deep, belonging to the deacons of the cathedral. Intended to teach divine protection to the deacons of the deep, but later, dark tales were added to its pages, such that it is now considered a thing profane."
"4","Miracles","Miracles","Braille Divine Tome of Lothric","https://darksouls3.wiki.fextralife.com/Braille+Divine+Tome+of+Lothric","A sacred braille tome from Lothric, filled with miracles for use by knights.Give to a storyteller to learn Lothric miracles.It is said that no paladin inside Lothric castle could fall, owing to the divine protection they enjoyed."
"5","Miracles","Miracles","Heal Aid","https://darksouls3.wiki.fextralife.com/Heal+Aid","Miracle imparted as charity to those of little faith. A show of tolerance from the Way of White.Slightly restores HP.To use miracles, equip a talisman or sacred chime and attune a miracle at a bonfire."
"6","Miracles","Miracles","Heal","https://darksouls3.wiki.fextralife.com/Heal","Elementary miracle cast by clerics. Restores HP for self and those in the vicinity.To use miracles, equip a talisman or sacred chime and attune a miracle at a bonfire."
"7","Miracles","Miracles","Med Heal","https://darksouls3.wiki.fextralife.com/Med+Heal","Miracle superior to Heal. Restores moderate HP for self and those in the vicinity.Miracles are fruit of the study of divine tales, a blessing received from the gods, through acts of prayer. Miracle strength depends on the caster's faith."
"8","Miracles","Miracles","Great Heal","https://darksouls3.wiki.fextralife.com/Great+Heal","Glorious miracle used by high-ranking clerics. Restores a large amount of HP for self and those in the vicinity.Only a select few have learned to recite this epic tale in its entirety, but those who do are amply rewarded."
"9","Miracles","Miracles","Soothing Sunlight","https://darksouls3.wiki.fextralife.com/Soothing+Sunlight","Special miracle granted to the maidens of the Princess of Sunlight. Restores a large amount of HP for self and those in the general area. The miracles of Gwynevere, the princess cherished by all, bestow their blessing on a great many warriors."
"10","Miracles","Miracles","Replenishment","https://darksouls3.wiki.fextralife.com/Replenishment","Miracle once cherished by cleric knights. Gradually restores HP. Replenishment is a relic of the old Lloyd faith, whose cleric knights were unfaltering in battle."
"11","Miracles","Miracles","Bountiful Light","https://darksouls3.wiki.fextralife.com/Bountiful+Light","Miracle taught to knights by Gertrude, holy maiden to the Queen.Gradually restores a large amount of HP.The Heavenly Daughter is said to be the Queen's child."
"12","Miracles","Miracles","Bountiful Sunlight","https://darksouls3.wiki.fextralife.com/Bountiful+Sunlight","Special Miracle granted by the Princess of Sunlight.Gradually restores a large amount of HP for self and those in the vicinity.The miracles of Gwynevere, loved as both mother and wife bestow their blessing on a great many warriors."
"13","Miracles","Miracles","Caressing Tears","https://darksouls3.wiki.fextralife.com/Caressing+Tears","Miracle taught by Morne, the Archbishop's apostle. Cures bleeding, poison and frost for self and those in the vicinity. Caressing Tears is a tale of the many deaths surrounding the goddess Caitha, of whom Morne was a known follower."
"14","Miracles","Miracles","Tears of Denial","https://darksouls3.wiki.fextralife.com/Tears+of+Denial","Miracle taught by Morne, the Archbishop's apostle. Grants one chance to endure when HP reaches 0. Intended to grant the dying a few moments for a final farewell. Tears are shed for the sake of the living, more so than the deceased."
"15","Miracles","Miracles","Homeward","https://darksouls3.wiki.fextralife.com/Homeward","Miracle taught to traveling clerics. Returns caster to the last bonfire used for resting, or to the bonfire in the shrine.It would normally link to one's homeland, only the curse of the Undead has twisted its power, redirecting casters to a bonfire. Perhaps for the Undead, the bonfire serves as home."
"16","Miracles","Miracles","Seek Guidance","https://darksouls3.wiki.fextralife.com/Seek+Guidance","Miracle of stray souls. Displays more help from other worlds and reveals summon signs without using an ember.Faith serves as a guide for clerics, meaning they should have no need for secondhand wisdom.Be that as it may, this miracle has been passed down from soul to soul, providing a tiny ray of hope for the lost."
"17","Miracles","Miracles","Sacred Oath","https://darksouls3.wiki.fextralife.com/Sacred+Oath","Miracle of those chosen by the Sunlight covenant.Temporarily boosts attack and damage absorption for self and those in vicinity.This is the tale of the Sun's firstborn, his faithful first knight, and the brave dragonslayer who served them both."
"18","Miracles","Miracles","Force","https://darksouls3.wiki.fextralife.com/Force","Elementary miracle among clerics.Creates a shockwave.While it inflicts no direct damage, this miracle propels foes back, staggering them. Can also defend against incoming arrows."""
"19","Miracles","Miracles","Emit Force","https://darksouls3.wiki.fextralife.com/Emit+Force","Traditional miracle of Catarina. Releases a shockwave in front.The people of lands known for festivity and drink are typically outspoken. One can be sure that they will not bottle their emotions, instead venting anger and the like with confidence."
"20","Miracles","Miracles","Wrath of the Gods","https://darksouls3.wiki.fextralife.com/Wrath+of+the+Gods","Primal form of Force. Creates a powerful shockwave.Wrath of the Gods is an epic tale, while Force is but a woefully incomplete version of that yarn. This primal account of profound fury emits a shockwave that also inflicts damage."
"21","Miracles","Miracles","Lightning Spear","https://darksouls3.wiki.fextralife.com/Lightning+Spear","Miracle allegedly used by Warriors of Sunlight.Hurls a lightning spear.The spears inflict lightning damage, providing an effective counter to magic or fire. Especially powerful against metal armor and dragons."
"22","Miracles","Miracles","Great Lightning Spear","https://darksouls3.wiki.fextralife.com/Great+Lightning+Spear","Primal account of Lightning Spear, which tells of an ancestral dragonslayer. Hurls a giant lightning spear. Gwyn, the First Lord, slew dragons with his sunlight spear, a tradition upheld by his firstborn and the greatspear he wielded. Much of this resplendent tale of father and son, while epic, remains tragically untold."
"23","Miracles","Miracles","Sunlight Spear","https://darksouls3.wiki.fextralife.com/Sunlight+Spear","Miracle of Gwyn, the First Lord. Hurls a sunlight spear.The tales of Gwyn's Archdragon hunts describe the inception of the Age of Fire."
"24","Miracles","Miracles","Lightning Stake","https://darksouls3.wiki.fextralife.com/Lightning+Stake","A lost dragonslaying miracle.Strikes with a stake of lightning.This tale describes the lost practices of ancient dragonslayers, who found that in order to pierce dragonscale, lightning should not be hurled as a bolt, but rather be thrust as a stake directly into the dragon's hide, to be truly effective."
"25","Miracles","Miracles","Lightning Storm","https://darksouls3.wiki.fextralife.com/Lightning+Storm","Miracle of the Nameless King, ally to the ancient dragons.Calls forth furious bolts of lightning.Once a slayer of dragons, the former king and war god tamed a Stormdrake, on which he led a lifetime of battle. This miracle is likely a tale of their bond."
"26","Miracles","Miracles","Divine Pillars of Light","https://darksouls3.wiki.fextralife.com/Divine+Pillars+of+Light","Miracle of Gertrude, the Heavenly Daughter.Brings down multiple pillars of light in vicinity.The Queen's holy maiden Gertrude was visited by an angel, who revealed this tale to her.Despite losing both her sight and voice, she was determined to record the tale. Ordinary men cannot decipher her fragmentary scrawl, nor comprehend how it became the foundation of the Angelic faith of Lothric."
"27","Miracles","Miracles","Blessed Weapon","https://darksouls3.wiki.fextralife.com/Blessed+Weapon","Miracle taught to Lothric Knights. Blesses right weapon, increasing attack power, as well as gradually restoring HP.The Knight is one of the Three Pillars of Lothric, said to have strengthened ties with the High Priestess after the Scholars acquired the Grand Archives."
"28","Miracles","Miracles","Lightning Blade","https://darksouls3.wiki.fextralife.com/Lightning+Blade","Miracle allegedly wielded by a certain dragonslayer knight in the Age of Gods.Reinforces right weapon with lightning.Tales of dragonslayers are now a rare thing, told only in fragments and whispers in remote regions."
"29","Miracles","Miracles","Darkmoon Blade","https://darksouls3.wiki.fextralife.com/Darkmoon+Blade","Miracle of those who devoted themselves to the Darkmoon covenant. Reinforces right weapon with Darkmoon light. Miracles of the Darkmoon are tales of revenge, but Captain Yorshka recites only for the sake of remembering her brother, without knowledge of its meaning. Perhaps this is better, as revenge is better left to the Blades."
"30","Miracles","Miracles","Magic Barrier","https://darksouls3.wiki.fextralife.com/Magic+Barrier","Miracle of clerics who wield weapons.Increases magic damage absorption by covering the body in a white protective coating.There was a short period in history where clerics and sorcerers opposed one another. Thus it became necessary for even simple clerics to have some means of opposing magic."
"31","Miracles","Miracles","Great Magic Barrier","https://darksouls3.wiki.fextralife.com/Great+Magic+Barrier","The tale which was later interpreted as Magic Barrier.Greatly increases magic damage absorption by covering the body in a strong white protective coating.Said to be a tale of Havel the Rock, arch enemy of Seath the Scaleless. Havel despised magic, and was never complacent in preparing means to counter it."
"32","Miracles","Miracles","Dark Blade","https://darksouls3.wiki.fextralife.com/Dark+Blade","Miracle of the Sable Church of Londor.Reinforces right weapon with dark. The third daughter Liliane, one of the founders of the Sable Church, is said to recount tales that portray the suffering and conflict of Hollows."
"33","Miracles","Miracles","Vow of Silence","https://darksouls3.wiki.fextralife.com/Vow+of+Silence","Miracle of the Sable Church of Londor.Prevents spells in the vicinity, including one's own.Members of the Sable Church are all trained swordsmen, each sworn only to their weapons as they bear the leaden silence of Londor."
"34","Miracles","Miracles","Dead Again","https://darksouls3.wiki.fextralife.com/Dead+Again","Sacrilegious miracle of the Sable Church of Londor.Bless corpses, transforming them into traps.Londor, the Hollow Realm, is a society of undead, comprised of the corpses and shades of those who led unsavory lives. Is such blessing really something one must ponder?"
"35","Miracles","Miracles","Atonement","https://darksouls3.wiki.fextralife.com/Atonement","Miracle given to those cast out from the Sable Church of Londor.Attracts more attention from foes.This is the only tale known by exiles, who believe it carries words of forgiveness. Cursed journeys, too, must ultimately come to an end."
"36","Miracles","Miracles","Deep Protection","https://darksouls3.wiki.fextralife.com/Deep+Protection","Miracle taught to inaugurated deacons of the Cathedral of the Deep. Slightly boosts attack, damage absorption and resistance, while also increasing stamina recovery speed. The deep was originally a peaceful and sacred place, but became the final rest for many abhorrent things. This tale of the Deep offers protection for those who worship amidst those horrors."
"37","Miracles","Miracles","Gnaw","https://darksouls3.wiki.fextralife.com/Gnaw","Dark miracle taught in the Cathedral of the Deep. Summons insect swarm to feast on foes. These insects which lurk in the Deep have tiny jaws lined with fangs to tear open the skin and burrow into the flesh in the blink of an eye, causing intense bleeding."
"38","Miracles","Miracles","Dorhys' Gnawing","https://darksouls3.wiki.fextralife.com/Dorhy's+Gnawing","Miracle of Dorhys the deranged evangelist. Summons great insect swarm to feast on foes.Those who linger too long on the brink of the Deep will often slip. Dorhys is sure to have wallowed in this darkness, intoxicated by its peril."
"39","Miracles","Miracles","Lifehunt Scythe","https://darksouls3.wiki.fextralife.com/Lifehunt+Scythe","Miracle of Aldrich, Devourer of Gods.Steals HP of foes using an illusory scythe.Aldrich dreamt as he slowly devoured the God of the Darkmoon. In this dream, he perceived the form of a young, pale girl in hiding."
"40","Miracles","Miracles","Way of White Corona","https://darksouls3.wiki.fextralife.com/Way+of+White+Corona","A lost Way of White miracle. Launches a white discus which slices into foes and returns to its conjurer. Long ago, when the imprints left by the gods were still deep, miracles of the Way of White existed alongside aureoles. Those who yearned for the long-lost aureoles fully believed that they would return, one day."
"41","Miracles","Miracles","Projected Heal","https://darksouls3.wiki.fextralife.com/Projected+Heal","A miracle discovered in the last days of Lothric. Toss a light that heals those near the point of impact. Even those who had forgotten the caress and bounty of the Princess of Sunlight did their best to recall her image. The stories spun about her were most certainly childish, and yet gravely sincere."
"42","Miracles","Miracles","Lightning Arrow","https://darksouls3.wiki.fextralife.com/Lightning+Arrow","The few female knights who serve in the age of the gods used this miracle for dragonslaying. Draw lightning bow to fire a lightning arrow. The lightning arrows offer a great improvement to the range of the spears, and were said to have been used to pierce the eyes of the dragons from afar.But remember, beautiful stories are always marked by embellishment."
"43","Miracles","Miracles","Blindfold Mask","https://darksouls3.wiki.fextralife.com/Blindfold+Mask","An eye-occluding mask of unknown origin. Small cracks allow the wearer to see. Strengthens dark attacks, but also greatly increases damage sustained from dark. This purple steel creation has a certain resemblance to the Fire Keeper's crown, but the similarity is purely cosmetic."
"44","Miracles","Miracles","Crown of Dusk","https://darksouls3.wiki.fextralife.com/Crown+of+Dusk","Feathered crown bestowed upon the princess of Oolacile, land of ancient golden sorceries.Through the guardian Elizabeth's blessing. this raises the power and effect of the wearer's magic, but damage suffered by magic attacks rises in tandem."
"45","Miracles","Miracles","Lightning Clutch Ring","https://darksouls3.wiki.fextralife.com/Lightning+Clutch+Ring","Ring depicting a hand grasping a yellow stone. Increases lightning attack, but compromises damage absorption.An old fable in Londor claims that the lure of the clutch ring reaches out to the crestfallen, who might otherwise be overcome by despair."
"46","Miracles","Miracles","Lloyd's Sword Ring","https://darksouls3.wiki.fextralife.com/Lloyd's+Sword+Ring","Ring given to knights of the Way of White. Depicts Allfather Lloyd's Sword of Law. Boosts attack power when HP is full. Much time has passed since the worship of Lloyd was common in the Way of White. The clerics of Carim had always strongly asserted that Lloyd was a derivative fraud, and that the Allfather title was self-proclaimed."
"47","Miracles","Miracles","Ring of the Sun's First Born","https://darksouls3.wiki.fextralife.com/Ring+of+the+Sun's+First+Born","Ring of the Sun's first born, who inherited the light of Gwyn, the first lord.Greatly boosts miracles.The Sun's first born was once a god of war, until he was stripped of his stature as punishment for his foolishness. No wonder his very name has slipped from the annals of history."
"48","Miracles","Miracles","Morne's Ring","https://darksouls3.wiki.fextralife.com/Morne's+Ring","A malformed ring given to knights of Carim. Boosts miracles. Morne served the goddess Caitha and later became an apostle of the Archbishop.They labored together to provide comfort to the suffering."
"49","Miracles","Miracles","Priestess Ring","https://darksouls3.wiki.fextralife.com/Priestess+Ring","A ring engraved with a portrait of the High Priestess.Increases faith. In Lothric, the High Priestess has long been considered one of the Three Pillars of the king's rule. The High Priestess also served as the prince's wet nurse."""
"50","Miracles","Miracles","Rose of Ariandel","https://darksouls3.wiki.fextralife.com/Rose+of+Ariandel","A flail used by the bulbous Father of the Painted World to shred his own skin, producing blood to appease the flame. Both a weapon and a miracle catalyst. Ariandel, being the restorer of the Painted World, knew that it was painted with blood, and only blood could protect the secret. Skill: Awakening Violently flail oneself to trigger an awakening that temporarily boosts the strength of miracles, just as the good Father used the rose himself."
"51","Pyromancies","Pyromancies","Great Swamp Pyromancy Tome","https://darksouls3.wiki.fextralife.com/Great+Swamp+Pyromancy+Tome","Pyromancy tome from the Great Swamp containing advanced pyromancies. Give to the old master pyromancer to learn advanced pyromancies of the Great Swamp. Spells of the Great Swamp are passed down from master to pupil. Without a master, there is no pupil, but without a pupil, there is also no master."
"52","Pyromancies","Pyromancies","Carthus Pyromancy Tome","https://darksouls3.wiki.fextralife.com/Carthus+Pyromancy+Tome","A pyromancy tome from Carthus containing pyromancies crafted for battle.Give to the old pyromancer to learn advanced pyromancies of the Great Swamp.Carthus pyromancies developed in isolation from other forms, explaining their divergent evolution."
"53","Pyromancies","Pyromancies","Izalith Pyromancy Tome","https://darksouls3.wiki.fextralife.com/Izalith+Pyromancy+Tome","A pyromancy tome from Izalith containing pyromancies of the witches.Give to the old master pyromancer to learn chaos pyromancies of Izalith.Chaos pyromancies manipulate lava, and birthed all later forms of pyromancy."
"54","Pyromancies","Pyromancies","Quelana Pyromancy Tome","https://darksouls3.wiki.fextralife.com/Quelana+Pyromancy+Tome","A pyromancy tome of Quelaana containing her unique spells. These pyromancies can only be taught by a female master.Give to a female pyromancy master to learn Quelana's pyromancies.Quelana, the sole surviving witch of Izalith, once accepted a human pupil, but after the pupil moved on, she never took another."
"55","Pyromancies","Pyromancies","Grave Warden Pyromancy Tome","https://darksouls3.wiki.fextralife.com/Grave+Warden+Pyromancy+Tome","A pyromancy tome of the grave warden, from the Carthus catacombs.Give to the pyromancer master to learn black flame sorceries.High Lord Wolnir of Carthus succumbed to the Abyss, but the pyromancer later became a grave warden, and discovered the black flame."
"56","Pyromancies","Pyromancies","Pyromancy Flame","https://darksouls3.wiki.fextralife.com/Pyromancy+Flame","Flame catalyst used by pyromancers. Equip a pyromancy flame to utilize pyromancy. Pyromancies must be attuned at a bonfire before use.Skill: CombustionCreates a powerful flame in the wielder's hand. One of the most basic pyromancies, and for this very reason, the flame created is fierce. Works while equipped in either hand."
"57","Pyromancies","Pyromancies","Pyromancer's Parting Flame","https://darksouls3.wiki.fextralife.com/Pyromancer's+Parting+Flame","The pyromancy flame of Livid Pyromancer Dunnel that attracts the echoes of death. When Dunnel lost his hideous spouse, he gave his own pyromancy flame as an offering, which transformed into a parting flame. Not long after, Dunnel became a mad spirit, cursed to wander the lands. Skill: Parting Flame Release store of death echoes to gain a modest dose of Estus."
"58","Pyromancies","Pyromancies","White Hair Talisman","https://darksouls3.wiki.fextralife.com/White+Hair+Talisman","Talisman made from a lock of white hair.This lock of hair belonged to a deformed member of the chaos witches, mothers of the art of pyromancy. Fashioned into a talisman, it enables the wielder to cast both miracles and pyromancies.Skill: CombustionCreates a powerful flame in the wielder's hand. One of the most basic pyromancies, and for this reason, the flame created is fierce. Works while equipped in either hand."
"59","Pyromancies","Pyromancies","Demon's Scar","https://darksouls3.wiki.fextralife.com/Demon's+Scar","This chaotic thing, the last flame kindled by a demon prince, is shaped like the claw marks of a demon.It is both a fiery bladed weapon, and pyromancy flame. Skill: Spin SlashSpin to stoke a fierce chaos flame, and use momentum to transition into a spinning strong attack, creating a short-lived lava pool."
"60","Pyromancies","Pyromancies","Saint's Ring","https://darksouls3.wiki.fextralife.com/Saint's+Ring","A ring bestowed upon a Carim Saint.Allows attunement of additional spells. In Carim, the saints give voice to the ancient tales. They memorize countless cumbersome sacred books and read them in sonorous tones, a function for which they are widely renowned."
"61","Pyromancies","Pyromancies","Deep Ring","https://darksouls3.wiki.fextralife.com/Deep+Ring","A ring bestowed upon the Deacons of the Cathedral of the Deep. Allows attunement of additional spells. In the Cathedral slumber things most terrible, and as such, the deacons require a grand narrative, to ensure they do not falter in their duty. A philosophy, to ward away the madness beckoned by the grotesqueries at hand."
"62","Pyromancies","Pyromancies","Darkmoon Ring","https://darksouls3.wiki.fextralife.com/Darkmoon+Ring","Ring of the moon deity Gwyndolin, youngest son of Gwyn, the First Lord. Adds many slots for attunement. Gwyndolin, also known as the Dark Sun, commands the Darkmoon Knights, and bestows this ring upon the best of them."
"63","Pyromancies","Pyromancies","Great Swamp Ring","https://darksouls3.wiki.fextralife.com/Great+Swamp+Ring","Ring said to be chiseled from the bone of a flame salamander by blighted Pyromancers living in the Great Swamp.Boosts pyromancies.It is believed that salamanders are the descendants of demons, born of the Chaos Flame, from which Pyromancy is also said to have originated."
"64","Pyromancies","Pyromancies","Witch's Ring","https://darksouls3.wiki.fextralife.com/Witch's+Ring","The Witch of Izalith and her daughters, scorched by the flame of chaos, taught humans the art of pyromancy and offered them this ring. Greatly boosts pyromancies. Every pyromancer is familiar with the parable that tells of the witches espousing the need to fear the flame, and teaching the art of pyromancy to men in hopes that they might learn to control it."
"65","Pyromancies","Pyromancies","Lingering Dragoncrest Ring","https://darksouls3.wiki.fextralife.com/Lingering+Dragoncrest+Ring","A special ring given to those who are deemed fit to undertake the journey of discovery in Vinheim, home of sorcery.Extends length of spell effect.Apropos to the Dragon School, the seal depicts an everlasting dragon. A lingering dragon symbolizes the true nature of the consummate sorcerer."
"66","Pyromancies","Pyromancies","Sage Ring","https://darksouls3.wiki.fextralife.com/Sage+Ring","A ring given to Farron's Undead Legion by one of the preacher twins, known more commonly as the Crystal Sages."" Shortens spell casting time. The sorcerers of Farron's Abyss Watchers were known to be lonesome warriors who would only rely upon more pragmatic spells."
"67","Pyromancies","Pyromancies","Dusk Crown Ring","https://darksouls3.wiki.fextralife.com/Dusk+Crown+Ring","Leaf-colored crown ring bestowed upon the princess of Oolacile, ancient land of golden sorceries.Reduces consumption of FP, but also lowers HP.Oolacile is synonymous for its lost sorceries of which the xanthous sorcerers are dedicated scholars. This crown ring is a rare artifact of great magic heritage."
"68","Pyromancies","Pyromancies","Farron Ring","https://darksouls3.wiki.fextralife.com/Farron+Ring","A ring given to Undead Legion of Farron. Reduces Skill FP consumption. The Abyss Watchers, for their hunting, required a sword technique that went beyond any existing art. Wolf's blood provided just that, and this ring further extends the effect."
"69","Pyromancies","Pyromancies","Dark Clutch Ring","https://darksouls3.wiki.fextralife.com/Dark+Clutch+Ring","Ring depicting a hand grasping a purple stone. Increases dark attack, but compromises damage absorption.An old fable in Londor claims that the lure of the clutch ring reaches out to the crestfallen, who might otherwise be overcome by despair."
"70","Pyromancies","Pyromancies","Fire Clutch Ring","https://darksouls3.wiki.fextralife.com/Fire+Clutch+Ring","Ring depicting a hand grasping a red stone. Increases fire attack, but compromises damage absorption.An old fable in Londor claims that the lure of the clutch ring reaches out to the crestfallen, who might otherwise be overcome by despair."
"71","Sorceries","Sorceries","Sage's Scroll","https://darksouls3.wiki.fextralife.com/Sage's+Scroll","Scroll containing sorceries of the Crystal Sages. Give to a sorcerer to learn Sorceries of the Sages. As any sorcerer knows, sorcery is a talent, and these sorceries were refined to nurture a very special talent."
"72","Sorceries","Sorceries","Golden Scroll","https://darksouls3.wiki.fextralife.com/Golden+Scroll","A golden scroll chronicling the vast research of the xanthous scholars. Give to a sorcerer to learn the arts of Oolacile. In the lost land of Oolacile, the sorceries orchestrated light, and were said to shine in golden hues."
"73","Sorceries","Sorceries","Logan's Scroll","https://darksouls3.wiki.fextralife.com/Logan's+Scroll","Secret tome of the Profaned Capital court sorcerers, containing sorceries of Logan.Give to a sorcerer to learn Logan's sorceries.The court sorcerers used this scroll to claim heirship to Logan's legacy, though how that claim stands up to closer scrutiny is another story."
"74","Sorceries","Sorceries","Crystal Scroll","https://darksouls3.wiki.fextralife.com/Crystal+Scroll","Secret crystal scroll of the Grand Archives of Lothric.Give to a sorcerer to learn crystal sorceries.These sorceries are the work of the paledrake, Seath the Scaleless, whom Logan is said to have met, a branch of sorcery that has been carried on by the Crystal Sages."
"75","Sorceries","Sorceries","Soul Arrow","https://darksouls3.wiki.fextralife.com/Soul+Arrow","Elementary sorcery. Fires a soul arrow. To use sorceries, equip a staff and attune a sorcery at a bonfire."
"76","Sorceries","Sorceries","Great Soul Arrow","https://darksouls3.wiki.fextralife.com/Great+Soul+Arrow","Sorcery which improves upon Soul Arrow. Fires a more powerful soul arrow.Many sorceries inflict magic damage, making them effective against iron armor, tough scales, and other physically resilient materials."
"77","Sorceries","Sorceries","Heavy Soul Arrow","https://darksouls3.wiki.fextralife.com/Heavy+Soul+Arrow","Elementary, yet practical sorcery from long ago. Fires a heavy soul arrow. Offers greater power but slower casting time, entailing a vulnerability that makes this sorcery trickier to handle."
"78","Sorceries","Sorceries","Great Heavy Soul Arrow","https://darksouls3.wiki.fextralife.com/Great+Heavy+Soul+Arrow","Sorcery which improves upon Heavy Soul Arrow. Fires a more powerful heavy soul arrow.Sorceries are a logical discipline: their strength influenced by the caster's intelligence."
"79","Sorceries","Sorceries","Farron Dart","https://darksouls3.wiki.fextralife.com/Farron+Dart","Variation of Soul Arrow developed by sorcerers of the Undead Legion of Farron. Fire a soul dart. Well known among the Farron sorceries, it is learned far and wide due to its ease of use."
"80","Sorceries","Sorceries","Great Farron Dart","https://darksouls3.wiki.fextralife.com/Great+Farron+Dart","Sorcery which improves upon Farron Dart. Fires a more powerful soul dart. Entrusted to the leader of the Legion's acolytes, and apparently a sorcery of his daughter, Heysel, that was refined by a Crystal Sage."
"81","Sorceries","Sorceries","Farron Hail","https://darksouls3.wiki.fextralife.com/Farron+Hail","Sorcery which improves upon Farron Dart. Fires a cascade of soul darts. Entrusted to the leader of the Legion's acolytes, and apparently a sorcery of his daughter, Heysel, that was refined by a Crystal Sage."
"82","Sorceries","Sorceries","Homing Soulmass","https://darksouls3.wiki.fextralife.com/Homing+Soulmass","Sorcery developed by Big Hat Logan, the great sorcerer who left the Dragon School in an age long past.Releases a homing soulmass.This sorcery may offer a clue as to what Logan sought, but further investigation suggests its attraction to living things mirrors the nature of the dark."
"83","Sorceries","Sorceries","Homing Crystal Soulmass","https://darksouls3.wiki.fextralife.com/Homing+Crystal+Soulmass","Sharpens Homing Soulmass via crystallization.Releases a homing crystal soulmass. Crystal soulmass has piercing qualities.According to the Crystal Sage, old Big Hat achieved enlightenment within the Regal Archives, where he came to find the quintessence of sorcery in the facets of a certain crystal."
"84","Sorceries","Sorceries","Crystal Hail","https://darksouls3.wiki.fextralife.com/Crystal+Hail","Unique sorcery developed by extraordinary preacher twins known as the Crystal Sages. Casts a cascade of small crystal soulmasses from above. Crystal soulmasses have piercing qualities. In a pact said to have been formed long ago, one of the Sages allied with the Undead Legion in order to train the sorcerers of Farron."
"85","Sorceries","Sorceries","Soul Spear","https://darksouls3.wiki.fextralife.com/Soul+Spear","Sorcery developed by Big Hat Logan, the great sorcerer who left the Dragon School in an age long past.Fires a soul spear.The spear boasts superior penetrating power, and is testament to Logan's strength in battle."
"86","Sorceries","Sorceries","Crystal Soul Spear","https://darksouls3.wiki.fextralife.com/Crystal+Soul+Spear","Further sharpens Soul Spear via crystallization.Fires a piercing crystal soul spear.According to the Crystal Sages, old Big Hat achieved enlightenment within the Regal Archives, where he came to find the quintessence of sorcery in the facets of a certain crystal."
"87","Sorceries","Sorceries","White Dragon Breath","https://darksouls3.wiki.fextralife.com/White+Dragon+Breath","Sorcery of the deluded Consumed King Oceiros.Emits crystal breath of Seath the Scaleless. Crystal breath has piercing qualities.Seath's research seemed to strike a chord with old Big Hat who, in his mad, disrobed state, made divine works such as this, his own. Oceiros was no doubt edified by this."
"88","Sorceries","Sorceries","Soul Stream","https://darksouls3.wiki.fextralife.com/Soul+Stream","Sorcery imparted by the first of the Scholars, when Lothric and the Grand Archives were but young.Fires a torrential volley of souls.The first of the Scholars doubted the linking of the fire, and was alleged to be a private mentor to the Royal Prince."
"89","Sorceries","Sorceries","Soul Greatsword","https://darksouls3.wiki.fextralife.com/Soul+Greatsword","Sorcery developed primarily for sorcerer-swordsmen. Attacks with a greatsword formed from souls. The ephemeral blade only exists as an extension of the caster, but its power is said to rival that of physical greatswords. Even the most obstinate magic purists may resort to this spell in times of crisis."
"90","Sorceries","Sorceries","Farron Flashsword","https://darksouls3.wiki.fextralife.com/Farron+Flashsword","Alteration of Soul Greatsword developed by sorcerers of the Undead Legion of Farron.The Legion has a tendency to emphasize speed over power, and this practical alteration of an existing sorcery is no exception."""
"91","Sorceries","Sorceries","Magic Weapon","https://darksouls3.wiki.fextralife.com/Magic+Weapon","Sorcery for casters who wield swords.Reinforces right weapon with magic.The power of the sorcerer-swordsmen of Vinheim is predicated upon this and Magic Shield.Many warriors learn sorcery just for this enchantment."""
"92","Sorceries","Sorceries","Great Magic Weapon","https://darksouls3.wiki.fextralife.com/Great+Magic+Weapon","""Sorcery which improves upon Magic Weapon. Greatly reinforces right weapon with magic. Only sorcerer-swordsmen with special duties are permitted use of this spell. The azure blade is said to cut down heavily armored knights with ease."
"93","Sorceries","Sorceries","Crystal Magic Weapon","https://darksouls3.wiki.fextralife.com/Crystal+Magic+Weapon","Further sharpens Magic Weapon via crystallization. Reinforces right weapon with crystal.After much experimentation, Logan found the crystal medium facilitated a stronger bond between weapon and soul."
"94","Sorceries","Sorceries","Magic Shield","https://darksouls3.wiki.fextralife.com/Magic+Shield","Sorcery for casters who wield swords. Reinforces left shield with magic. Shields augmented by magic have higher stability and damage absorption. Even the smallest of shields can be toughened considerably with the use of this spell."
"95","Sorceries","Sorceries","Great Magic Shield","https://darksouls3.wiki.fextralife.com/Great+Magic+Shield","Sorcery which improves upon Magic Shield. Greatly reinforces left shield with magic. Only sorcerer-swordsmen with special duties are permitted the use of this spell, which temporarily grants even the smallest of shields fortitude more akin to that of a greatshield."
"96","Sorceries","Sorceries","Spook","https://darksouls3.wiki.fextralife.com/Spook","Sorcery developed by a certain surreptitious sorcerer at Vinheim Dragon School.Masks noises of the caster and prevents fall damage.Their mastery of this sorcery alone allows Vinheim spooks to demand handsome payment for their services."
"97","Sorceries","Sorceries","Aural Decoy","https://darksouls3.wiki.fextralife.com/Aural+Decoy","Sorcery developed by a certain surreptitious sorcerer at Vinheim Dragon School. Distracts foes with a distant sound. The sound carries with it a strangely infectious resonance that may cause one to stray from their post and expose their back."
"98","Sorceries","Sorceries","Pestilent Mist","https://darksouls3.wiki.fextralife.com/Pestilent+Mist","Highly dangerous sorcery employed by Dragon School spooks. Only taught to trusted members. Releases dense mist that eats away at HP. Beware, as the caster is not immune to its effect. A body caught in the silent mist cloud lies still, while the face twists in a tortured scream. The names of these learned sorcerers became feared for this gruesome spectacle."
"99","Sorceries","Sorceries","Cast Light","https://darksouls3.wiki.fextralife.com/Cast+Light","Lost Sorcery from Oolacile, land of ancient golden Sorceries. Casts a light to illuminate surroundings. This light producing magic is elementary, but nonetheless demonstrates the pure nature of golden sorceries; the likes of which have not been developed even at the Dragon School."
"100","Sorceries","Sorceries","Repair","https://darksouls3.wiki.fextralife.com/Repair","Lost sorcery from Oolacile, land of ancient golden sorceries. Repairs equipped weapons and armor. Includes weapons with exhausted durability. While the effects of this spell are rather subtle, its foundations are a well-guarded secret. Light is time, and the reversal of its effects is a forbidden art."
"101","Sorceries","Sorceries","Hidden Weapon","https://darksouls3.wiki.fextralife.com/Hidden+Weapon","Lost sorcery from Oolacile, land of ancient golden sorceries. Turns right weapon invisible. The weapon itself undergoes no inherent changes. Effective use of this, like any tool, perhaps, is reliant upon the ingenuity of its caster."
"102","Sorceries","Sorceries","Hidden Body","https://darksouls3.wiki.fextralife.com/Hidden+Body","Lost sorcery from Oolacile, land of ancient golden sorceries. Turns body nearly invisible. Although perfect invisibility is unachievable due to the risk of dissipation, the caster need only stand still for a moment to blend in to environs with astounding camouflage."
"103","Sorceries","Sorceries","Chameleon","https://darksouls3.wiki.fextralife.com/Chameleon","Lost sorcery from Oolacile, land of ancient golden sorceries. Transforms into something inconspicuous.Far from formally developed, this magic was instead born from the mischief of a young girl who sought relief from the solitude of the woods at dusk."
"104","Sorceries","Sorceries","Twisted Wall of Light","https://darksouls3.wiki.fextralife.com/Twisted+Wall+of+Light","Lost sorcery from Oolacile, land of ancient golden sorceries. Distorts light in order to deflect magic. A closely-guarded light manipulation spell that contorts the very fabric of fundamental laws, negating magic by denying its claim to physicality."
"105","Sorceries","Sorceries","Deep Soul","https://darksouls3.wiki.fextralife.com/Deep+Soul","Sorcery of Archdeacon Royce and his deacons, said to have been imparted to them by McDonnell of the Boreal Valley. Fires dark soul dregs. Souls which swell from the deep pursue their target, drawn towards life."
"106","Sorceries","Sorceries","Great Deep Soul","https://darksouls3.wiki.fextralife.com/Great+Deep+Soul","Sorcery which improves upon Deep Soul. Fires powerful darkened soul dregs Archdeacon McDonnell, a sorcerer himself, delighted in the cathedral's stagnating souls. For him, they represented the glorious bedrock of this world."
"107","Sorceries","Sorceries","Affinity","https://darksouls3.wiki.fextralife.com/Affinity","A forbidden dark sorcery. Casts a dark manifestation of humanity.It appears to be an expression of envy, or perhaps love towards another, that will tenaciously pursue its target. Even if, like so many human desires, it amounts to nothing but misfortune."
"108","Sorceries","Sorceries","Dark Edge","https://darksouls3.wiki.fextralife.com/Dark+Edge","A forbidden dark sorcery. Strikes with blade formed of humanity's darkness.Passed from mother to daughter, this blade was intended for both protection and as a means of taking one's own life. The young girl never swung it more than once."
"109","Sorceries","Sorceries","Frozen Weapon","https://darksouls3.wiki.fextralife.com/Frozen+Weapon","One of the spells left behind by the young sorcerer Sulyvahn before leaving the Painted World. Imbues right-hand weapon with frost. Sulyvahn was born and raised inside the painting yet had little use for his frigid homeland, since he had not yet experienced loss."
"110","Sorceries","Sorceries","Snap Freeze","https://darksouls3.wiki.fextralife.com/Snap+Freeze","One of the spells left behind by the young sorcerer Sulyvahn before leaving the Painted World. Creates a cloud of near-freezing mist.Sulyvahn was born and raised inside the painting, yet had little use for his frigid homeland, since he had not yet experienced loss."
"111","Sorceries","Sorceries","Great Soul Dregs","https://darksouls3.wiki.fextralife.com/Great+Soul+Dregs","A sorcery that fires great dark soul dregs that have stewed for ages, far within the deep. This sorcery is the highest form of Deep Soul Some of the murkmen who rise from the depths are possessed by soul dregs, which have a grave likeness to the human form"
"112","Sorceries","Sorceries","Old Moonlight","https://darksouls3.wiki.fextralife.com/Old+Moonlight","A memory of an old sword found deep within Midir. This sorcery uses souls to grant form to the thought, and attack with it. Attacks are coupled with lightwaves, and sustaining the stance before attacking increases their speed and potency. The sword is named after moonlight, but it is slightly different than the one fashioned of the paledrake Seath. Perhaps it is rooted in an older memory, from not long after the Beginning."
"113","Sorceries","Sorceries","Magic Clutch Ring","https://darksouls3.wiki.fextralife.com/Magic+Clutch+Ring","Ring depicting a hand grasping a blue stone. Increases magic attack, but compromises damage absorption.An old fable in Londor claims that the lure of the clutch ring reaches out to the crestfallen, who might otherwise be overcome by despair."
"114","Sorceries","Sorceries","Young Dragon Ring","https://darksouls3.wiki.fextralife.com/Young+Dragon+Ring","Ring given in Vinheim, home of sorcery, when newly ordained as a sorcerer. Boosts sorceries. Apropos to the Dragon School, the seal depicts an everlasting dragon. A young dragon presages the great length of the journey to mastery."""
"115","Sorceries","Sorceries","Bellowing Dragoncrest Ring","https://darksouls3.wiki.fextralife.com/Bellowing+Dragoncrest+Ring","A special ring given to those who are deemed fit to undertake the journey of discovery in Vinheim, home of sorcery.Greatly boosts sorceries.Apropos to the Dragon School, the seal depicts an everlasting dragon. A bellowing dragon symbolizes the true nature of the consummate sorcerer."
"116","Sorceries","Sorceries","Scholar Ring","https://darksouls3.wiki.fextralife.com/Scholar+Ring","A ring engraved with a potrait of a scholar. Increases intelligence. In Lothric, the Scholar has long been considered one of the Three Pillars of the king's rule, and is therefore master of the Grand Archives."
"117","Sorceries","Sorceries","Scholar's Candlestick","https://darksouls3.wiki.fextralife.com/Scholar's+Candlestick","A candlestick covered in ivory scales once used by the Scholars of the Great Archives. This served as their guiding light, as well as a tool of self-restraint. Even today, wielders of this weapon benefit from the resulting sorcery-strengthening properties.Skill: Guiding LightA candle provides a temporary source of light which reveals additional guidance."
"118","Sorceries","Sorceries","Crystal Chime","https://darksouls3.wiki.fextralife.com/Crystal+Chime","A sacred chime, once the possession of Gertrude, the Heavenly Daughter, and defiled by the scholars of the Grand Archives.The power of crystals granted the scholars a degree of success. In this case, their work enabled this chime to be suitable for casting both miracles and sorceries.Skill: Gentle PrayerRecovers HP for a period of time, albeit extremely slowly. Works while equipped in either hand."
"119","Sorceries","Sorceries","Heysel Pick","https://darksouls3.wiki.fextralife.com/Heysel+Pick","Choice weapon of Yellowfinger Heysel, a Finger of Rosaria and xanthous scholar.It`s both a weapon and sorcery staff. The gold specks are remnants of lost sorceries.Skill: Steady ChantFor a short moment, boost the strength of sorceries."
"120","Sorceries","Sorceries","Golden Ritual Spear","https://darksouls3.wiki.fextralife.com/Golden+Ritual+Spear","A ritual spear presented to Darkmoon Knights before Sulyvahn claimed the title of Pontiff.Can also be used as a staff. Sorceries cast using this weapon channel the wielder's faith.Skill: Steady ChantBoost the strength of sorceries for a very short period."
"121","Sorceries","Sorceries","Cleric's Candlestick","https://darksouls3.wiki.fextralife.com/Cleric's+Candlestick","Candle stick used as both sword and catalyst. Used for worship by the Deacons of the Deep. The deacons, under the guidance of Archdeacon McDonnell, became both Clergymen and sorcerers. Skill: Guiding Light A candle provides a temporary source of light which reveals additional guidance."
"122","Sorceries","Sorceries","Immolation Tinder","https://darksouls3.wiki.fextralife.com/Immolation+Tinder","Profaned Flame wielded by the Irithyllian witches, frigid spirits roaming the Boreal Valley.This torch, both a weapon and a staff, is enshrouded in an everlasting flame.Skill: Punitive FlamePunish foes with a flame that blankets the ground."
"123","Armor","Helms","Standard Helm","https://darksouls3.wiki.fextralife.com/Standard+Helm","A sturdy helm made of iron.Used by warriors of old, but one can still expect sound defense.It is never unwise to wear a sturdy form of head protection against arrows and other somatic threats."
"124","Armor","Helms","Brigand Hood","https://darksouls3.wiki.fextralife.com/Brigand+Hood","Hood from a foreign land. Probably belonged to a brigand who met his match. In foreign lands, undead were banished to send a message to populace, and when the message was not heard, they banished the living, too."
"125","Armor","Helms","Lucatiel Mask","https://darksouls3.wiki.fextralife.com/Lucatiel+Mask","Mask attached to a ceremonial hat.A Hollow once fought valiantly with this mask, but feared the fading of her self, and implored a comrade remember her name.Perhaps that is why this gentleman's mask is named after a woman."
"126","Armor","Helms","Chain Helm","https://darksouls3.wiki.fextralife.com/Chain+Helm","Chainmail helm of thin interlinking rings of steel.Popular due to its ease of crafting, respectable damage absorption, and light weight.Knights may favor imposing armor, but for warriors on the battlefield, that which keeps them alive is armor enough."
"127","Armor","Helms","Northern Helm","https://darksouls3.wiki.fextralife.com/Northern+Helm","Iron helm of a stalwart northern warrior. Engraved with an ornate pattern. Iron defensive wear grants superior stability. Being from the north, it should also offer resistance to the cold."
"128","Armor","Helms","Creighton's Steel Mask","https://darksouls3.wiki.fextralife.com/Creighton's+Steel+Mask","Attire of Creighton the Wanderer, a notorious deserter who fled an order of Mirrah Knights.Despite the mask's being a symbol of a criminal sentenced to death, Creighton never removed it."
"129","Armor","Helms","Iron Helm","https://darksouls3.wiki.fextralife.com/Iron+Helm","Large, durable iron helm, known as a heaume.This helm with a red feather is said to have belonged to a Knight of Sunlight in a previous age.The heaume has no particular powers, but is of fine quality, and appears to have been looked after with the greatest of care."
"130","Armor","Helms","Sellsword Helm","https://darksouls3.wiki.fextralife.com/Sellsword+Helm","Metal helm interwoven with coarse cloth. Able to endure the hardships of battle and prolonged travel. It is light considering the build, striking a fine balance between absorption and substance."
"131","Armor","Helms","Undead Legion Helm","https://darksouls3.wiki.fextralife.com/Undead+Legion+Helm","Attire of the Abyss Watchers, the Undead Legion of Farron. These undead warriors vowed to partake of wolf blood. They acted in the dark, seeking out any sign of the Abyss, fighting a constant war with its abominations. This pointed steel helm was a distinct symbol of the Legion, shirked as a sinister omen by the masses."""
"132","Armor","Helms","Herald Helm","https://darksouls3.wiki.fextralife.com/Herald+Helm","Steel helm said to be worn by Heralds of the Way of White, who deliver commandments of duty. Protection made of steel has excellent physical absorption, but is found lacking against blunt strikes and lightning damage."
"133","Armor","Helms","Knight Helm","https://darksouls3.wiki.fextralife.com/Knight+Helm","Helm of a lowly knight, fashioned from solid iron. This helm might be on the heftier side compared to others of their ilk, but as such offer great physical absorption in exchange for its/their imposing weight. Do not think to wear it without the necessary Vitality."
"134","Armor","Helms","Nameless Knight Helm","https://darksouls3.wiki.fextralife.com/Nameless+Knight+Helm","Helm of a nameless knight. Crafted with thin metal greatly reinforced by a grooved finish."
"135","Armor","Helms","Fallen Knight Helm","https://darksouls3.wiki.fextralife.com/Fallen+Knight+Helm","Helm of an order of fallen knights who disbanded and fled, but met untimely deaths. The drab, tattered hood conceals tough, black metal which provides dependable protection from fire. It is just possible to make out the majestic gold engravings on its surface."
"136","Armor","Helms","Elite Knight Helm","https://darksouls3.wiki.fextralife.com/Elite+Knight+Helm","Helm said to have been given to elite knights of fallen Astora. The mere mention of Astora invoked wistful pangs, and perhaps it was such a dream that drew Anri to this faraway home known only by name."
"137","Armor","Helms","Alva Helm","https://darksouls3.wiki.fextralife.com/Alva+Helm","Protection of Alva, seeker of the spurned. This steel helm was trimmed to reduce weight.To this day, troubadours sing of tales of the wandering knight Alva and his travels, and of his involvement with the saint and the witch. Needless to say, the songs traditionally end in tragedy."
"138","Armor","Helms","Drakeblood Helm","https://darksouls3.wiki.fextralife.com/Drakeblood+Helm","Armor of the Drakeblood Knights, worshippers of the blood of dragons. The red cloth is said to symbolize their yearning for blood. Dragon worship has captured the hearts and minds of warriors across the lands for many ages.Perhaps such warriors are attracted to doctrines of few words."
"139","Armor","Helms","Faraam Helm","https://darksouls3.wiki.fextralife.com/Faraam+Helmet","Helm named after a god of war. The armor of the Forossa Lion Knights was preserved even after the destruction of their homeland, and is mentioned in numerous legends, alongside the names of those who are said to have gone beyond death."""
"140","Armor","Helms","Sunset Helm","https://darksouls3.wiki.fextralife.com/Sunset+Helm","Helm of Hodrick, holy knight of the Sunless Realms.This light gold helm, named for its sunset hues, is now faded and wrapped in tainted rags.The sorry fool was known to wander the battlefield as a crazed ghoul, lashing out at friend and foe alike."
"141","Armor","Helms","Sunless Veil","https://darksouls3.wiki.fextralife.com/Sunless+Veil","Attire of a knight from the Sunless Realms, known for their resistance to both magic and the dark.Formed of a silk veil and silver headband.Sunless Knights serve the nameless moon, and perhaps it is for this reason the attire casts a feminine silhouette."
"142","Armor","Helms","Brass Helm","https://darksouls3.wiki.fextralife.com/Brass+Helm","Armor of a knight once known as the Darkmoon. It is said that this brass armor hides something hideous within.Something about its silhouette suggests femininity."
"143","Armor","Helms","Helm of Favor","https://darksouls3.wiki.fextralife.com/Helm+of+Favor","Helm of the pitiable Embraced Knight. Depicts the affection of goddess Fina.Adrift on sea of isolation, only his faith in the love of his goddess remained true, and so the knight forsook all else."
"144","Armor","Helms","Eastern Helm","https://darksouls3.wiki.fextralife.com/Eastern+Helm","Distinctive helm made in an Eastern land.The exquisite craftmanship and artistic design made these prized pieces in the connection of any nobleman. Offers excellent damage absorption, particularly from slashing attacks from katanas, which are commonly encountered threats in battles fought in the East."
"145","Armor","Helms","Helm of Thorns","https://darksouls3.wiki.fextralife.com/Helm+of+Thorns","Helm of Kirk, the notorious knight of Thorns. A dense patch of thorns grows from its surface.A fitting item for the murderous Kirk, for even the simple act of rolling can damage enemies when wearing this attire."
"146","Armor","Helms","Catarina Helm","https://darksouls3.wiki.fextralife.com/Catarina+Helm","Distinctively shaped helm worn by the Knights of Catarina. Often ridiculed for its onion-like shape, infuriating the country's proud knights, but the masterfully forged curved design makes it very effective for deflective blows."
"147","Armor","Helms","Morne's Helm","https://darksouls3.wiki.fextralife.com/Morne's+Helm","Unusual helm bestowed upon knights of Carim. Modeled on Morne, the Archbishop's apostle, the helm is of perfect likeness to the stone heads of the cathedral. A Carim knight will dedicate an entire career to attending a single maiden, just as Morne served one goddess alone."
"148","Armor","Helms","Lothric Knight Helm","https://darksouls3.wiki.fextralife.com/Lothric+Knight+Helm","Armor of a celebrated Lothric knight. A strong steel helm, if a little worn.The Knight has served as one of the Three Pillars since ancient times, and shares place alongside the wyverns as a symbol of Lothric.Only those possessing a knight's resolve are fit to wear this garment."
"149","Armor","Helms","Cathedral Knight Helm","https://darksouls3.wiki.fextralife.com/Cathedral+Knight+Helm","Massive iron helm worn by knights serving the Cathedral of the Deep. Repulsive creatures of the deep are sure to attract the foolish, but the cathedral knights are prepared to meet such intruders head on with their more than ample might."
"150","Armor","Helms","Winged Knight Helm","https://darksouls3.wiki.fextralife.com/Winged+Knight+Helm","Armor of the Winged Knights, who swore themselves to the Angels.Worship of the divine messengers was viewed as heresy in Lothric and unrecognized by any of the Three Pillars of rule.This is believed to be why Gertrude, the Heavenly Daughter, was imprisoned in the lofty cell of the Grand Archives."
"151","Armor","Helms","Outrider Knight Helm","https://darksouls3.wiki.fextralife.com/Outrider+Knight+Helm","Armor of an Irithyll outrider knight. Enveloped in a dimly cool air.The knights were given the eyes of the Pontiff, but the eyes transformed them into savage, raving warriors who only knew how to serve as mindless guards."
"152","Armor","Helms","Pontiff Knight Crown","https://darksouls3.wiki.fextralife.com/Pontiff+Knight+Crown","Crown of the Pontiff's Knights, now harrowed spirits of Irithyll. The golden crown signifies those who report directly to Sulyvahn. The knights were his watchful eyes, and when needed, his punitive blades."
"153","Armor","Helms","Fire Witch Helm","https://darksouls3.wiki.fextralife.com/Fire+Witch+Helm","Helm of witches who bore the Profaned Flame, now harrowed spirits of Irithyll.The witches who lead the Pontiff's Knights were originally ordained as holy knights. It was not long however, before their hearts were swallowed by the Profaned Flame."
"154","Armor","Helms","Dancer's Crown","https://darksouls3.wiki.fextralife.com/Dancer's+Crown","Crown worn by the Dancer of the Boreal Valley.The mirage-like aurora veil is said to be an article of the old gods, permitted only for direct descendants of the old royal family."
"155","Armor","Helms","Dark Mask","https://darksouls3.wiki.fextralife.com/Dark+Mask","Bone Mask of the Darkwraiths, relics of a small country that fell to the dark long ago.Looks as if it may crumble to dust at any moment.The Darkwraiths were the oldest of the Red Eye Invaders, and rumored to have served a Primordial Serpent."
"156","Armor","Helms","Black Knight Helm","https://darksouls3.wiki.fextralife.com/Black+Knight+Helm","Armor of the Black Knights who roam the lands. The knights served the First Lord Gwyn, and followed him into the flame upon its linking. They became ash, but still wander the realms to this day."
"157","Armor","Helms","Silver Knight Helm","https://darksouls3.wiki.fextralife.com/Silver+Knight+Helm","Helm of the Silver Knights allegiant to the royals of old. It is said that even after the family's passing, the knights continued to watch over their manor, and the ruined cathedral."
"158","Armor","Helms","Dragonslayer Helm","https://darksouls3.wiki.fextralife.com/Dragonslayer+Helm","Golden lion helm associated with Dragonslayer Ornstein, from the age of gods, and imbued with the strength of lightning.In the dragonless age, this knight, who long guarded the ruined cathedral, left the land in search of the nameless king."
"159","Armor","Helms","Wolf Knight Helm","https://darksouls3.wiki.fextralife.com/Wolf+Knight+Helm","Helm of a knight tainted by the dark of the Abyss. The twilight blue tassel is damp, and will ever remain so.A vanquished knight left behind only wolf's blood, and legacy of duty. The Undead Legion of Farron was formed to bear his torch, and the armor of these Abyss Watchers suggests their own eventual end."
"160","Armor","Helms","Smough's Helm","https://darksouls3.wiki.fextralife.com/Smough's+Helm","Grotesque armor associated with Smough, the last knight to stand in defense of the ruined cathedral.Boasts extremely high defense and can be donned by humans, but not without great difficulty."
"161","Armor","Helms","Lorian's Helm","https://darksouls3.wiki.fextralife.com/Lorian's+Helm","Armor of Prince Lothric's older brother Lorian. This black-dyed brass helm is patterned with flame.Lorian, raised as a knight, is said to have been left mute and crippled by his younger brother's curse. It is also said that Lorian, in fact, wished it so."
"162","Armor","Helms","Golden Crown","https://darksouls3.wiki.fextralife.com/Golden+Crown","Crown of a nameless king who was ally to the ancient dragons. This golden crown, buried amidst long strands of bristling ash, is said to closely resemble that of the First Lord."
"163","Armor","Helms","Firelink Helm","https://darksouls3.wiki.fextralife.com/Firelink+Helm","Helm of the Soul of Cinder, a deific manifestation of the Lords of Cinder, who linked the First Flame.It resembles a knight's helm, but bears hideous burns and contortions. A mishappen crown can be seen upon its rear.It exists as a symbol of the great Lords and the noble act of linking the fire, though it is no more than an empty husk."
"164","Armor","Helms","Black Iron Helm","https://darksouls3.wiki.fextralife.com/Black+Iron+Helm","Helm made of black iron, from the set of armor for which Knightslayer Tsorig was infamously known.Offers extensive and particularly effective protection from fire."
"165","Armor","Helms","Executioner Helm","https://darksouls3.wiki.fextralife.com/Executioner+Helm","Steel helm of Horace the Hushed, who took a liking to its cold, bulky insides.The original owner was said to be a corrupt executioner, who was killed and stripped of his armor.Horace is one of only two children to escape Aldrich's clutches."
"166","Armor","Helms","Exile Mask","https://darksouls3.wiki.fextralife.com/Exile+Mask","Iron mask of the watchdogs of Farron's Keep.After the Legion's Watchers became Lords of Cinder, the wolf blood dried up, and Farron was consumed by a festering wood.Within the wood, an emaciated old wolf commands watchdogs to defend the sanctity of sleeping warriors.Both the exiles were surely watchdogs themselves, for Farron has always been a land of itinerants."
"167","Armor","Helms","Gundyr's Helm","https://darksouls3.wiki.fextralife.com/Gundyr's+Helm","Ancient helm of a set of cast iron armor, belonging to Champion Gundyr. Modeled after a former king.Gundyr, or the Belated Champion, was bested by an unknown warrior. He then became sheath to a coiled sword in the hopes that someday, the first flame would be linked once more."
"168","Armor","Helms","Havel's Helm","https://darksouls3.wiki.fextralife.com/Havel's+Helm","Armor as if hewn from a giant boulder, Highly protective, but excessively heavy.The warriors who followed Havel the Rock never flinched, nor retreated from battle, crushing any foe that stood in their way."
"169","Armor","Helms","Assassin Hood","https://darksouls3.wiki.fextralife.com/Assassin+Hood","Black cloth covering the face of the assassins who lurk in the shadows.Grants much-needed protection to the head as well as cover from the rain while pursuing a target on the road."
"170","Armor","Helms","Black Hand Hat","https://darksouls3.wiki.fextralife.com/Black+Hand+Hat","Attire of hunters known as the King's Black Hands. A black cape covers leather armor, shrouding the wearer in darkness. Black Hand was the title established to honor hunters who served successive generations of kings. To date, no more than three such individuals have borne this distinction."""
"171","Armor","Helms","Thief Mask","https://darksouls3.wiki.fextralife.com/Thief+Mask","Mask worn by those with something to hide. Used to conceal the face, muffle the voice, and go by cover of darkness."
"172","Armor","Helms","Shadow Mask","https://darksouls3.wiki.fextralife.com/Shadow+Mask","Black cloth mask worn by spooks from an Eastern land. Sacrfices defense for greater mobility.The late King Oceiros was obsessed by dragons, to the extent that he would later be known as the Consumed King. Countless assassins were sent to end his reign, but none returned."
"173","Armor","Helms","Silver Mask","https://darksouls3.wiki.fextralife.com/Silver+Mask","Silver mask of Ringfinger Leonhard. In his youth, Leonhard suffered grave burns to his entire body. His face in particular, which he hid beneath his mask, was terribly scalded.He abstained from restoring these injuries, even after becoming a Finger of Rosaria."
"174","Armor","Helms","Sneering Mask","https://darksouls3.wiki.fextralife.com/Sneering+Mask","Gold mask worn by those who kill in the name of the Sable Church of Londor. A faint, kindly smile is bound to its surface, giving them the moniker Harlots of Death. What lies beneath that expression, however, is nothing more than the face of a darkly ashriveled Hollow."
"175","Armor","Helms","Billed Mask","https://darksouls3.wiki.fextralife.com/Billed+Mask","Attire of the three mentors of the Sable Church of Londor, this billed mask belongs to Yuria, the second eldest.These maidens of a Primordial Serpent were renowned as founders of the Sable Church, which offered salvation for Hollows."
"176","Armor","Helms","Painting Guardian Hood","https://darksouls3.wiki.fextralife.com/Painting+Guardian+Hood","Attire of the Painting Guardians, whose forms are described in the mythology of heretics.A smooth pale hood that deters magic.The hunchbacked teller of ancient tales describes unwanted souls who are unwelcome across the lands, and are eventually drawn into a cold, painted world."
"177","Armor","Helms","Sorcerer Hood","https://darksouls3.wiki.fextralife.com/Sorcerer+Hood","Attire of a sorcerer from the Vinheim Dragon School.A simple hood worn inside the robes.Represents those who have outgrown the academy, abandoning formal headwear and distancing themselves in order to continue their research in solitude."
"178","Armor","Helms","Old Sorcerer Hat","https://darksouls3.wiki.fextralife.com/Old+Sorcerer+Hat","Traditional attire worn by sorcerers of the Vinheim Dragon School.Long ago, sorcerers were said to always dress properly, even while on distant journeys of discovery, even before such journeyes were established curriculum."
"179","Armor","Helms","Court Sorcerer Hood","https://darksouls3.wiki.fextralife.com/Court+Sorcerer+Hood","Hood worn by court sorcerers of the Profaned Capital.This tall, dark headpiece suggests they may have also been oracles.There are many sorcerers who claim to heirship to the great sage ""Big Hat"" Logan, and the Profaned Capital houses on of two leading schools."
"180","Armor","Helms","Karla's Pointed Hat","https://darksouls3.wiki.fextralife.com/Karla's+Pointed+Hat","Hat of the dark witch Karla.A pointed hat is the signature of a heretical sorceress. Karla, however always kept if close."
"181","Armor","Helms","Xanthous Crown","https://darksouls3.wiki.fextralife.com/Xanthous+Crown","Crown made in imitation of a divine creature of Oolacile, land of ancient, golden sorceries. Xanthous clothing is the mark of a researcher of lost sorceries, and the oversized crown is emblematic of their work. Such a curious pursuit is surely nothing to be ashamed of."
"182","Armor","Helms","Sage's Big Hat","https://darksouls3.wiki.fextralife.com/Sage's+Big+Hat","Enormous hat that completely obscures the face. Belonged to the twin gurus known as the Cystal Sages. The Pair are said to be successors to the great sage Logan, and this big hat is a symbol of their pedigree."
"183","Armor","Helms","Pyromancer Crown","https://darksouls3.wiki.fextralife.com/Pyromancer+Crown","Attire of pyromancers of the Great Swamp. Comprised of a leather crown and animal bones.In the Great Swamp, it was thought that adorning oneself with natural fauna would provide protection from the flames of pyromancy."
"184","Armor","Helms","Old Sage's Blindfold","https://darksouls3.wiki.fextralife.com/Old+Sage's+Blindfold","Attire of pyromancers of the Great Swamp, particularly favored by old sages.The large blindfold blocks out unnecessary light, allowing one to observe a pyromancy's true essence.The flame reveals all, and obscures all."
"185","Armor","Helms","Conjurator Hood","https://darksouls3.wiki.fextralife.com/Conjurator+Hood","Attire of traveling conjurators.Conjurators were the predecessors to pyromancers, and spent their lives roaming the lands. No wonder their attire was designed to protect them from fire, poison, and other threats of nature."
"186","Armor","Helms","Cleric Hat","https://darksouls3.wiki.fextralife.com/Cleric+Hat","Hat worn by a cleric turned undead. Typical attire for blue-robed travelers. It is said that they were entrusted with a duty, still its nature is yet to be revealed."
"187","Armor","Helms","Maiden Hood","https://darksouls3.wiki.fextralife.com/Maiden+Hood","White hood worn by traveling maidens. Part of their formal attire, regardless of rank. It is soft and well-made, but ill-suited for use in battle."
"188","Armor","Helms","Evangelist Hat","https://darksouls3.wiki.fextralife.com/Evangelist+Hat","Hat of an evangelist sent from the cathedral. These teachers, all women, came to enlighten the inhabitants of the Undead Settlement and sent carriers on the path of sacrifice."
"189","Armor","Helms","Archdeacon White Crown","https://darksouls3.wiki.fextralife.com/Archdeacon+White+Crown","White crown worn by an Archdeacon of the Cathedral of the Deep.Presented solely to delegates of the gods.Of the three Archdeacons of the Deep, one cast off his white crown and left the cathedral to stand by Aldrich."
"190","Armor","Helms","Aristocrat's Mask","https://darksouls3.wiki.fextralife.com/Aristocrat's+Mask","Mask worn by jailers of Irithyll Dungeon. Noblemen delighted in its plump features.The jailers were among the few survivors inhabiting the Profaned Capital, later serving under Pontiff Sulyvahn. Perhaps the screams emanating from the cells help them forget their old home."
"191","Armor","Helms","Hood of Prayer","https://darksouls3.wiki.fextralife.com/Hood+of+Prayer","Prince Lothric's hood.The prince, destined to be a Lord of Cinder, was cherished by the royal family, despite being born into illness, a frail and shriveled child.His swaddling clothes were made of aged, coarse cloth used in ancient prayer, and are all that he has ever worn."
"192","Armor","Helms","Ragged Mask","https://darksouls3.wiki.fextralife.com/Ragged+Mask","Rag that covers the wearer's mouth.Likely a makeshift item that helped reduce intake of various poisonous and noxious fumes."
"193","Armor","Helms","Worker Hat","https://darksouls3.wiki.fextralife.com/Worker+Hat","Hat worn by inhabitants of the undead Settlement.Official attire for the dissection and burial of undead. Naturally the ceremonial significance of such work is long forgotten,Indeed, no one could continue to entertain such horrors."
"194","Armor","Helms","Grave Warden Hood","https://darksouls3.wiki.fextralife.com/Grave+Warden+Hood","Rotting, tattered hood. Attire of grave wardens at the Cathedral of the Deep. Grave wardens were tasked with disposing of the ever rising corpses that plagued the cathedral. Their clothes are utterly putrid, drenched in the blood and mucilage of their undertaking."
"195","Armor","Helms","Steel Soldier Helm","https://darksouls3.wiki.fextralife.com/Steel+Soldier+Helm","Typical helm for a Lothric soldier. Iorn-made, but half fallen apart. It is never unwise to wear a sturdy form of head protection against arrows and other somatic threats."
"196","Armor","Helms","Thrall Hood","https://darksouls3.wiki.fextralife.com/Thrall+Hood","Hood used to cover the head of lesser folk who were set to work as slaves throughout Lothric. Also occasionally used to shame and humiliate criminals."
"197","Armor","Helms","Pharis's Hat","https://darksouls3.wiki.fextralife.com/Pharis's+Hat","Broad-brimmed leather hat. Traditionally used by master archers, and especially favored by forest-dwelling hunters.The name Pharis is said to have once belonged to a hero, but is now more widely known as a style of hat."
"198","Armor","Helms","Wolnir's Crown","https://darksouls3.wiki.fextralife.com/Wolnir's+Crown","Crown of Wolnir, the Carthus conqueror.Once upon a time, such things were bequeathed judiciously to each of the rightful lords, until Wolnir brought them to their knees, and ground their crowns to dust. Then the crowns became one, and Wolnir, the one High Lord."
"199","Armor","Helms","Symbol of Avarice","https://darksouls3.wiki.fextralife.com/Symbol+of+Avarice","Head of the avaricious creature that mimics treasure chests. Can be worn, if one so wishes. Increases soul absorption from defeated enemies as well as item discovery, but the curse of the branded also drains HP. The very form of this creature is thought to be a form of brand, a punishment for sin."
"200","Armor","Helms","Follower Helm","https://darksouls3.wiki.fextralife.com/Follower+Helm","Helm worn by the Farron Followers. When a warrior of Farron fell to the Abyss, the tall, lean Followers, with their hollowed eyes, quiety appeared in groups to hunt them down. Farron and its Watchers fell to ruin, but the Followers survived as a wandering pack of Hollows."
"201","Armor","Helms","Slave Knight Hood","https://darksouls3.wiki.fextralife.com/Slave+Knight+Hood","A cloth hood issued to slave knights, colored red to vibrantly signify their stature. Long ago, only the Undead served as slave knights, warriors used as fodder in the bleakest of battles. They grew decrepit, their skin charred black and their bones twisted. Eventually they went outright mad, but were never relieved from duty."
"202","Armor","Helms","Vilhelm's Helm","https://darksouls3.wiki.fextralife.com/Vilhelm's+Helm","The black helm of Vilhelm, Knight of Londor, and a nice fit for any lean Hollow. This hollow knight, who served the three sisters who founded the Sable Church, was particularly loyal to the eldest, and was known as a cold-blooded hangman."
"203","Armor","Helms","Millwood Knight Helm","https://darksouls3.wiki.fextralife.com/Millwood+Knight+Helm","Helm worn by knights of Millwood. Adorned with antlers believed to grow from the blessed beast of the Ethereal Oak. When the fabled Millwood forest was discovered it was a vacant ruin. The only thing left was the Ethereal Oak, stood rotting. No corpses were discovered, yet their belongings lay neatly on the ground."
"204","Armor","Helms","Ordained Hood","https://darksouls3.wiki.fextralife.com/Ordained+Hood","Garb of Friede, Sister of the Painted World. A light blue hood sewn with thin fabric. After renouncing everything, Friede discovered a people that she wished to protect, and assumed the precise form that they yearned for."
"205","Armor","Helms","Lapp's Helm","https://darksouls3.wiki.fextralife.com/Lapp's+Helm","Steel helm of the amensiac Lapp. This plate-armor helm, that covers the head cleanly without even slight gaps, provides heavy defense. Quite fit to conceal a hollowed body, and indeed, one's very identity."
"206","Armor","Helms","Ruin Helm","https://darksouls3.wiki.fextralife.com/Ruin+Helm","Helm of the company of knights who were sent to the Ringed City on an old king's orders. The knights sought the dark soul, but were so soundly crushed, they had little choice but to swear themselves to the Judicator Giant. The ill-fated company was later immortalized in a dark fable, inspiring the aspect of certain golems in whom their name lived on."
"207","Armor","Helms","Ringed Knight Hood","https://darksouls3.wiki.fextralife.com/Ringed+Knight+Hood","The hood of the Ringed Knights. These knights don Abyss-tainted black cloth, with layer upon layer hiding their eyes. This was nothing less than an attempt to reveal that which the seal of fire has occluded, a subtle defiance of the gods' wishes."
"208","Armor","Helms","Iron Dragonslayer Helm","https://darksouls3.wiki.fextralife.com/Iron+Dragonslayer+Helm","Stark melted iron helm of the ancient Dragonslayer Armour. The Armour, defeated by the Champion of Ash in Lothric, was left ages to rust, until it slipped into an abyssal swamp, where it was possessed once again by the memory of the hunt."
"209","Armor","Helms","Black Witch Hat","https://darksouls3.wiki.fextralife.com/Black+Witch+Hat","The purple hat of the witch Zullie, who intended to seduce Alva the Wayfarer, but eventually became his closest supporter, spending her entire life with him. The pointed hat is a symbol of heretical magical crafts, and Zullie wore hers with an unspoken, but deep sense of pride."
"210","Armor","Helms","Black Witch Veil","https://darksouls3.wiki.fextralife.com/Black+Witch+Veil","The purple veil of the witch Zullie, who intended to seduce Alva the Wayfarer, but eventually became his closest supporter, spending her entire life with him. Zullie's veil was for travel, and to hide her affiliation with the misunderstood craft of witches."
"211","Armor","Helms","Desert Pyromancer Hood","https://darksouls3.wiki.fextralife.com/Desert+Pyromancer+Hood","Garb of the desert pyromancers, who once walked the halls of the Earthen Peak. It is said that the thin, burgundy cloth breathes with magic. Desert pyromancers, most of them female, were known for their great fans of flame, and enchanting looks. But what is enchanting can also be deadly, especially when clothed in such alluring garb"
"212","Armor","Helms","Shira's Crown","https://darksouls3.wiki.fextralife.com/Shira's+Crown","Crown of Shira, knight in service to Filianore. Finely crafted with silver and fashioned with a pearl from a Man Eater Shell. Shira delivered the crucified mad king to the darkroom, where she stayed, in her formal wear, even though none would see her."
"213","Armor","Helms","White Preacher Head","https://darksouls3.wiki.fextralife.com/White+Preacher+Head","An empty head of a white-faced locust that rose from an abyssal swamp. The white-faced locusts were meant to beckon men to the dark with sermons, but most of them are unable to think past their own stomachs. Someone must rise to the occasion, and restore the path of righteousness. Perhaps that someone is you? Did you not arise from the Abyss, and did you not resist drowning in the Age of Fire? Locusts and men are kindred spirits."
"214","Armor","Chests","Hard Leather Armor","https://darksouls3.wiki.fextralife.com/Hard+Leather+Armor","Armor made of thick, layered leather. Used by warriors of old, but one can still expect sound defense."
"215","Armor","Chests","Brigand Armor","https://darksouls3.wiki.fextralife.com/Brigand+Armor","Leather armor from a foreign land. Probably belonged to a brigand who met his match. In foreign lands, undead were banished to send a message to populace, and when the message was not heard, they banished the living, too."
"216","Armor","Chests","Mirrah Vest","https://darksouls3.wiki.fextralife.com/Mirrah+Vest","Garb worn by Mirrah Knights sent on journeys. This hard leather vest is bestowed only upon proven knights. Knights travel afar to fulfill their sacred duties, but few are ever able to deliver on their vows."
"217","Armor","Chests","Chain Armor","https://darksouls3.wiki.fextralife.com/Chain+Armor","Chainmail armor of thin interlinking rings of steel. Popular due to its ease of crafting, respectable damage absorption, and light weight. Knights may favor imposing armor, but for warriors on the battlefield, that which keeps them alive is armor enough."
"218","Armor","Chests","Northern Armor","https://darksouls3.wiki.fextralife.com/Northern+Armor","Iron armor of a stalwart northern warrior. Supported by interwoven chainmail. Iron defensive wear grants superior absorption. Being from the north, it should also offer resistance to the cold."
"219","Armor","Chests","Mirrah Chain Mail","https://darksouls3.wiki.fextralife.com/Mirrah+Chain+Mail","Formal attire of the honorable knights of Mirrah, featuring their heraldry, a stag set against a blue field.Oddly, it was a dishonorable deserter who wore this attire most religiously."
"220","Armor","Chests","Armor of the Sun","https://darksouls3.wiki.fextralife.com/Armor+of+the+Sun","Chainmail armor and white coat featuring a large rendition of the holy symbol of the sun. The choice attire of a singular Knight of Sunlight from a previous age. The symbol was painted by the knight himself, but the armor never bore any special power, sacred or otherwise."""
"221","Armor","Chests","Sellsword Armor","https://darksouls3.wiki.fextralife.com/Sellsword+Armor","Metal armor interwoven with coarse cloth. Able to endure the hardships of battle and prolonged travel. It is light considering the build, striking a fine balance between absorption and substance."
"222","Armor","Chests","Drang Armor","https://darksouls3.wiki.fextralife.com/Drang+Armor","Armor of the Drang Knights, proclaimed descendants from the land known for the legend of the Linking of the Fire. Fine protection that is both light and strong, having been reinforced with rare geisteel. The Drang Knights were once feared sellswords, until treason meant descending into the abyss, and they were separated forever."
"223","Armor","Chests","Undead Legion Armor","https://darksouls3.wiki.fextralife.com/Undead+Legion+Armor","Attire of the Abyss Watchers, the Undead Legion of Farron. A black-dyed leather vest worn over chainmail. These undead warriors vowed to partake of wolf blood. They acted in the dark, seeking out any sign of the Abyss, fighting with a constant war with its abominations."
"224","Armor","Chests","Herald Armor","https://darksouls3.wiki.fextralife.com/Herald+Armor","Steel Armor with a pure white cape, the signature of Heralds of the Way of White.Protection made of steel has excellent physical absorption, but is found lacking against blunt strikes and lightning damage."""
"225","Armor","Chests","Knight Armor","https://darksouls3.wiki.fextralife.com/Knight+Armor","Armor of a lowly knight, fashioned from solid iron. This iron armor might be on the heftier side compared to others of their ilk, but as such offer great physical absorption in exchange for its/their imposing weight. Do not think to wear it without the necessary Vitality."
"226","Armor","Chests","Nameless Knight Armor","https://darksouls3.wiki.fextralife.com/Nameless+Knight+Armor","Armor of a nameless knight. Crafted with thin metal greatly reinforced by a grooved finish."
"227","Armor","Chests","Fallen Knight Armor","https://darksouls3.wiki.fextralife.com/Fallen+Knight+Armor","Armor of an order of fallen knights who disbanded and fled, but met untimely deaths.The drab, tattered cloth conceals tough, black metal which provides dependable protection from fire. It is just possible to make out the majestic gold engravings on its surface."
"228","Armor","Chests","Elite Knight Armor","https://darksouls3.wiki.fextralife.com/Elite+Knight+Armor","Armor said to have been given to elite knights of fallen Astora.The mere mention of Astora invoked wistful pangs, and perhaps it was such a dream that drew Anri to this faraway home known only by name."
"229","Armor","Chests","Alva Armor","https://darksouls3.wiki.fextralife.com/Alva+Armor","Protection of Alva, seeker of the spurned. This steel body armor was trimmed to reduce weight.To this day, troubadours sing of tales of the Wandering knight Alva and his travels, and of his involvement with the saint and the witch. Needless to say, the songs traditionally end in tragedy."
"230","Armor","Chests","Drakeblood Armor","https://darksouls3.wiki.fextralife.com/Drakeblood+Armor","Armor of the Drakeblood Knights, worshippers of the blood of dragons. The red cloth is said to symbolize their yearning for blood.Dragon worship has captured the hearts and minds of warriors across the lands for many ages. Perhaps such warriors are attracted to doctrines of few words."
"231","Armor","Chests","Faraam Armor","https://darksouls3.wiki.fextralife.com/Faraam+Armor","Armor named after a god of war.The armor of the Forossa Lion Knights was preserved even after the destruction of their homeland, and is mentioned in numerous legends, alongside the names of those who are said to have gone beyond death."
"232","Armor","Chests","Sunset Armor","https://darksouls3.wiki.fextralife.com/Sunset+Armor","Armor of Hodrick, holy knight of the Sunless Realms.This light gold armor, named for its sunset hues, is now faded and wrapped in tainted rags.The sorry fool was known to wander the battlefield as a crazed ghoul, lashing out at friend and foe alike."
"233","Armor","Chests","Sunless Armor","https://darksouls3.wiki.fextralife.com/Sunless+Armor","Attire of a knight from the Sunless Realms, known for their resistance to both magic and the dark.Metal plating and chainmail, treated with silver.Sunless Knights serve the nameless moon, and perhaps it is for this reason the attire casts a feminine silhouette."
"234","Armor","Chests","Brass Armor","https://darksouls3.wiki.fextralife.com/Brass+Armor","Armor of a knight once known as the Darkmoon. It is said that this brass armor hides something hideous within. Something about its silhouette suggests femininity."
"235","Armor","Chests","Embraced Armor of Favor","https://darksouls3.wiki.fextralife.com/Embraced+Armor+of+Favor","Armor of the pitiable Embraced Knight.Depicts the affection of goddess Fina. The face is crafted to depict the goddess's embrace, quite ignoring the fact that her love is in fact as fickle as the weather."
"236","Armor","Chests","Eastern Armor","https://darksouls3.wiki.fextralife.com/Eastern+Armor","Distinctive armor made in an Eastern land.The exquisite craftmanship and artistic design made these prized pieces in the collection of any nobleman.Offers excellent damage absorption, particularly from slashing katanas, which are commonly encountered threats in battles fought in the East."
"237","Armor","Chests","Armor of Thorns","https://darksouls3.wiki.fextralife.com/Armor+of+Thorns","Armor of Kirk, the notorious knight of Thorns.A dense patch of thorns grows form its surface.A fitting item for the murderous Kirk, for even the simple act of rolling can damage enemies when wearing this attire."
"238","Armor","Chests","Catarina Armor","https://darksouls3.wiki.fextralife.com/Catarina+Armor","Distinctively shaped armor worn by the Knights of Catarina. Often ridiculed for its onion-like shape, infuriating the country's proud knights, but the masterfully forged curved design makes it very effective for deflective blows."
"239","Armor","Chests","Morne's Armor","https://darksouls3.wiki.fextralife.com/Morne's+Armor","Black armor bestowed upon knights of Carim. Modeled on Morne, the Archbishop's apostle, cast from a unique material resembling stone. A Carim knight will dedicate an entire career to attending a single maiden, just as Morne served one goddess alone."
"240","Armor","Chests","Lothric Knight Armor","https://darksouls3.wiki.fextralife.com/Lothric+Knight+Armor","Armor of a celebrated Lothric knight. A strong steel armor, if a little worn. The Knight has served as one of the Three Pillars since ancient times, and shares place alongside the wyverns as a symbol of Lothric. Only those possessing a knight's resolve are fit to wear this garment."
"241","Armor","Chests","Cathedral Knight Armor","https://darksouls3.wiki.fextralife.com/Cathedral+Knight+Armor","Massive iron armor worn by knights serving the Cathedral of the Deep.Repulsive creatures of the deep are sure to attract the foolish, but the cathedral knights are prepared to meet such intruders head on with their more than ample might."
"242","Armor","Chests","Winged Knight Armor","https://darksouls3.wiki.fextralife.com/Winged+Knight+Armor","Armor of the Winged Knights, who swore themselves to the Angels. Worship of the divine messengers was viewed as heresy in Lothric and unrecognized by any of the Three Pillars of rule. This is believed to be why Gertrude, the Heavenly Daughter, was imprisoned in the lofty cell of the Grand Archives."
"243","Armor","Chests","Outrider Knight Armor","https://darksouls3.wiki.fextralife.com/Outrider+Knight+Armor","Armor of an Irithyll outrider knight. Enveloped in a dimly cool air. The knights were given the eyes of the Pontiff, but the eyes transformed them into savage, raving warriors who only knew how to serve as mindless guards."
"244","Armor","Chests","Pontiff Knight Armor","https://darksouls3.wiki.fextralife.com/Pontiff+Knight+Armor","Armor of the Pontiff's Knights, now harrowed spirits of Irithyll.This blue-gray armor, shrouded in a thinly cold air, is light and brittle."
"245","Armor","Chests","Fire Witch Armor","https://darksouls3.wiki.fextralife.com/Fire+Witch+Armor","Armor of witches who bore the Profaned Flame, now harrowed spirits of Irithyll.The witches who lead the Pontiff's Knights were originally ordained as holy knights. It was not long however, before their hearts were swallowed by the Profaned Flame."
"246","Armor","Chests","Dancer's Armor","https://darksouls3.wiki.fextralife.com/Dancer's+Armor","Armor worn by the Dancer of the Boreal Valley. The black eyes of the Pontiff eventually transformed the Dancer into a beastly creature, her gauntlets fusing with her own hide."
"247","Armor","Chests","Dark Armor","https://darksouls3.wiki.fextralife.com/Dark+Armor","Armor of the Darkwraiths, relics of a small country that fell to the dark long ago.Looks as if it may crumble to dust at any moment. The Darkwraiths were the oldest of the Red Eye Invaders, and rumored to have served a Primordial Serpent."
"248","Armor","Chests","Black Knight Armor","https://darksouls3.wiki.fextralife.com/Black+Knight+Armor","Armor of the Black Knights who roam the lands. The knights served the First Lord Gwyn, and followed him into the flame upon its linking. They became ash, but still wander the realms to this day."
"249","Armor","Chests","Silver Knight Armor","https://darksouls3.wiki.fextralife.com/Silver+Knight+Armor","Armor of the Silver Knights allegiant to the royals of old. It is said that even after the family's passing, the knights continued to watch over their manor, and the ruined cathedral."
"250","Armor","Chests","Dragonslayer Armor","https://darksouls3.wiki.fextralife.com/Dragonslayer+Armor","Golden lion armor associated with Dragonslayer Ornstein, from the age of gods, and imbued with the strength of lightning.In the dragonless age, this knight, who long guarded the ruined cathedral, left the land in search of the nameless king."
"251","Armor","Chests","Wolf Knight Armor","https://darksouls3.wiki.fextralife.com/Wolf+Knight+Armor","Armor of a knight tainted by the dark of the Abyss. The twilight blue tassel is damp, and will ever remain so. A vanquished knight left behind only wolf's blood, and legacy of duty. The Undead Legion of Farron was formed to bear his torch, and the armor of these Abyss Watchers suggests their own eventual end."
"252","Armor","Chests","Smough's Armor","https://darksouls3.wiki.fextralife.com/Smough's+Armor","Grotesque armor associated with Smough, the last knight to stand in defense of the ruined cathedral. Boasts extremely high defense and can be donned by humans, but not without great difficulty."""
"253","Armor","Chests","Lorian's Armor","https://darksouls3.wiki.fextralife.com/Lorian's+Armor","Armor of Prince Lothric's older brother Lorian. This black-dyed brass armow was passed down to him from the royal family. Lorian, raised as a knight, is said to have been left mute and crippled by his younger brother's curse. It is also said that Lorian, in fact, wished it so."
"254","Armor","Chests","Dragonscale Armor","https://darksouls3.wiki.fextralife.com/Dragonscale+Armor","Dragonscale armor of a nameless king who was ally to the ancient dragons. Dragon scales are razor-sharp and cannot be burned."
"255","Armor","Chests","Firelink Armor","https://darksouls3.wiki.fextralife.com/Firelink+Armor","Armor of the Soul of Cinder, a deific manifestation of the Lords of Cinder, who linked the First Flame.It resembles a knight's armor, but bears hideous burns and contortions, taking the shape of a deathly ribcage.It exists as a symbol of the great Lords and the noble act of linking the fire, though it is no more than an empty husk."
"256","Armor","Chests","Black Iron Armor","https://darksouls3.wiki.fextralife.com/Black+Iron+Armor","Chest Piece made of black iron, from the set of armor for which Knightslayer Tsorig was infamously known.Offers extensive and particularly effective protection from fire."
"257","Armor","Chests","Executioner Armor","https://darksouls3.wiki.fextralife.com/Executioner+Armor","Steel armor of Horace the Hushed, who took a liking to its cold, bulky insides.The original owner was said to be a corrupt executioner, who was killed and stripped of his armor.Horace is one of only two children to escape Aldrich's clutches."
"258","Armor","Chests","Exile Armor","https://darksouls3.wiki.fextralife.com/Exile+Armor","Armor of the watchdogs of Farron's Keep. After the Legion's Watchers became Lords of Cinder, the wolf blood dried up, and Farron was consumed by a festering wood. Within the wood, an emaciated old wolf commands watchdogs to defend the sanctity of sleeping warriors. Both the exiles were surely watchdogs themselves, for Farron has always been a land of itinerants."
"259","Armor","Chests","Gundyr's Armor","https://darksouls3.wiki.fextralife.com/Gundyr's+Armor","Ancient chest piece of a set of cast iron armor, belonging to Champion Gundyr. Modeled after a former king. Gundyr, or the Belated Champion, was bested by an unknown warrior. He then became sheath to a coiled sword in the hopes that someday, the first flame would be linked once more."
"260","Armor","Chests","Havel's Armor","https://darksouls3.wiki.fextralife.com/Havel's+Amor","Armor as if hewn from a giant boulder, Highly protective, but excessively heavy. The warriors who followed Havel the Rock never flinched, nor retreated from battle, crushing any foe that stood in their way."
"261","Armor","Chests","Assassin Armor","https://darksouls3.wiki.fextralife.com/Assassin+Armor","Soft leather armor worn by assassins who lurk in the shadows.The thick leather offers reasonable absorption without creating any undesired noise. A well-crafted piece of protection.Critical spots are reinforced with metal."
"262","Armor","Chests","Black Hand Armor","https://darksouls3.wiki.fextralife.com/Black+Hand+Armor","Attire of hunters known as the King's Black Hands. A black cape covers leather armor, shrouding the wearer in darkness. Black Hand was the title established to honor hunters who served successive generations of kings. To date, no more than three such individuals have borne this distinction."""
"263","Armor","Chests","Black Leather Armor","https://darksouls3.wiki.fextralife.com/Black+Leather+Armor","Black dyed leather armor. Enables its wearer to hide in the shadows with silent finesse. The wearer of this fine attire was admired by friends and enemies alike, for his skills were unmatched, and his heart was true as gold. As its new owner, you have quite the shoes to fill."
"264","Armor","Chests","Shadow Garb","https://darksouls3.wiki.fextralife.com/Shadow+Garb","Black cloth garb worn by spooks from an Eastern land. Sacrfices defense for greater mobility. The late King Oceiros was obsessed by dragons, to the extent that he would later be known as the Consumed King. Countless assassins were sent to end his reign, but none returned."
"265","Armor","Chests","Leonhard's Garb","https://darksouls3.wiki.fextralife.com/Leonhard's+Garb","Garb of Ringfinger Leonhard. Leonhard was born into royalty, which is believed to be the reason for his skill in both sorcery and swordsmanship.Indeed this dingy garb is in fact embroidered with gold thread, betraying its purpose as military wear designed for a noble."""
"266","Armor","Chests","Pale Shade Robe","https://darksouls3.wiki.fextralife.com/Pale+Shade+Robe","Attire worn by those who kill in the name of the Sable Church of Londor.The Pale Shades of the Sable Church are all undying Hollows, giving rise to much fear and contempt. Their fight is one of neither honor nor exaltation, yielding nothing but withered moans."
"267","Armor","Chests","Black Dress","https://darksouls3.wiki.fextralife.com/Black+Dress","Attire of the three mentors of the Sable Church of Londor, this pitch-black dress resembles a mourning dress. These maidens of a Primordial Serpent were renowned as founders of the Sable Church, which offered salvation for Hollows."
"268","Armor","Chests","Painting Guardian Gown","https://darksouls3.wiki.fextralife.com/Painting+Guardian+Gown","Attire of the Painting Guardians, whose forms are described in the mythology of heretics. A smooth pale hood that deters magic. The hunchbacked teller of ancient tales describes unwanted souls who are unwelcome across the lands, and are eventually drawn into a cold, painted world."
"269","Armor","Chests","Sorcerer Robe","https://darksouls3.wiki.fextralife.com/Sorcerer+Robe","Attire of a sorcerer from the Vinheim Dragon School. Long, ash-colored robes.Underneath is a deep blue sorcerer's coat; conventional uniform of the academy."
"270","Armor","Chests","Clandestine Coat","https://darksouls3.wiki.fextralife.com/Clandestine+Coat","Traditional coat of the Vinheim Dragon School.Normally a deep blue color, this black variation is a sign of a sorcerer engaged in surreptitious work. These were covert agents who excelled at manipulating sound."
"271","Armor","Chests","Old Sorcerer Coat","https://darksouls3.wiki.fextralife.com/Old+Sorcerer+Coat","Traditional attire worn by sorcerers of the Vinheim Dragon School.Long ago, sorcerers were said to always dress properly, even while on distant journeys of discovery, even before such journeys were established curriculum."
"272","Armor","Chests","Court Sorcerer Robe","https://darksouls3.wiki.fextralife.com/Court+Sorcerer+Robe","Robe worn by court sorcerers of the Profaned Capital.The formal gold stitching suggests they may have also been oracles.There are many sorcerers who claim heirship to the great sage ""Big Hat"" Logan, and the Profaned Capital houses one of two leading schools."
"273","Armor","Chests","Karla's Coat","https://darksouls3.wiki.fextralife.com/Karla's+Coat","Coat of the dark witch Karla.This stained coat is torn and odorous, telling of a long journey and even longer imprisonment. It would be madness to wear such a thing."
"274","Armor","Chests","Antiquated Dress","https://darksouls3.wiki.fextralife.com/Antiquated+Dress","Dress sewn in a long-lost fashion.The elaborately embroidered, ivory-colored silk is imbued with ancient magic power.No protection is offered by this garnent, as it was never intended for battle."
"275","Armor","Chests","Xanthous Overcoat","https://darksouls3.wiki.fextralife.com/Xanthous+Overcoat","Yellowish overcoat covering a band of brass medallions. Xanthous clothing is the mark of a researcher of lost sorceries, and the number of medallions denotes their success. A point of pride for the researchers, even if its signficance is lost on others."
"276","Armor","Chests","Scholar's Robe","https://darksouls3.wiki.fextralife.com/Scholar's+Robe","Robe of a sage from the Grand Archives, stained quite delibrately with wax.The scholards of the Grand Archives, sorcerers by craft, tend to their candles with a reverance that exceeds the simple burden of labor. They know dangers of the Archives' store of knowledge all too well."
"277","Armor","Chests","Pyromancer Garb","https://darksouls3.wiki.fextralife.com/Pyromancer+Garb","Attire of pyromancers of the Great Swamp. Comprised of bronze ornamentation and animal pelt.In the Great Swamp, bronze was used ritualistically to ward off evil spirits and keep darkness at bay."
"278","Armor","Chests","Cornyx's Garb","https://darksouls3.wiki.fextralife.com/Cornyx's+Garb","Attire of Cornyxk, pyromancer of the Great Swamp.In the Great Swamp, it was customary to adorn oneself with articles of nature. Cornyx favored the use of raven feathers.Ravens are said to have once been Firelink messengers, guiding the undead to the land of ancient gods."
"279","Armor","Chests","Conjurator Robe","https://darksouls3.wiki.fextralife.com/Conjurator+Robe","Attire of travelling conjurators.Conjurators were the predecessors to pyromancers, and spent their lives romaing the lands. No wonder their attire was designed to protect them from fire, poison, and other threats of nature."
"280","Armor","Chests","Cleric Blue Robe","https://darksouls3.wiki.fextralife.com/Cleric+Blue+Robe","Garb worn by a cleric turned undead. Unmistakable vibrant blue robes.It is said that the blue-robed travelers were entrusted with a duty. They bore large covers on their backs to ensure that they would not become seedbeds for spreading darkness."
"281","Armor","Chests","Maiden Robe","https://darksouls3.wiki.fextralife.com/Maiden+Robe","White robe worn by traveling maidens. Part of their formal attire, regardless of rank.It is soft and well-made, but ill-suited for use in battle."
"282","Armor","Chests","Evangelist Robe","https://darksouls3.wiki.fextralife.com/Evangelist+Robe","Robe of an evangelist sent from the cathedral. These teachers, all women, came to enlighten inhabitants of the Undead Settlement and sent carriers on the path of sacrifice."
"283","Armor","Chests","Deacon Robe","https://darksouls3.wiki.fextralife.com/Deacon+Robe","Robe worn by deacons of the Cathedral of the Deep, worn on the inside of the deep red robe. In time, those dedicated to sealing away the horrors of the Deep succumbed to their very power. It seems that neither tending to the flame, nor the faith, could save them."
"284","Armor","Chests","Archdeacon Holy Garb","https://darksouls3.wiki.fextralife.com/Archdeacon+Holy+Garb","Holy Garb worn by an Archdeacon of the Cathedral of the Deep. A sign of the Way of White's highest rank. Of the three Archdeacons of the Deep, one stood over Aldrich's casket, with hope that he would return one day."
"285","Armor","Chests","Jailer Robe","https://darksouls3.wiki.fextralife.com/Jailer+Robe","Robe worn by jailers of Irithyll Dungeon. Originall ritualistic formal wear.The jailers were among the few survivors inhabiting the Profaned Capital, later serving under Pontiff Sulyvahn. Perhaps the screams emanating from the cells help them forget their old home."
"286","Armor","Chests","Robe of Prayer","https://darksouls3.wiki.fextralife.com/Robe+of+Prayer","Prince Lothric's robe. The prince, destined to be a Lord of Cinder, was cherished by the royal family, despite being born into illness, a frail and shriveled child. His swaddling clothes were made of aged, coarse cloth used in ancient prayer, and are all that he has ever worn."
"287","Armor","Chests","Fire Keeper Robe","https://darksouls3.wiki.fextralife.com/Fire+Keeper+Robe","Robe worn by the guardian of the shrine. The Fire Keepers were robbed of light, to better serve as vessels for souls. Only those who cherish the writhing, searing darkness were given the keeper's black attire."
"288","Armor","Chests","Master's Attire","https://darksouls3.wiki.fextralife.com/Master's+Attire","A terribly worn shirt. Men are fond of weaving tales to explain the raggedness of their garb. ""My sixth sense warned me of danger, and I danced between flurries of blades, unscathed, but alas, my clothes went to tatters."""
"289","Armor","Chests","Worker Garb","https://darksouls3.wiki.fextralife.com/Worker+Garb","Garb worn by inhabitants of the Undead Settlement.Official attire for the dissection and burial of undead. Naturally the ceremonial significance of such work is long forgotten,Indeed, no one could continue to entertain such horrors."
"290","Armor","Chests","Grave Warden Robe","https://darksouls3.wiki.fextralife.com/Grave+Warden+Robe","Rotting, tattered robe. Attire of grave wardens at the Cathedral of the Deep.Grave wardens were tasked with disposing of the ever rising corpses that plagued the cathedral. Their clothes are utterly putrid, drenched in the blood and mucilage of their undertaking."
"291","Armor","Chests","Deserter Armor","https://darksouls3.wiki.fextralife.com/Deserter+Armor","Common soldier's armor. It's insignia is worn beyond recognition.This musty, rusted hunk of metal befits one reduced to thievery."
"292","Armor","Chests","Leather Armor","https://darksouls3.wiki.fextralife.com/Leather+Armor","Armor made of smooth leather. Even lighter and more flexible than most leather armors."
"293","Armor","Chests","Follower Armor","https://darksouls3.wiki.fextralife.com/Follower+Armor","Armor worn by the Farron Followers. When a warrior of Farron fell to the Abyss, the tall, lean Followers, with their hollowed eyes, quiety appeared in groups to hunt them down. Farron and its Watchers fell to ruin, but the Followers survived as a wandering pack of Hollows."
"294","Armor","Chests","Slave Knight Armor","https://darksouls3.wiki.fextralife.com/Slave+Knight+Armor","Armor Issued to slave knights. The fine craftsmanship made this a symbol of honor. Long ago, only the Undead served as slave knights, warriors used as fodder in the bleakest of battles. They grew decrepit, their skin charred black and their bones twisted. Eventually they went outright mad, but were never relieved from duty."
"295","Armor","Chests","Vilhelm's Armor","https://darksouls3.wiki.fextralife.com/Vilhelm's+Armor","The black armor of Vilhelm, Knight of Londor, and a nice fit for any lean Hollow. This hollow knight, who served the three sisters who founded the Sable Church, was particularly loyal to the eldest, and was known as a cold-blooded hangman."
"296","Armor","Chests","Millwood Knight Armor","https://darksouls3.wiki.fextralife.com/Millwood+Knight+Armor","Armor worn by knights of Millwood. The charbronze breastplate and the thick black cape are adorned with the symbol of the Ethereal Oak. When the fabled Millwood forest was discovered it was a vacant ruin. The only thing left was the Ethereal Oak, stood rotting. No corpses were discovered, yet their belongings lay neatly on the ground."
"297","Armor","Chests","Ordained Dress","https://darksouls3.wiki.fextralife.com/Ordained+Dress","Garb of Friede, Sister of the Painted World. A light blue dress sewn with thin fabric. After renouncing everything, Friede discovered a people that she wished to protect, and assumed the precise form that they yearned for."
"298","Armor","Chests","Shira's Armor","https://darksouls3.wiki.fextralife.com/Shira's+Armor","Armor of Shira, knight in service to Filianore. A rare women's piece from ancient times. With a spun gold shawl draped over the silver breastplate and a green woven skirt, this armor offers a subdued yet refined elegance, apropos to both a handmaiden of the Princess and one whose veins coarse with royal blood."
"299","Armor","Chests","Lapp's Armor","https://darksouls3.wiki.fextralife.com/Lapp's+Armor","Steel armor of the amnesiac Lapp. This plate-armor body, that covers the torso cleanly without even slight gaps, provides heavy defense. Quite fit to conceal a hollowed body, and indeed one's very identity."
"300","Armor","Chests","Harald Legion Armor","https://darksouls3.wiki.fextralife.com/Harald+Legion+Armor","Armor worn by the Harald Legion, who sought the dark soul. The armor sank into the dark with the legion, where their cavities bloated in grotesque displays, never again to fit any ordinarily-shaped body."
"301","Armor","Chests","Ruin Armor","https://darksouls3.wiki.fextralife.com/Ruin+Armor","Armor of the company of knights who were sent to the Ringed City on an old king's orders. The knights sought the dark soul, but were so soundly crushed, they had little choice but to swear themselves to the Judicator Giant. The ill-fated company was later immortalized in a dark fable, inspiring the aspect of certain golems in whom their name lived on."
"302","Armor","Chests","Ringed Knight Armor","https://darksouls3.wiki.fextralife.com/Ringed+Knight+Armor","Malformed black armor of the Ringed Knights. The armor of early men was forged in the Abyss, and betrays a smidgen of life. For this reason the gods cast a seal of fire upon such armor, and those who possessed them."
"303","Armor","Chests","Iron Dragonslayer Armor","https://darksouls3.wiki.fextralife.com/Iron+Dragonslayer+Armor","Stark melted iron body armor of the ancient Dragonslayer Armour. The Armour, defeated by the Champion of Ash in Lothric, was left ages to rust, until it slipped into an abyssal swamp, where it was possessed once again by the memory of the hunt."
"304","Armor","Chests","Antiquated Plain Garb","https://darksouls3.wiki.fextralife.com/Antiquated+Plain+Garb","Ordinary garb from an ancient land of sorcery. The gold embellishments betray a faint residue of magic, but this clothing was never intended for battle. When a mission visited the Ringed City long ago, one of its younger missionaries elected to stay behind. It was he who became the last recorded Spear of the Church."
"305","Armor","Chests","Black Witch Garb","https://darksouls3.wiki.fextralife.com/Black+Witch+Garb","The purple garb of the witch Zullie, who inteded to seduce Alva the Wayfarer, but eventually became his closest supporter, spending her entire life with him. It is said that Zullie the witch, who was never loved, nor loved another, experienced all manner of misfortune, and yet in the end, found her purpose in life."
"306","Armor","Chests","Desert Pyromancer Garb","https://darksouls3.wiki.fextralife.com/Desert+Pyromancer+Garb","Garb of the desert pyromancers, who once walked the halls of the Earthen Peak. It is said that the thin burgundy cloth breathes with magic. Desert pyromancers, most of them female, were known for their great fans of flame, and enchanting looks. But what is enchanting can also be deadly, especially when clothed in such alluring garb."
"307","Armor","Gauntlets","Hard Leather Gauntlets","https://darksouls3.wiki.fextralife.com/Hard+Leather+Gauntlets","Gauntlets made of thick leather. Used by warriors of old, but one can still expect sound defense."
"308","Armor","Gauntlets","Brigand Gauntlets","https://darksouls3.wiki.fextralife.com/Brigand+Gauntlets","Gauntlets from a foreign land. Probably belonged to a brigand who met his match. In foreign lands, undead were banished to send a message to populace, and when the message was not heard, they banished the living, too."
"309","Armor","Gauntlets","Mirrah Gloves","https://darksouls3.wiki.fextralife.com/Mirrah+Gloves","Garb worn by Mirrah Knights sent on journeys. These soft deerskin gloves are bestowed only upon proven knights.Knights travel afar to fulfill their sacred duties, but few are ever able to deliver on their vows."
"310","Armor","Gauntlets","Leather Gauntlets","https://darksouls3.wiki.fextralife.com/Leather+Gauntlets","Gloves made of soft leather. A common form of protection."
"311","Armor","Gauntlets","Northern Gloves","https://darksouls3.wiki.fextralife.com/Northern+Gloves","Iron armor of a stalwart northern warrior. Made of thick leather. In addition to their protection from blunt strikes, they excel at retaining heat, providing good resistance to the cold."
"312","Armor","Gauntlets","Mirrah Chain Gloves","https://darksouls3.wiki.fextralife.com/Mirrah+Chain+Gloves","Formal attire of the honorable knights of Mirrah.Oddly, it was a dishonorable deserter who wore this attire most religiously."
"313","Armor","Gauntlets","Iron Bracelets","https://darksouls3.wiki.fextralife.com/Iron+Bracelets","Durable iron bracelets protecting the wearer's wrists. Said to be the bracelets of a Knight of Sunlight from a previous age.Has no particular powers, but are of fine quality, and evidently well taken care of."
"314","Armor","Gauntlets","Sellsword Gauntlet","https://darksouls3.wiki.fextralife.com/Sellsword+Gauntlet","Metal gauntlets interwoven with coarse cloth. Able to endure the hardships of battle and prolonged travel. Frequent shield users lighten the load by wearing a gauntlet on only one arm."
"315","Armor","Gauntlets","Drang Gauntlets","https://darksouls3.wiki.fextralife.com/Drang+Gauntlets","Gauntlets of the Drang Knights, proclaimed descendants from the land known for the legend of the Linking of the Fire. Fine protection that is both light and strong, having been reinforced with rare geisteel. The Drang Knights were once feared sellswords, until treason meant descending into the abyss, and they were separated forever."
"316","Armor","Gauntlets","Undead Legion Gauntlet","https://darksouls3.wiki.fextralife.com/Undead+Legion+Gauntlet","Attire of the Abyss Watchers, the Undead Legion of Farron. Black-dyed leather tied around the arms, with only the left fitted with a gauntlet. These undead warriors vowed to partake of wolf blood. They acted in the dark, seeking out any sign of the Abyss, fighting with a constant war with its abominations."
"317","Armor","Gauntlets","Herald Gloves","https://darksouls3.wiki.fextralife.com/Herald+Gloves","Leather gloves said to be worn by Heralds of the way of White, who deliver commandments of duty. Fairly plain, but made to last on long journeys."
"318","Armor","Gauntlets","Knight Gauntlets","https://darksouls3.wiki.fextralife.com/Knight+Gauntlets","Gauntlets of a lowly knight, fashioned from solid iron. These iron gauntlets might be on the heftier side compared to others of their ilk, but as such offer great physical absorption in exchange for its/their imposing weight. Do not think to wear it without the necessary Vitality."
"319","Armor","Gauntlets","Nameless Knight Gauntlets","https://darksouls3.wiki.fextralife.com/Nameless+Knight+Gauntlets","Gauntlets of a nameless knight. Crafted with thin metal greatly reinforced by a grooved finish."
"320","Armor","Gauntlets","Fallen Knight Gauntlets","https://darksouls3.wiki.fextralife.com/Fallen+Knight+Gauntlets","Gauntlets of an order of fallen knights who disbanded and fled, but met untimely deaths.The drab, tattered cloth conceals tough, black metal which provides dependable protection from fire. It is just possible to make out the majestic gold engravings on its surface."""
"321","Armor","Gauntlets","Elite Knight Gauntlets","https://darksouls3.wiki.fextralife.com/Elite+Knight+Gauntlets","Gauntlets said to have been given to elite knights of fallen Astora. The mere mention of Astora invoked wistful pangs, and perhaps it was such a dream that drew Anri to this faraway home known only by name."
"322","Armor","Gauntlets","Alva Gauntlets","https://darksouls3.wiki.fextralife.com/Alva+Gauntlets","Protection of Alva, seeker of the spurned. These steel gauntlets trimmed to reduce weight.To this day, troubadours sing of tales of the wandering knight Alva, and his travels, and of his involvement with the saint and the witch. Needless to say, the songs traditionally end in tragedy."
"323","Armor","Gauntlets","Drakeblood Gauntlets","https://darksouls3.wiki.fextralife.com/Drakeblood+Gauntlets","Armor of the Drakeblood Knights, worshippers of the blood of dragons. The red cloth is said to symbolize their yearning for blood.Dragon worship has captured the hearts and minds of warriors across the lands for many ages.Perhaps such warriors are attracted to doctrines of few words."
"324","Armor","Gauntlets","Faraam Gauntlets","https://darksouls3.wiki.fextralife.com/Faraam+Gauntlets","Gauntlets named after a god of war. The armor of the Forossa Lion Knights was preserved even after the destruction of their homeland, and is mentioned in numerous legends, alongside the names of those who are said to have gone beyond death."
"325","Armor","Gauntlets","Sunset Gauntlets","https://darksouls3.wiki.fextralife.com/Sunset+Gauntlets","Gauntlets of Hodrick, holy knight of the Sunless Realms. These light gold gauntlets, named for its sunset hues, is now faded and wrapped in tainted rags. The sorry fool was known to wander the battlefield as a crazed ghoul, lashing out at friend and for alike."
"326","Armor","Gauntlets","Sunless Gauntlets","https://darksouls3.wiki.fextralife.com/Sunless+Gauntlets","Attire of a knight from the Sunless Realms, known for their resistance to both magic and the dark.Iron gauntlets, partially treated with silver.Sunless Knights serve the nameless moon, and perhaps it is for this reason the attire casts a feminine silhouette."
"327","Armor","Gauntlets","Brass Gauntlets","https://darksouls3.wiki.fextralife.com/Brass+Gauntlets","Armor of a knight once known as the Darkmoon. It is said that this brass armor hides something hideous within. Something about its silhouette suggests femininity."
"328","Armor","Gauntlets","Gauntlets of Favor","https://darksouls3.wiki.fextralife.com/Gauntlets+of+Favor","Gauntlets of the pitiable Embraced Knight.Depicts the affection of goddess Fina.Adrift on sea of isolation, only his faith in the love of his goddess remained true, and so the knight forsook all else."
"329","Armor","Gauntlets","Eastern Gauntlets","https://darksouls3.wiki.fextralife.com/Eastern+Gauntlets","Distinctive gauntlets made in an Eastern land. The exquisite craftmanship and artistic design made these prized pieces in the collection of any nobleman. Offers excellent damage absorption, particularly from slashing katanas, which are commonly encountered threats in battles fought in the East."
"330","Armor","Gauntlets","Gauntlets of Thorns","https://darksouls3.wiki.fextralife.com/Gauntlets+of+Thorns","Gauntlets of Kirk, the notorious knight of Thorns.A dense patch of thorns grows from its surface.A fitting item for the murderous Kirk, for even the simple act of rolling can damage enemies when wearing this attire."
"331","Armor","Gauntlets","Catarina Gauntlets","https://darksouls3.wiki.fextralife.com/Catarina+Gauntlets","Distinctively shaped gauntlets worn by the Knights of Catarina. Often ridiculed for its onion-like shape, infuriating the country's proud knights, but the masterfully forged curved design makes it very effective for deflective blows."
"332","Armor","Gauntlets","Morne's Gauntlets","https://darksouls3.wiki.fextralife.com/Morne's+Gauntlets","Black gauntlets bestowed upon knights of Carim. Modeled on Morne, the Archbishop's apostle, cast from a unique mineral resembling stone. A Carim knight will dedicate an entire career to attending a single maiden, just as Morne once served one goddess alone."
"333","Armor","Gauntlets","Lothric Knight Gauntlets","https://darksouls3.wiki.fextralife.com/Lothric+Knight+Gauntlets","Armor of a celebrated Lothric knight. A strong steel armor, if a little worn.The Knight has served as one of the Three Pillars since ancient times, and shares place alongside the wyverns as a symbol of Lothric.Only those possessing a knight's resolve are fit to wear this garment."
"334","Armor","Gauntlets","Cathedral Knight Gauntlets","https://darksouls3.wiki.fextralife.com/Cathedral+Knight+Gauntlets","Massive iron gauntlets worn by knights serving the Cathedral of the Deep. Repulsive creatures of the deep are sure to attract the foolish, but the cathedral knights are prepared to meet such intruders head on with their more than ample might."
"335","Armor","Gauntlets","Winged Knight Gauntlets","https://darksouls3.wiki.fextralife.com/Winged+Knight+Gauntlets","Armor of the Winged Knights, who swore themselves to the Angels. Worship of the divine messengers was viewed as heresy in Lothric and unrecognized by any of the Three Pillars of rule. This is believed to be why Gertrude, the Heavenly Daughter, was imprisoned in the lofty cell of the Grand Archives."
"336","Armor","Gauntlets","Outrider Knight Gauntlets","https://darksouls3.wiki.fextralife.com/Outrider+Knight+Gauntlets","Armor of an Irithyll outrider knight. Enveloped in a dimly cool air. The knights were given the eyes of the Pontiff, but the eyes transformed them into savage, raving warriors who only knew how to serve as mindless guards."
"337","Armor","Gauntlets","Pontiff Knight Gauntlets","https://darksouls3.wiki.fextralife.com/Pontiff+Knight+Gauntlets","Gauntlets of the Pontiff's Knights, now harrowed spirits of Irithyll.These blue-gray gauntlets, shrouded in a thinly cold air, are light and brittle."
"338","Armor","Gauntlets","Fire Witch Gauntlets","https://darksouls3.wiki.fextralife.com/Fire+Witch+Gauntlets","Gauntlets of witches who bore the Profaned Flame, now harrowed spirits of Irithyll.The witches who lead the Pontiff's Knights were originally ordained as holy knights.It was not long however, before their hearts were swallowed by the Profaned Flame."
"339","Armor","Gauntlets","Dancer's Gauntlets","https://darksouls3.wiki.fextralife.com/Dancer's+Gauntlets","Gauntlets worn by the Dancer of the Boreal Valley. The black eyes of the Pontiff eventually transformed the Dancer into a beastly creature, her gauntlets fusing with her own hide."
"340","Armor","Gauntlets","Dark Gauntlets","https://darksouls3.wiki.fextralife.com/Dark+Gauntlets","Gauntlets of the Darkwraiths, relics of a small country that fell to the dark long ago. Look as if they may crumble to dust at any moment.The Darkwraiths were the oldest of the Red Eye Invaders, and rumored to have served a Primordial Serpent."
"341","Armor","Gauntlets","Black Knight Gauntlets","https://darksouls3.wiki.fextralife.com/Black+Knight+Gauntlets","Gauntlets of the Black Knights who roam the lands. The knights served the First Lord Gwyn, and followed him into the flame upon its linking. They became ash, but still wander the realms to this day."
"342","Armor","Gauntlets","Silver Knight Gauntlets","https://darksouls3.wiki.fextralife.com/Silver+Knight+Gauntlets","Gauntlets of the Silver Knights allegiant to the royals of old.It is said that even after the family's passing, the knights continued to watch over their manor, and the ruined cathedral."
"343","Armor","Gauntlets","Dragonslayer Gauntlets","https://darksouls3.wiki.fextralife.com/Dragonslayer+Gauntlets","Golden lion gauntlets associated with Dragonslayer Ornstein, from the age of gods, and imbued with the strength of lightning.In the dragonless age, this knight, who long guarded the ruined cathedral, left the land in search of the nameless king."
"344","Armor","Gauntlets","Wolf Knight Gauntlets","https://darksouls3.wiki.fextralife.com/Wolf+Knight+Gauntlets","Gauntlets of a knight tainted by the dark of the Abyss. The twilight blue tassel is damp, and will ever remain so. A vanquished knight left behind only wolf's blood, and legacy of duty. The Undead Legion of Farron was formed to bear his torch, and the armor of these Abyss Watchers suggests their own eventual end."
"345","Armor","Gauntlets","Smough's Gauntlets","https://darksouls3.wiki.fextralife.com/Smough's+Gauntlets","Grotesque armor associated with Smough, the last knight to stand in defense of the ruined cathedral. Boasts extremely high defense and can be donned by humans, but not without great difficulty."
"346","Armor","Gauntlets","Lorian's Gauntlets","https://darksouls3.wiki.fextralife.com/Lorian's+Gauntlets","Armor of Prince Lothric's older brother Lorian. These black-dyed brass gauntlets were passed down to him from the royal family.Lorian, raised as a knight, is said to have been left mute and crippled by his younger brother's curse. It is also said that Lorian, in fact, wished it so."
"347","Armor","Gauntlets","Golden Bracelets","https://darksouls3.wiki.fextralife.com/Golden+Bracelets","Bracelets of a nameless king who was ally to the ancient dragons. These golden bracelets, together with the golden breastplate and crown, are said to closely resemble those of the first lord."
"348","Armor","Gauntlets","Firelink Gauntlets","https://darksouls3.wiki.fextralife.com/Firelink+Gauntlets","Gauntlets of the Soul of Cinder, a deific manifestation of the Lords of Cinder, who linked the First Flame.They resemble a knight's gauntlets, but bear hideous burns and contortions.They exist as a symbol of the great Lords and the noble act of linking the fire, though it is no more than an empty husk."
"349","Armor","Gauntlets","Black Iron Gauntlets","https://darksouls3.wiki.fextralife.com/Black+Iron+Gauntlets","Gauntlets made of black iron, from the set of armor for which Knightslayer Tsorig was infamously known.Offers extensive and particularly effective protection from fire."
"350","Armor","Gauntlets","Executioner Gauntlets","https://darksouls3.wiki.fextralife.com/Executioner+Gauntlets","Steel gauntlets of Horace the Hushed, who took a liking to its cold, bulky insides.The original owner was said to be a corrupt executioner, who was killed and stripped of his armor.Horace is one of only two children to escape Aldrich's clutches."
"351","Armor","Gauntlets","Exile Gauntlets","https://darksouls3.wiki.fextralife.com/Exile+Gauntlets","Armor of the watchdogs of Farron's Keep. After the Legion's Watchers became Lords of Cinder, the wolf blood dried up, and Farron was consumed by a festering wood. Within the wood, an emaciated old wolf commands watchdogs to defend the sanctity of sleeping warriors. Both the exiles were surely watchdogs themselves, for Farron has always been a land of itinerants."
"352","Armor","Gauntlets","Gundyr's Gauntlets","https://darksouls3.wiki.fextralife.com/Gundyr's+Gauntlets","Ancient gauntlets of a set of cast iron armor, belonging to Champion Gundyr. Gundyr, or the Belated Champion, was bested by an unknown warrior. He then became sheath to a coiled sword in the hopes that someday, the first flame would be linked once more."
"353","Armor","Gauntlets","Havel's Gauntlets","https://darksouls3.wiki.fextralife.com/Havel's+Gauntlets","Armor as if hewn from a giant boulder, Highly protective, but excessively heavy. The warriors who followed Havel the Rock never flinched, nor retreated from battle, crusing any foe that stood in their way."
"354","Armor","Gauntlets","Assassin Gloves","https://darksouls3.wiki.fextralife.com/Assassin+Gloves","Soft leather gloves worn by assassins who lurk in the shadows.The thick leather offers reasonable absorption without creating any undesired noise. A well-crafted piece of protection."
"355","Armor","Gauntlets","Black Leather Gloves","https://darksouls3.wiki.fextralife.com/Black+Leather+Gloves","Black dyed leather gauntlets. Enables its wearer to hide in the shadows with silent finesse.The wearer of this fine attire was admired by friends and enemies alike, for his skills were unmatched, and his heart was true as gold. As its new owner, you have quite the shoes to fill."
"356","Armor","Gauntlets","Shadow Gauntlets","https://darksouls3.wiki.fextralife.com/Shadow+Gauntlets","Black cloth gauntlets worn by spooks from an Eastern land. Sacrfices defense for greater mobility. The late King Oceiros was obsessed by dragons, to the extent that he would later be known as the Consumed King. Countless assassins were sent to end his reign, but none returned."
"357","Armor","Gauntlets","Leonhard's Gauntlets","https://darksouls3.wiki.fextralife.com/Leonhard's+Gauntlets","Gauntlets of Ringfinger Leonhard.Leonhard was born into royalty, which is believed to be the reason for his skill in both sorcery and swordsmanship.Indeed, these dingy gauntlets are in fact decorated with silver, betraying their purpose as military wear designed for a noble."
"358","Armor","Gauntlets","Pale Shade Gloves","https://darksouls3.wiki.fextralife.com/Pale+Shade+Gloves","Attire worn by those who kill in the name of the Sable Church of Londor.The Pale Shades of the Sable Church are all undying Hollows, giving rise to much fear and contempt.Their fight is one of neither honor nor exaltation, yielding nothing but withered moans."
"359","Armor","Gauntlets","Black Gauntlets","https://darksouls3.wiki.fextralife.com/Black+Gauntlets","Attire of the three mentors of the Sable Church of Londor, these black gauntlets are hidden by the dress.It is apparent that the women in black were highly skilled fencers, capable of founding the Sable Church between justs the three of them."
"360","Armor","Gauntlets","Painting Guardian Gloves","https://darksouls3.wiki.fextralife.com/Painting+Guardian+Gloves","Attire of the Painting Guardians, whose forms are described in the mythology of heretics. A smooth pale hood that deters magic. The hunchbacked teller of ancient tales describes unwanted souls who are unwelcome across the lands, and are eventually drawn into a cold, painted world."
"361","Armor","Gauntlets","Sorcerer Gloves","https://darksouls3.wiki.fextralife.com/Sorcerer+Gloves","Attire of a sorcerer from the Vinheim Dragon School. Black-dyed leather gloves embellished with silver medallions."
"362","Armor","Gauntlets","Old Sorcerer Gauntlets","https://darksouls3.wiki.fextralife.com/Old+Sorcerer+Gauntlets","Traditional attire worn by sorcerers of the Vinheim Dragon School.Long ago, sorcerers were said to always dress properly, even while on distant journeys of discovery, even before such journeys were established curriculum."
"363","Armor","Gauntlets","Court Sorcerer Gloves","https://darksouls3.wiki.fextralife.com/Court+Sorcerer+Gloves","Silk gloves worn by court sorcerers of the Profaned Capital. These figures may have also been oracles.There are many sorcerers who claim heirship to the great sage ""Big Hat"" Logan, and the Profaned Capital houses one of two leading schools."
"364","Armor","Gauntlets","Karla's Gloves","https://darksouls3.wiki.fextralife.com/Karla's+Gloves","Gloves of the dark witch Karla.These stained gloves are torn and odorous, telling of a long journey and even longer imprisonment.It would be madness to wear such a thing."
"365","Armor","Gauntlets","Antiquated Gloves","https://darksouls3.wiki.fextralife.com/Antiquated+Gloves","Long gloves sewn in a long-lost fashion.The elaborately embroidered, ivory-colored silk is imbued with ancient magic power. No protection is offered by this garnent, as it was never intended for battle."
"366","Armor","Gauntlets","Xanthous Gloves","https://darksouls3.wiki.fextralife.com/Xanthous+Gloves","Yellowish gloves. Xanthous clothing is the mark of a researcher of lost sorceries, and it is said that with golden sorceries, one could manipulate light."
"367","Armor","Gauntlets","Pyromancer Wrap","https://darksouls3.wiki.fextralife.com/Pyromancer+Wrap","Attire of pyromancers of the Great Swamp. Leather wrapped plainly around the arms."
"368","Armor","Gauntlets","Cornyx's Wrap","https://darksouls3.wiki.fextralife.com/Cornyx's+Wrap","Attire of Cornyx, pyromancer of the Great Swamp.The bronze ornamentation serves to ward off evil spirits."
"369","Armor","Gauntlets","Conjurator Manchettes","https://darksouls3.wiki.fextralife.com/Conjurator+Manchettes","Attire of traveling conjurators.Conjurators were the predecessors to pyromancers, and spent their lives roaming the lands. No wonder their attire was designed to protect them from fire, poison, and other threats of nature."
"370","Armor","Gauntlets","Cleric Gloves","https://darksouls3.wiki.fextralife.com/Cleric+Gloves","Gloves worn by a cleric turned undead. Typical attire for blue-robed travelers.It is said that they were entrusted with a duty, still its nature is yet to be revealed."""
"371","Armor","Gauntlets","Maiden Gloves","https://darksouls3.wiki.fextralife.com/Maiden+Gloves","White gloves worn by traveling maidens. Part of their formal attire, regardless of rank.It is soft and well-made, but ill-suited for use in battle."
"372","Armor","Gauntlets","Evangelist Gloves","https://darksouls3.wiki.fextralife.com/Evangelist+Gloves","Gauntlets of an evangelist sent from the cathedral. These teachers, all women, came to enlighten the inhabitants of the Undead Settlement and sent carriers on the path of sacrifice."
"373","Armor","Gauntlets","Jailer Gloves","https://darksouls3.wiki.fextralife.com/Jailer+Gloves","Gloves worn by jailers of Irithyll Dungeon. The jailers were among the few survivors inhabiting the Profaned Capital, later serving under Pontiff Sulyvahn. Perhaps the screams emanating from the cells help them forget their old home."
"374","Armor","Gauntlets","Fire Keeper Gloves","https://darksouls3.wiki.fextralife.com/Fire+Keeper+Gloves","Manchettes worn by the guardian of the shrine. The Fire Keepers were robbed of light, to better serve as vessels for souls. Only those who cherish the writhing, searing darkness were given the keeper's black attire."
"375","Armor","Gauntlets","Master's Gloves","https://darksouls3.wiki.fextralife.com/Master's+Gloves","Terribly worn manchettes. Men are fond of weaving tales to explain the raggedness of their garb. ""My sixth sense warned me of danger, and I danced between flurries of blades, unscathed, but alas, my clothes went to tatters."""
"376","Armor","Gauntlets","Worker Gloves","https://darksouls3.wiki.fextralife.com/Worker+Gloves","Gloves worn by inhabitants of the Undead Settlement.Official attire for the dissection and burial of undead. Naturally, the ceremonial significance of such work is long forgotten.Indeed, no one could continue to entertain such horrors."
"377","Armor","Gauntlets","Grave Warden Wrap","https://darksouls3.wiki.fextralife.com/Grave+Warden+Wrap","Rotting, tattered wrap. Attire of grave wardens at the Cathedral of the Deep. Grave wardens were tasked with disposing of the ever rising corpses that plagued the cathedral. Their clothes are utterly putrid, drenched in the blood and mucilage of their undertaking."
"378","Armor","Gauntlets","Leather Gloves","https://darksouls3.wiki.fextralife.com/Leather+Gloves","Gloves made of smooth leather. Even lighter and more flexible than most leather armors."
"379","Armor","Gauntlets","Follower Gloves","https://darksouls3.wiki.fextralife.com/Follower+Gloves","Gloves worn by the Farron Followers. When a warrior of Farron fell to the Abyss, the tall, lean Followers, with their hollowed eyes, quiety appeared in groups to hunt them down. Farron and its Watchers fell to ruin, but the Followers survived as a wandering pack of Hollows."
"380","Armor","Gauntlets","Slave Knight Gauntlets","https://darksouls3.wiki.fextralife.com/Slave+Knight+Gauntlets","Gauntlets issued to slave knights. The fine craftsmanship made this a symbol of honor. Long ago, only the Undead served as slave knights, warriors used as fodder iin the bleakest of battles. They grew decrepit, their skin charred black and their bones twisted. Eventually they went outright mad, but were never relieved from duty."
"381","Armor","Gauntlets","Vilhelm's Gauntlets","https://darksouls3.wiki.fextralife.com/Vilhelm's+Gauntlets","The black gauntlets of Vilhelm, Knight of Londor, and a nice fit for any lean Hollow. This hollow knight, who served the three sisters who founded the Sable Church, was particularly loyal to the eldest, and was known as a cold-blooded hangman."
"382","Armor","Gauntlets","Millwood Knight Gauntlets","https://darksouls3.wiki.fextralife.com/Millwood+Knight+Gauntlets","Charbronze gauntlets worn by knights of Millwood. When the fabled Millwood forest was discovered it was a vacant ruin. The only thing left was the Ethereal Oak, stood rotting. No corpses were discovered, yet their belongings lay neatly on the ground."
"383","Armor","Gauntlets","Shira's Gloves","https://darksouls3.wiki.fextralife.com/Shira's+Gloves","Gloves of Shira, knight in service to Filianore. Crafted with carthamin leather and graced with brass buttons. One article of Shira's knight garb."
"384","Armor","Gauntlets","Lapp's Gauntlets","https://darksouls3.wiki.fextralife.com/Lapp's+Gauntlets","Steel gauntlets of the amensiac Lapp. This plate-armor helm, that cover the arms cleanly without even a slight gap, provide heavy defense. Quite fit to conceal a hollowed body, and indeed, one's very identity."
"385","Armor","Gauntlets","Harald Legion Gauntlets","https://darksouls3.wiki.fextralife.com/Harald+Legion+Gauntlets","Gauntlets worn by the Harald Legion, who sought the dark soul. The gauntlets sank into the dark with the legion, the leather partly melted and the metal pieces showing signs of an unsightly bloating."
"386","Armor","Gauntlets","Ruin Gauntlets","https://darksouls3.wiki.fextralife.com/Ruin+Gauntlets","Gauntlets of the company of knights who were sent to the Ringed City on an old king's orders. The knights sought the dark soul, but were so soundly crushed, they had little choice but to swear themselves to the Judicator Giant. The ill-fated company was later immortalized in a dark fable, inspiring the aspect of certain golems in whom their name lived on."
"387","Armor","Gauntlets","Ringed Knight Gauntlets","https://darksouls3.wiki.fextralife.com/Ringed+Knight+Gauntlets","Malformed black gauntlets of the Ringed Knights. The armor of early men was forged in the Abyss, and betrays a smidgen of life. For this reason the gods cast a seal of fire upon such armor, and those who possessed them."
"388","Armor","Gauntlets","Iron Dragonslayer Gauntlets","https://darksouls3.wiki.fextralife.com/Iron+Dragonslayer+Gauntlets","Stark melted iron gauntlets of the ancient Dragonslayer Armour. The Armour, defeated by the Champion of Ash in Lothric, was left ages to rust, until it slipped into an abyssal swamp, where it was possessed once again by the memory of the hunt."
"389","Armor","Gauntlets","Violet Wrappings","https://darksouls3.wiki.fextralife.com/Violet+Wrappings","These arm wrappings, sewn with violet cloth and embroidered with gold thread, were intended for everyday use. Yet they served well enough in many a battle, enwreathing the arms of one who would go on to embrace the sword."
"390","Armor","Gauntlets","Black Witch Wrappings","https://darksouls3.wiki.fextralife.com/Black+Witch+Wrappings","The purple wrappings of the witch Zullie, who intended to seduce Alva the Wayfarer, but eventually became his closest supporter, spending her entire life with him. It is said that Zullie the witch, who was never loved, nor loved another, experienced all manner of misfortune, and yet in the end, found her purpose in life."
"391","Armor","Gauntlets","Desert Pyromancer Gloves","https://darksouls3.wiki.fextralife.com/Desert+Pyromancer+Gloves","Gloves of the desert pyromancers, who once walked the halls of the Earthen Peak. It is said that the thin burgundy cloth breathes with magic. Desert pyromancers, most of them female, were known for their great fans of flame, and enchanting looks. But what is enchanting can also be deadly, especially when clothed in such alluring garb."
"392","Armor","Leggings","Hard Leather Boots","https://darksouls3.wiki.fextralife.com/Hard+Leather+Boots","Boots made of thick leather.Used by warriors of old, but one can still expect sound defense."
"393","Armor","Leggings","Brigand Trousers","https://darksouls3.wiki.fextralife.com/Brigand+Trousers","Trousers from a foreign land. Probably belonged to a brigand who met his match.In foreign lands, undead were banished to send a message to populace, and when the message was not heard, they banished the living, too."
"394","Armor","Leggings","Mirrah Trousers","https://darksouls3.wiki.fextralife.com/Mirrah+Trousers","Garb worn by Mirrah Knights sent on journeys. These soft deerskin trousers are bestowed only upon proven knights. Knights travel afar to fulfill their sacred duties, but few are ever able to deliver on their vows."
"395","Armor","Leggings","Chain Leggings","https://darksouls3.wiki.fextralife.com/Chain+Leggings","Chainmail leggings of thin interlinking rings of steel. Popular due to its ease of crafting, respectable damage absorption, and light weight. Knights may favor imposing armor, but for warriors on the battlefield, that which keeps them alive is armor enough."
"396","Armor","Leggings","Northern Trousers","https://darksouls3.wiki.fextralife.com/Northern+Trousers","Trousers of a stalwart northern warrior. Thick leather boots lined with fur. In addition to their protection from blunt strikes, they excel at retaining heat, providing good resistance to the cold."
"397","Armor","Leggings","Mirrah Chain Leggings","https://darksouls3.wiki.fextralife.com/Mirrah+Chain+Leggings","Formal attire of the honorable knights of Mirrah.Oddly, it was a dishonorable deserter who wore this attire most religiously."
"398","Armor","Leggings","Iron Leggings","https://darksouls3.wiki.fextralife.com/Iron+Leggings","Chain leggings combined with iron boots.Said to be the leggings of a Knight of Sunlight from a previous age.Has no particular powers, but are of fine quality, and evidently well taken care of."
"399","Armor","Leggings","Sellsword Trousers","https://darksouls3.wiki.fextralife.com/Sellsword+Trousers","These cloth trousers and leather boots are of no real note, but are durable and allow for easy movement.It is light considering the build, striking a fine balance between absorption and substance."
"400","Armor","Leggings","Drang Shoes","https://darksouls3.wiki.fextralife.com/Drang+Shoes","Shoes of the Drang Knights, proclaimed descendants from the land known for the legend of the Linking of the Fire.Fine protection that is both light and strong, having been reinforced with rare geisteel.The Drang Knights were once feared sellswords, until treason meant descending into the abyss, and they were separated forever."
"401","Armor","Leggings","Undead Legion Leggings","https://darksouls3.wiki.fextralife.com/Undead+Legion+Leggings","Attire of the Abyss Watchers, the Undead Legion of Farron. The iron kneecaps originated from their sword techniques. These undead warriors vowed to partake of wolf blood. They acted in the dark, seeking out any sign of the Abyss, fighting a constant war with its abominations."
"402","Armor","Leggings","Herald Trousers","https://darksouls3.wiki.fextralife.com/Herald+Trousers","Quilted trousers said to be worn by Heralds of the way of White, who deliver commandments of duty. The insulated material is effective against strike damage, nicely complementing steel protective wear."
"403","Armor","Leggings","Knight Leggings","https://darksouls3.wiki.fextralife.com/Knight+Leggings","Leggings of a lowly knight, fashioned from solid iron. These leggings might be on the heftier side compared to others of their ilk, but as such offer great physical absorption in exchange for their imposing weight. Do not think to wear it without the necessary vitality."
"404","Armor","Leggings","Nameless Knight Leggings","https://darksouls3.wiki.fextralife.com/Nameless+Knight+Leggings","Leggings of a nameless knight. Crafted with thin metal greatly reinforced by a grooved finish."
"405","Armor","Leggings","Fallen Knight Trousers","https://darksouls3.wiki.fextralife.com/Fallen+Knight+Trousers","Trousers of an order of fallen knights.Held beneath leather boots and drab cloth using a knot of rope and bandage, they are dampened and indelibly stained with the misery of flight."
"406","Armor","Leggings","Elite Knight Leggings","https://darksouls3.wiki.fextralife.com/Elite+Knight+Leggings","Leggings said to have been given to elite knights of fallen Astora.The mere mention of Astora invokes wistful pangs, and perhaps it was such a dream that drew Anri to this faraway home known only by name."
"407","Armor","Leggings","Alva Leggings","https://darksouls3.wiki.fextralife.com/Alva+Leggings","Protection of Alva, seeker of the spurned. These steel leggings were trimmed to reduce weight.To this day, troubadours sing of tales of the wandering knight Alva and his travels, and of his involvement with the saint and the witch. Needless to say the songs traditionally end in tragedy."
"408","Armor","Leggings","Drakeblood Leggings","https://darksouls3.wiki.fextralife.com/Drakeblood+Leggings","Armor of the Drakeblood knights, worshippers of the blood of dragons. The red cloth is said to symbolize their yearning for blood.Dragon worship has captured the hearts and minds of warriors across the lands for many ages. Perhaps such warriors are attracted to doctrines of few words."
"409","Armor","Leggings","Faraam Boots","https://darksouls3.wiki.fextralife.com/Faraam+Boots","Boots named after a god of war. The armor of the Forossa Lion Knights was preserved even after the destruction of their homeland, and is mentioned in numerous legends, alongside the names of those who are said to have gone beyond death."
"410","Armor","Leggings","Sunset Leggings","https://darksouls3.wiki.fextralife.com/Sunset+Leggings","Leggings of Hodrick, holy knight of the Sunless Realms. This light gold leggings, named for its sunset hues, is now faded and wrapped in tainted rags. The sorry fool was known to wander the battlefield as a crazed ghoul, lashing out at friend and for alike."
"411","Armor","Leggings","Sunless Leggings","https://darksouls3.wiki.fextralife.com/Sunless+Leggings","Attire of a knight from the Sunless Realms, known for their resistance to both magic and the dark.Metal leggings and chainmail, treated with silver.Sunless Knights serve the nameless moon, and perhaps it is for this reason the attire casts a feminine silhouette."
"412","Armor","Leggings","Brass Leggings","https://darksouls3.wiki.fextralife.com/Brass+Leggings","Armor of a knight once known as the Darkmoon. It is said that this brass armor hides something hideous within. Something about its silhouette suggests femininity."
"413","Armor","Leggings","Leggings of Favor","https://darksouls3.wiki.fextralife.com/Leggings+of+Favor","Leggings of the pitiable Embraced Knight. Depicts the affection of goddess Fina. Adrift on sea of isolation, only his faith in the love of his goddess remained true, and so the knight forsook all else."
"414","Armor","Leggings","Eastern Leggings","https://darksouls3.wiki.fextralife.com/Eastern+Leggings","Distinctive leggings made in an Eastern land. The exquisite craftmanship and artistic design made these prized pieces in the collection of any nobleman. Offers excellent damage absorption, particularly from slashing katanas, which are commonly encountered threats in battles fought in the East."
"415","Armor","Leggings","Leggings of Thorns","https://darksouls3.wiki.fextralife.com/Leggings+of+Thorns","Leggings of Kirk, the notorious knight of Thorns. A dense patch of thorns grows from its surface.A fitting item for the murderious Kirk., for even the simple act of rolling can damage enemies when wearing this attire."
"416","Armor","Leggings","Catarina Leggings","https://darksouls3.wiki.fextralife.com/Catarina+Leggings","Distinctively shaped leggings worn by the Knights of Catarina.Often ridiculed for its onion-like shape, infuriating the country's proud knights, but the masterfully forged curved design makes it very effective for deflective blows."
"417","Armor","Leggings","Morne's Leggings","https://darksouls3.wiki.fextralife.com/Morne's+Leggings","Black leggings bestowed upon knights of Carim. Modelled on Morne, the Archbishop's apostle, cast from a unique mineral resembling stone. A Carim knight will dedicate an entire career to attending a single maiden, just as Morne once served one goddess alone."
"418","Armor","Leggings","Lothric Knight Leggings","https://darksouls3.wiki.fextralife.com/Lothric+Knight+Leggings","Leggings of a celebrated Lothric knight. Strong steel leggings, if a little worn.The Knight has served as one of the Three Pillars since ancient times, and shares place alongside the wyverns as a symbol of Lothric.Only those possessing a knight's resolve are fit to wear this garment."
"419","Armor","Leggings","Cathedral Knight Leggings","https://darksouls3.wiki.fextralife.com/Cathedral+Knight+Leggings","Massive iron leggings worn by knights serving the Cathedral of the Deep. Repulsive creatures of the deep are sure to attract the foolish, but the cathedral knights are prepared to meet such intruders head on with their more than ample might."
"420","Armor","Leggings","Winged Knight Leggings","https://darksouls3.wiki.fextralife.com/Winged+Knight+Leggings","Armor of the Winged Knights, who swore themselves to the Angels.Worship of the divine messengers was viewed as heresy in Lothric and unrecognized by any of the Three Pillars of rule.This is believed to be why Gertrude, the Heavenly Daughter, was imprisoned in the lofty cell of the Grand Archives."
"421","Armor","Leggings","Outrider Knight Leggings","https://darksouls3.wiki.fextralife.com/Outrider+Knight+Leggings","Armor of an Irithyll outrider knight. Enveloped in a dimly cool air. The knights were given the eyes of the Pontiff, but the eyes transformed them into savage, raving warriors who only knew how to serve as mindless guards."
"422","Armor","Leggings","Pontiff Knight Leggings","https://darksouls3.wiki.fextralife.com/Pontiff+Knight+Leggings","Leggings of the Pontiff's Knights, now harrowed spirits of Irithyll. This blue-gray leggings, shrouded in a thinly cold air, is light and brittle."
"423","Armor","Leggings","Fire Witch Leggings","https://darksouls3.wiki.fextralife.com/Fire+Witch+Leggings","Gauntlets of witches who bore the Profaned Flame, now harrowed spirits of Irithyll.The witches who lead the Pontiff's Knights were originally ordained as holy knights.It was not long however, before their hearts were swallowed by the Profaned Flame."
"424","Armor","Leggings","Dancer's Leggings","https://darksouls3.wiki.fextralife.com/Dancer's+Leggings","Leggings worn by the Dancer of the Boreal Valley. The black eyes of the Pontiff eventually transformed the Dancer into a beastly creature, her leggings fusing with her own hide."
"425","Armor","Leggings","Dark Leggings","https://darksouls3.wiki.fextralife.com/Dark+Leggings","Leggings of the Darkwraiths, relics of a small country that fell to the dark long ago.Looks as if it may crumble to dust at any moment. The Darkwraiths were the oldest of the Red Eye Invaders, and rumored to have served a Primordial Serpent."
"426","Armor","Leggings","Black Knight Leggings","https://darksouls3.wiki.fextralife.com/Black+Knight+Leggings","Armor of the Black Knights who roam the lands.The knights served the First Lord Gwyn, and followed him into the flame upon its linking. They became ash, but still wander the realms to this day."
"427","Armor","Leggings","Silver Knight Leggings","https://darksouls3.wiki.fextralife.com/Silver+Knight+Leggings","Leggings of the Silver Knights allegiant to the royals of old.It is said that even after the family's passing, the knights continued to watch over their manor, and the ruined cathedral."
"428","Armor","Leggings","Dragonslayer Leggings","https://darksouls3.wiki.fextralife.com/Dragonslayer+Leggings","Golden leggings associated with Dragonslayer Ornstein, from the age of gods, and imbued with the strength of lightning. In the dragonless age, this knight, who long guarded the ruined cathedral, left the land in search of the nameless king."
"429","Armor","Leggings","Wolf Knight Leggings","https://darksouls3.wiki.fextralife.com/Wolf+Knight+Leggings","Leggings of a knight tainted by the dark of the Abyss.A vanquished knight left behind only wolf's blood, and his legacy of duty. The Undead Legion of Farron was formed to bear his torch, and the armor of these Abyss Watchers suggests their own eventual end."
"430","Armor","Leggings","Smough's Leggings","https://darksouls3.wiki.fextralife.com/Smough's+Leggings","Grotesque armor associated with Smough, the last knight to stand in defense of the ruined cathedral.Boasts extremely high defense and can be donned by humans, but not without great difficulty."
"431","Armor","Leggings","Lorian's Leggings","https://darksouls3.wiki.fextralife.com/Lorian's+Leggings","Armor of Prince Lothric's older brother Lorian. These black-dyed brass leggings were passed down to him from the royal family.Lorian, raised as a knight, is said to have been left mute and crippled by his younger brother's curse. It is also said that Lorian, in fact, wished it so."
"432","Armor","Leggings","Dragonscale Waistcloth","https://darksouls3.wiki.fextralife.com/Dragonscale+Waistcloth","Dragonscale waistcloth of a nameless king who was ally to the ancient dragons. Dragon scales are razor-sharp and cannot be burned."
"433","Armor","Leggings","Firelink Leggings","https://darksouls3.wiki.fextralife.com/Firelink+Leggings","Leggings of the Soul of Cinder, a deific manifestation of the Lords of Cinder, who linked the First Flame. They resemble a knight's leggings, but bears hideous burns and contortions. They exists as a symbol of the great Lords and the noble act of linking the fire, though it is no more than an empty husk."
"434","Armor","Leggings","Black Iron Leggings","https://darksouls3.wiki.fextralife.com/Black+Iron+Leggings","Leggings made of black iron, from the set of armor for which Knightslayer Tsorig was infamously known.Offers extensive and particularly effective protection from fire."
"435","Armor","Leggings","Executioner Leggings","https://darksouls3.wiki.fextralife.com/Executioner+Leggings","Steel leggings of Horace the Hushed, who took a liking to its cold, bulky insides.The original owner was said to be a corrupt executioner, who was killed and stripped of his armor.Horace is one of only two children to escape Aldrich's clutches."
"436","Armor","Leggings","Exile Leggings","https://darksouls3.wiki.fextralife.com/Exile+Leggings","Leggings of the watchdogs of Farron’s Keep.After the Legion’s Watchers became Lords ofCinder, the wolf blood dried up, and Farron was consumed by a festering wood.Within the wood, an emaciated old wolf commands watchdogs to defend the sanctity of sleeping warriors.Both the exiles were surely watchdogs themselves , for Farron has always been a land of itinerants."""
"437","Armor","Leggings","Gundyr's Leggings","https://darksouls3.wiki.fextralife.com/Gundyr's+Leggings","Ancient leggings of a set of cast iron armor, belonging to Champion Gundyr.Gundyr, or the Belated Champion, was bested by an unknown warrior. He then became sheath to a coilder sword in the hopes that someday, the first flame would be linked once more."
"438","Armor","Leggings","Havel's Leggings","https://darksouls3.wiki.fextralife.com/Havel's+Leggings","Armor as if hewn from a giant boulder, Highly protective, but excessively heavy. The warriors who followed Havel the Rock never flinched, nor retreated from battle, crushing any foe that stood in their way."
"439","Armor","Leggings","Assassin Trousers","https://darksouls3.wiki.fextralife.com/Assassin+Trousers","Soft leather trousers worn by assassins who lurk in the shadows.The thick leather offers reasonable absoprtion without creating any undesired noise. A well-crafted piece of protection."
"440","Armor","Leggings","Black Leather Boots","https://darksouls3.wiki.fextralife.com/Black+Leather+Boots","Black dyed leather boots. Enables its wearer to hide in the shadows with silent finesse.The wearer of this fine attire was admired by friends and enemies alike, for his skills were unmatched, and his heart was true as gold. As its new owner, you have quite the shoes to fill."
"441","Armor","Leggings","Shadow Leggings","https://darksouls3.wiki.fextralife.com/Shadow+Leggings","Black cloth mask worn by spooks from an Eastern land. Sacrfices defense for greater mobility. The late King Oceiros was obsessed by dragons, to the extent that he would later be known as the Consumed King. Countless assassins were sent to end his reign, but none returned."
"442","Armor","Leggings","Leonhard's Trousers","https://darksouls3.wiki.fextralife.com/Leonhard's+Trousers","Trousers of Ringfinger Leonhard. Leonhard was born into royalty, which is believed to be the reason for his skill in both sorcery and swordsmanship.Indeed, these dingy trousers are in fact meticulously tanned, betraying their purpose as military wear designed for a noble. (Leggings)"
"443","Armor","Leggings","Pale Shade Trousers","https://darksouls3.wiki.fextralife.com/Pale+Shade+Trousers","Attire worn by those who kill in the name of the Sable Church of Londor.The Pale Shades of the Sable Church are all undying Hollows, giving rise to much fear and contempt.Their fight is one of neither honor nor exaltation, yielding nothing but withered moans."
"444","Armor","Leggings","Black Leggings","https://darksouls3.wiki.fextralife.com/Black+Leggings","Attire of the three mentors of the Sable Church of Londor, these black leggings are hidden by the dress.It is apparent that the women in black were highly skilled fencers, capable of founding the Sable Church between just the three of them."
"445","Armor","Leggings","Painting Guardian Waistcloth","https://darksouls3.wiki.fextralife.com/Painting+Guardian+Waistcloth","Attire of the Painting Guardians, whose forms are described in the mythology of heretics. A smooth pale hood that deters magic. The hunchbacked teller of ancient tales describes unwanted souls who are unwelcome across the lands, and are eventually drawn into a cold, painted world."
"446","Armor","Leggings","Sorcerer Trousers","https://darksouls3.wiki.fextralife.com/Sorcerer+Trousers","Attire of a sorcerer from the Vinheim Dragon School. Black-dyed leather trousers and rugged boots.A sorcerer knows that long-term research means a length and arduous road ahead."
"447","Armor","Leggings","Old Sorcerer Boots","https://darksouls3.wiki.fextralife.com/Old+Sorcerer+Boots","Traditional attire worn by sorcerers of the Vinheim Dragon School.Long ago, sorcerers were said to always dress properly, even while on distant journeys of discovery, even before such journeys were establisehd curriculum."
"448","Armor","Leggings","Court Sorcerer Trousers","https://darksouls3.wiki.fextralife.com/Court+Sorcerer+Trousers","Trousers worn by court sorcerers of the Profaned Capital. These figures may have also been oracles. There are many sorcerers who claim heirship to the great sage ""Big Hat"" Logan, and the Profaned Capital houses one of two leading schools."
"449","Armor","Leggings","Karla's Trousers","https://darksouls3.wiki.fextralife.com/Karla's+Trousers","Trousers of the dark witch Karla.These stained trousers are torn and odorous, telling of a long journey and even longer imprisonment.It would be madness to wear such a thing."
"450","Armor","Leggings","Antiquated Skirt","https://darksouls3.wiki.fextralife.com/Antiquated+Skirt","Skirt sewn in a long-lost fashion. The elaborately embroidered, ivory-colored silk is imbued with ancient magic power. No protection is offered by this garnent, as it was never intended for battle."
"451","Armor","Leggings","Xanthous Trousers","https://darksouls3.wiki.fextralife.com/Xanthous+Trousers","Yellowish trousers. Xanthous clothing is the mark of a researcher of lost sorceries, and it is said that with golden sorceries, one could manipulate light."
"452","Armor","Leggings","Pyromancer Trousers","https://darksouls3.wiki.fextralife.com/Pyromancer+Trousers","Attire of pyromancers of the Great Swamp. Cloth trousers wound tightly with leather, and fitted with dermis split-toe shoes.The life of a pyromancer is a life of endless trudging through marshland."
"453","Armor","Leggings","Cornyx's Skirt","https://darksouls3.wiki.fextralife.com/Cornyx's+Skirt","Attire of Cornyxk, pyromancer of the Great Swamp.This long skirt emulates those worn by witches, who were the forebearers of pyromancy."
"454","Armor","Leggings","Conjurator Boots","https://darksouls3.wiki.fextralife.com/Conjurator+Boots","Attire of traveling conjurators.Conjurators were the predecessors to pyromancers, and spent their lives roaming the lands. No wonder their attire was designed to protect them from fire, poison, and other threats of nature."
"455","Armor","Leggings","Cleric Trousers","https://darksouls3.wiki.fextralife.com/Cleric+Trousers","Trousers worn by a cleric turned undead. Typical attire for blue-robed travelers. It is said that they were entrusted with a duty, still its nature is yet to be revealed."""
"456","Armor","Leggings","Maiden Skirt","https://darksouls3.wiki.fextralife.com/Maiden+Skirt","White skirt worn by traveling maidens. Part of their formal attire, regardless of rank.It is soft and well-made, but ill-suited for use in battle."
"457","Armor","Leggings","Evangelist Trousers","https://darksouls3.wiki.fextralife.com/Evangelist+Trousers","Gauntlets of an evangelist sent from the cathedral. These teachers, all women, came to enlighten the inhabitants of the Undead Settlement and sent carriers on the path of sacrifice."
"458","Armor","Leggings","Deacon Skirt","https://darksouls3.wiki.fextralife.com/Deacon+Skirt","Skirt worn by deacons of the Cathedral of the Deep, worn on the inside of the deep red robe. In time, those dedicated to sealing away the horrors of the Deep succumbed to their very power. It seems that neither tending to the flame, nor the faith, could save them."
"459","Armor","Leggings","Archdeacon Skirt","https://darksouls3.wiki.fextralife.com/Archdeacon+Skirt","Skirt worn by an Archdeacon of the Cathedral of the Deep. Worn underneath holy garb. Of the three Archdeacons of the Deep, one attended to Rosaria, Mother of Rebirth, whom he deemed a goddess."
"460","Armor","Leggings","Jailer Trousers","https://darksouls3.wiki.fextralife.com/Jailer+Trousers","Trousers worn by jailers of Irithyll Dungeon. Originally ritualistic formal wear. The jailers were among the few survivors inhabiting the Profaned Capital, later serving under Pontiff Sulyvahn. Perhaps the screams emanating from the cells help them forget their old home."
"461","Armor","Leggings","Skirt of Prayer","https://darksouls3.wiki.fextralife.com/Skirt+of+Prayer","Prince Lothric's skirt.The prince, destined to be a Lord of Cinder, was cherished by the royal family, despite being born into illness, a frail and shriveled child.His swaddling clothes were made of aged, coarse cloth used in ancient prayer, and are all that he has ever worn."
"462","Armor","Leggings","Fire Keeper Skirt","https://darksouls3.wiki.fextralife.com/Fire+Keeper+Skirt","Skirt worn by the guardian of the shrine. The Fire Keepers were robbed of light, to better serve as vessels for souls. Only those who cherish the writhing, searing darkness were given the keeper's black attire."
"463","Armor","Leggings","Loincloth","https://darksouls3.wiki.fextralife.com/Loincloth","Terribly worn waistcloth. The deprived only manage to rummage just enough cloth to protect their vital parts."
"464","Armor","Leggings","Worker Trousers","https://darksouls3.wiki.fextralife.com/Worker+Trousers","Trousers worn by inhabitants of the Undead Settlement.Natrually the ceremonial significance of such work is long forgotten.Indeed, no one could continue to entertain such horrors."
"465","Armor","Leggings","Grave Warden Skirt","https://darksouls3.wiki.fextralife.com/Grave+Warden+Skirt","Rotting, tattered skirt. Attire of grave wardens at the Cathedral of the Deep.Grave wardens were tasked with disposing of the ever rising corpses that plagued the cathedral. Their clothes are utterly putrid, drenched in the blood and mucilage of their undertaking."
"466","Armor","Leggings","Deserter Trousers","https://darksouls3.wiki.fextralife.com/Deserter+Trousers","Common soldier's trousers.This musty, rusted hunk of metal befits one reduced to thievery."
"467","Armor","Leggings","Leather Boots","https://darksouls3.wiki.fextralife.com/Leather+Boots","Boots made of smooth leather. Even lighter and more flexible than most leather armors."
"468","Armor","Leggings","Follower Boots","https://darksouls3.wiki.fextralife.com/Follower+Boots","Boots worn by the Farron Followers. When a warrior of Farron fell to the Abyss, the tall, lean Followers, with their hollowed eyes, quiety appeared in groups to hunt them down. Farron and its Watchers fell to ruin, but the Followers survived as a wandering pack of Hollows."
"469","Armor","Leggings","Slave Knight Leggings","https://darksouls3.wiki.fextralife.com/Slave+Knight+Leggings","Leggings issued to slave knights. The fine craftsmanship made this a symbol of honor. Long ago, only the Undead served as slave knights, warriors used as fodder iin the bleakest of battles. They grew decrepit, their skin charred black and their bones twisted. Eventually they went outright mad, but were never relieved from duty."
"470","Armor","Leggings","Vilhelm's Leggings","https://darksouls3.wiki.fextralife.com/Vilhelm's+Leggings","The black leggings of Vilhelm, Knight of Londor, and a nice fit for any lean Hollow. This hollow knight, who served the three sisters who founded the Sable Church, was particularly loyal to the eldest, and was known as a cold-blooded hangman."
"471","Armor","Leggings","Millwood Knight Leggings","https://darksouls3.wiki.fextralife.com/Millwood+Knight+Leggings","Charbronze leggings worn by knights of Millwood. When the fabled Millwood forest was discovered it was a vacant ruin. The only thing left was the Ethereal Oak, stood rotting. No corpses were discovered, yet their belongings lay neatly on the ground."
"472","Armor","Leggings","Ordained Trousers","https://darksouls3.wiki.fextralife.com/Ordained+Trousers","Garb of Friede, Sister of the Painted World. Hidden beneath her light blue dress are the trousers of a swordsman. An offer of protection implies the eventual wielding of a blade and spilling of blood, as Friede learned during the establishment of the Sable Church."
"473","Armor","Leggings","Shira's Trousers","https://darksouls3.wiki.fextralife.com/Shira's+Trousers","Trousers of Shira, knight in service to Filianore. Made of carthamin leather boots over a silk underlayer. One article of Shira's knight garb."
"474","Armor","Leggings","Lapp's Leggings","https://darksouls3.wiki.fextralife.com/Lapp's+Leggings","Steel leggings of the amensiac Lapp. These plate-armor helm, that cover the legs cleanly without even a slight gap, provide heavy defense. Quite fit to conceal a hollowed body, and indeed, one's very identity."
"475","Armor","Leggings","Harald Legion Leggings","https://darksouls3.wiki.fextralife.com/Harald+Legion+Leggings","Leggings worn by the Harald Legion, who sought the dark soul.The leggings sank into the dark with the legion, the leather partly melted and the metal pieces showing signs of unsightly bloating."
"476","Armor","Leggings","Ruin Leggings","https://darksouls3.wiki.fextralife.com/Ruin+Leggings","Leggings of the company of knights who were sent to the Ringed City on an old king's orders. The knights sought the dark soul, but were so soundly crushed, they had little choice but to swear themselves to the Judicator Giant. The ill-fated company was later immortalized in a dark fable, inspiring the aspect of certain golems in whom their name lived on."
"477","Armor","Leggings","Ringed Knight Leggings","https://darksouls3.wiki.fextralife.com/Ringed+Knight+Leggings","Malformed black leggings of the Ringed Knights. The armor of early men was forged in the Abyss, and betrays a smidgen of life. For this reason the gods cast a seal of fire upon such armor, and those who possessed them."
"478","Armor","Leggings","Iron Dragonslayer Leggings","https://darksouls3.wiki.fextralife.com/Iron+Dragonslayer+Leggings","Stark melted iron body armor of the ancient Dragonslayer Armour. The Armour, defeated by the Champion of Ash in Lothric, was left ages to rust, until it slipped into an abyssal swamp, where it was possessed once again by the memory of the hunt."
"479","Armor","Leggings","Black Witch Trousers","https://darksouls3.wiki.fextralife.com/Black+Witch+Trousers","The purple trousers of the witch Zullie, who intended to seduce Alva the Wayfarer, but eventually became his closest supporter, spending her entire life with him. It is said that Zullie the witch, who was never loved, nor loved another, experienced all manner of his misfortune, and yet in the end, found her purpose in life."
"480","Armor","Leggings","Desert Pyromancer Skirt","https://darksouls3.wiki.fextralife.com/Desert+Pyromancer+Skirt","Description goes here"
"481","Shields","Shields","","https://darksouls3.wiki.fextralife.com/Buckler","A very small round metal shield.It features a large central protrusion designed for parrying attacks.Skill: Parry Repel an attack at the right time to follow up with a critical hit. Works while equipped in either hand."
"482","Shields","Shields","Red and White Shield","https://darksouls3.wiki.fextralife.com/Red+and+White+Shield","Standard round wooden shield. It features a striking red and white design. Wooden shields are light, manageable, and offer relatively high magic absorption. Skill: Parry Repel an attack at the right time to follow up with a critical hit. Works while equipped in either hand."
"483","Shields","Shields","","https://darksouls3.wiki.fextralife.com/Elkhorn+Round+Shield","Standard round wooden shield. The blue antlers are reminiscent of designs found in Mirrah. Wooden shields are light, manageable, and offer relatively high magic absorption."""
"484","Shields","Shields","Target Shield","https://darksouls3.wiki.fextralife.com/Target+Shield","A small, round metal shield.The four distinctive protrusions are designed to brush attacks aside, making it ideal for parrying.Skill: ParryRepel an attack at the right time to follow up with a critical hit. Works while equipped in either hand."
"485","Shields","Shields","","https://darksouls3.wiki.fextralife.com/Iron+Round+Shield","An orthodox, round small shield made from metal. Small shields offer little damage absorption and stability, but they are lightweight and ideal for parrying.Skill: ParryRepel an attack at the right time to follow up with a critical hit. Works while equipped in either hand."
"486","Shields","Shields","Warrior's Round Shield","https://darksouls3.wiki.fextralife.com/Warrior's+Round+Shield","Standard round wooden shield. It bears a double-bladed axe, the mark of a warrior. Wooden shields are light, manageable, and offer relatively high magic absorption. Skill: Weapon SkillEquipping this shield in the left hand allows one to perform the Skill of the right hand weapon."
"487","Shields","Shields","Hawkwood's Shield","https://darksouls3.wiki.fextralife.com/Hawkwood's+Shield","Shield that belonged to Hawkwood, a deserter from the Undead Legion. The unique swordsmanship of the Watchers does not normally allow for the use of shields. The unique swordsmanship of the Watchers would not allow such a shield, and Hawkwood's very possession of it was telltale of his defeat. Skill: ParryRepel an attack at the right time to follow up with a critical hit. Works while equipped in either hand."
"488","Shields","Shields","Caduceus Round Shield","https://darksouls3.wiki.fextralife.com/Caduceus+Round+Shield","Standard round wooden shield. It is decorated with twin snakes, an ancient symbol of the Great Swamp. Wooden shields are light, manageable, and offer relatively high magic absorption.Skill: ParryRepel an attack at the right time to follow up with a critical hit. Works while equipped in either hand."
"489","Shields","Shields","Crimson Parma","https://darksouls3.wiki.fextralife.com/Crimson+Parma","Standard round wooden shield. It is daubed with a red paint that symbolizes the blood of warriors. Wooden shields are light, manageable, and offer relatively high magic absorption. Skill: ParryRepel an attack at the right time to follow up with a critical hit. Works while equipped in either hand."
"490","Shields","Shields","Leather Shield","https://darksouls3.wiki.fextralife.com/Leather+Shield","An orthodox, round small shield covered with leather. Small shields offer little damage absorption or stability, but they are lightweight and make ideal instruments for parrying. Skill: ParryRepel an attack at the right time to follow up with a critical hit. Works while equipped in either hand."
"491","Shields","Shields","Sacred Bloom Shield","https://darksouls3.wiki.fextralife.com/Sacred+Bloom+Shield","A treasured antique of the Way of White, known to some as the Sorcerer's Bane. The large blossom design that graces the shield is said to be a sacred flame, and the shield is blessed with high magic protection. Skill: Spell Parry Repel an attack at the right time to follow up with a critical hit. Works while equipped in either hand. Also deflects spells."
"492","Shields","Shields","Small Leather Shield","https://darksouls3.wiki.fextralife.com/Small+Leather+Shield","A small, leather-covered round shield.It features a large central protrusion designed for parrying attacks.Skill: Parry Repel an attack at the right time to follow up with a critical hit. Works while equipped in either hand."
"493","Shields","Shields","","https://darksouls3.wiki.fextralife.com/Llewellyn+Shield","Metal shield crafted by the great smith.Fashioned from rare geisteel, it excels at various types of damage absorption.Skill: ParryRepel an attack at the right time to follow up with a critical hit. Works while equipped in either hand."
"494","Shields","Shields","Golden Falcon Shield","https://darksouls3.wiki.fextralife.com/Golden+Falcon+Shield","A metal shield fashioned in the form of a falcon with wings outstretched. The golden falcon was the emblem of an ancient band of sellswords, and even to this day, many mercenaries remain who look upon it as a token of good fortune. Skill: Parry Repel an attack at the right time to follow up with a critical hit. Works while equipped in either hand."
"495","Shields","Shields","Eastern Iron Shield","https://darksouls3.wiki.fextralife.com/Eastern+Iron+Shield","A thick, round metal shield decorated with the unique crest of an eastern land. Heaviest of the small shields, it is impressively weighty and thus able to deflect attacks with ease. Skill: Weapon SkillEquipping this shield in the left hand allows one to perform the Skill of the right hand weapon."
"496","Shields","Shields","Plank Shield","https://darksouls3.wiki.fextralife.com/Plank+Shield","Makeshift shield cobbled together from wooden planks.Provides minimal protection, and at the cost of moderate humiliation.Skill: Shield BashWithout lowering your guard, strike the enemy with the shield to knock them back or stagger them. Works while equipped in either hand."
"497","Shields","Shields","Ghru Rotshield","https://darksouls3.wiki.fextralife.com/Ghru+Rotshield","A rotting makeshift shield scavenged by the forest-dwelling Ghrus. Barely effective as a shield. However, its rotten state has made it poisonous, and resistant to other poisons as a result. Skill: Shield Bash Without lowering your guard, strike the enemy with the shield to knock them back or stagger them. Works while equipped in either hand."
"498","Shields","Shields","","https://darksouls3.wiki.fextralife.com/Wargod+Wooden+Shield","Wooden shield reinforced with metal. The largest of the wooden medium shields.The bizarre pattern featured on the shield is the mark of a mad god, revered as a god of war in remote regions.Skill: Weapon SkillEquipping this shield in the left hand allows one to perform the Skill of the right hand weapon."
"499","Shields","Shields","Spider Shield","https://darksouls3.wiki.fextralife.com/Spider+Shield","A shield bearing a large etching of a spider.Shields of this style are commonly used by savage mountain bandits, and offer high resistance to poison.Skill: Weapon SkillEquipping this shield in the left hand allows one to perform the Skill of the right hand weapon."
"500","Shields","Shields","Sunset Shield","https://darksouls3.wiki.fextralife.com/Sunset+Shield","Shield of the Holy Knights of the Sunless Realms. Engraved with a brilliant flame crest that burns brightly within the order's customary sunset colors. This design symbolizes those who both harbor and oppose the power of flame."
"501","Shields","Shields","Shield of Want","https://darksouls3.wiki.fextralife.com/Shield+of+Want","Shield of an ancient king who was cursed by an all-consuming thirst. In the end, he was no king.The residue of the king's lust still smolders within this shield, increasing the number of souls absorbed when enemies are defeated.Skill: Weapon SkillEquipping this shield in the left hand allows one to perform the Skill of the right hand weapon."
"502","Shields","Shields","Silver Eagle Kite Shield","https://darksouls3.wiki.fextralife.com/Silver+Eagle+Kite+Shield","Orthodox metal shield engraved with a crest depicting a silver eagle.Medium shields are the most average of shields, providing a practical balance of damage absorption, stability and weight.Skill: Weapon SkillEquipping this shield in the left hand allows one to perform the Skill of the right hand weapon."
"503","Shields","Shields","","https://darksouls3.wiki.fextralife.com/Kite+Shield","An orthodox metal shield.Medium shields are the most average of shields, providing a practical balance of damage absorption, stability and weight.Skill: ParryRepel an attack at the right time to follow up with a critical hit. Works while equipped in either hand."
"504","Shields","Shields","","https://darksouls3.wiki.fextralife.com/Pierce+Shield","An unusual style of round shield peculiar to the knights of Catarina. The center of the shield features a large, sharpened spike, which is used to skewer opponents. Skill: Shield Bash Without lowering your guard, strike the enemy with the shield to knock them back or stagger them. Works while equipped in either hand."
"505","Shields","Shields","Stone Parma","https://darksouls3.wiki.fextralife.com/Stone+Parma","A round, stone shield, once carried by an old knight who turned to stone himself.It has powerful defensive properties for its size, but is extremely heavy.Skill: Weapon SkillEquipping this shield in the left hand allows one to perform the Skill of the right hand weapon."
"506","Shields","Shields","Spiked Shield","https://darksouls3.wiki.fextralife.com/Spiked+Shield","Shield of Longfinger Kirk, the notorious Knight of Thorns. The surface bristles with thorns. Its vicious design makes it an effective weapon, and its thorns can inflict heavy bleeding on those unfortunate enough to be struck. Skill: Shield Strike Use shield to attack enemies. Works while equipped in either hand."
"507","Shields","Shields","Crest Shield","https://darksouls3.wiki.fextralife.com/Crest+Shield","A knight's shield engraved with a crest.One of the enchanted blue shields. The Crest Shield greatly reduces dark damage.Skill: ParryRepel an attack at the right time to follow up with a critical hit. Works while equipped in either hand.Parry Type: Normal The most common parrying speed for shields."
"508","Shields","Shields","Grass Crest Shield","https://darksouls3.wiki.fextralife.com/Grass+Crest+Shield","Old medium metal shield of unknown origin.The grass crest is lightly imbued with magic, which slightly speeds stamina recovery.Skill: ParryRepel an attack at the right time to follow up with a critical hit. Works while equipped in either hand."
"509","Shields","Shields","Dragon Crest Shield","https://darksouls3.wiki.fextralife.com/Dragon+Crest+Shield","A knight's shield engraved with a crest depicting a dragon.One of the enchanted blue shields. The Dragon Crest Shield greatly reduces fire damage.Skill: ParryRepel an attack at the right time to follow up with a critical hit. Works while equipped in either hand."
"510","Shields","Shields","East-West Shield","https://darksouls3.wiki.fextralife.com/East-West+Shield","A wooden shield decorated with the ancient symbol of the two-headed eagle. Close to a small shield in size. Wooden shields are light, manageable, and offer relatively high magic absorption. Skill: Parry Repel an attack at the right time to follow up with a critical hit. Works while equipped in either hand."
"511","Shields","Shields","Blue Wooden Shield","https://darksouls3.wiki.fextralife.com/Blue+Wooden+Shield","A wooden shield painted bright blue, the symbol of clerics who have become undead. Close to a small shield in size.Wooden shields are light, manageable, and offer relatively high magic absorption.Skill: ParryRepel an attack at the right time to follow up with a critical hit. Works while equipped in either hand."
"512","Shields","Shields","Knight Shield","https://darksouls3.wiki.fextralife.com/Knight+Shield","Orthodox shield of the kind commonly used by low-ranking knights. Medium shields are the most average of shields, providing a practical balance of damage absorption, stability and weight. Skill: ParryRepel an attack at the right time to follow up with a critical hit. Works while equipped in either hand."
"513","Shields","Shields","Pontiff Knight Shield","https://darksouls3.wiki.fextralife.com/Pontiff+Knight+Shield","Shield of the Pontiff's knights, frigid spirits that linger in Irithyll.This blue-gray shield, shrouded in a thinly cold air, is light and brittle.Skill: Weapon SkillEquipping this shield in the left hand allows one to perform the Skill of the right hand weapon."
"514","Shields","Shields","Silver Knight Shield","https://darksouls3.wiki.fextralife.com/Silver+Knight+Shield","Heavy shield carried by the Silver Knights who served the old royal family. A flowing canal is chiseled deeply into its face. The Silver Knights stayed behind to protect the humble manor and ruined cathedral. Though their goddess has long since left, her blessing upon her knights' shields remains. Skill: ParryRepel an attack at the right time to follow up with a critical hit. Works while equipped in either hand."
"515","Shields","Shields","Porcine Shield","https://darksouls3.wiki.fextralife.com/Porcine+Shield","Shield based on a pig's head, depicted with unsettling authenticity. Shields such as these were made to shame weak-willed knights, and those who carried these shields were subject to merciless ridicule. No one will defend a craven who abases himself. Skill: Shield Bash Without lowering your guard, give the enemy a good shove with the shameful pig's snout. Works while equipped in either hand."
"516","Shields","Shields","Spirit Tree Crest Shield","https://darksouls3.wiki.fextralife.com/Spirit+Tree+Crest+Shield","A knight's shield engraved with a crest depicting a spirit tree.One of the enchanted blue shields. The Spirit Tree Crest Shield greatly reduces lightning damage."
"517","Shields","Shields","Black Knight Shield","https://darksouls3.wiki.fextralife.com/Black+Knight+Shield","Shield of the Black Knights who roam the lands. A flowing canal is chiseled deeply into its face.Long ago, the black knights faced the chaos demons, and were charred black, but their shields became highly resistant to fire. Skill: Weapon SkillEquipping this shield in the left hand allows one to perform the Skill of the right hand weapon."
"518","Shields","Shields","Golden Wing Crest Shield","https://darksouls3.wiki.fextralife.com/Golden+Wing+Crest+Shield","A blue knight's shield engraved with a golden wing crest.This shield is exceptional amongst the enchanted blue shields; not only does it boast high magic absorption, but also enables its wielder to parry spells."
"519","Shields","Shields","Large Leather Shield","https://darksouls3.wiki.fextralife.com/Large+Leather+Shield","Orthodox round shield covered with leather. Medium shields are the most average of shields, providing a practical balance of damage absorption, stability and weight. Skill: ParryRepel an attack at the right time to follow up with a critical hit. Works while equipped in either hand."
"520","Shields","Shields","Wooden Shield","https://darksouls3.wiki.fextralife.com/Wooden+Shield","A vertically elongated wooden shield decorated with a white dragon. Wooden shields are light, manageable, and offer relatively high magic absorption. Skill: Parry Repel an attack at the right time to follow up with a critical hit. Works while equipped in either hand."
"521","Shields","Shields","Lothric Knight Shield","https://darksouls3.wiki.fextralife.com/Lothric+Knight+Shield","Shield of the renowned Lothric Knights, decorated with the royal crest. The Lothric Knights contended with dragons, and their shields have suitably high lightning absorption befitting a dragonslayer's arms."" Skill: Parry Repel an attack at the right time to follow up with a critical hit. Works while equipped in either hand."
"522","Shields","Shields","Sunlight Shield","https://darksouls3.wiki.fextralife.com/Sunlight+Shield","A large, circular shield made of metal and decorated with a holy symbol depicting the sun. This shield was used by the old Knight of Sunlight, and the illustration is his own. Regardless, it has no particular divine powers."
"523","Shields","Shields","Carthus Shield","https://darksouls3.wiki.fextralife.com/Carthus+Shield","The tattered remnants of a leather shield used by a Carthus swordsman. The swordsmen of Carthus were particularly agile, and this common shield is surprisingly light for one of medium size."
"524","Shields","Shields","","https://darksouls3.wiki.fextralife.com/Round+Shield","Standard round wooden shield. Wooden shields are light, manageable, and offer relatively high magic absorption. Skill: Parry Repel an attack at the right time to follow up with a critical hit. Works while equipped in either hand."
"525","Shields","Shields","Black Iron Greatshield","https://darksouls3.wiki.fextralife.com/Black+Iron+Greatshield","Greatshield made of black iron, deeply feared for its association with Knightslayer Tsorig.Black iron offers high defense, and is particularly effective at warding off fire.Skill: Shield BashWithout lowering your guard, strike the enemy with the shield to knock them back or stagger them. Works while equipped in either hand."
"526","Shields","Shields","Bonewheel Shield","https://darksouls3.wiki.fextralife.com/Bonewheel+Shield","A giant wooden wheel, encircled by spikes and half-melded to a strange skeleton. Can serve as a makeshift greatshield, albeit one with great great gaps. Its true value is revealed through use of its Skill. Skill: Wheel of FateThrust out the wheel and give it a good spin, shredding enemies with the outer lining of spikes."
"527","Shields","Shields","Moaning Shield","https://darksouls3.wiki.fextralife.com/Moaning+Shield","A deformed greatshield given to Eygon of Carim upon being conferred knighthood. The giant woman's face that protects Eygon is that of his sister, some years his senior. Skill: MoanOffer a gentle prayer to the shield, causing the woman's face to give out a low moan and attract enemies."
"528","Shields","Shields","Twin Dragon Greatshield","https://darksouls3.wiki.fextralife.com/Twin+Dragon+Greatshield","The lightest of all greatshields, made from wood and decorated with a two-headed dragon.Greatshields are the largest type of shield, and offer both high stability and damage absorption, making it easy to deflect enemy attacks.Skill: Shield BashWithout lowering your guard, strike the enemy with the shield to knock them back or stagger them. Works while equipped in either hand."""
"529","Shields","Shields","Stone Greatshield","https://darksouls3.wiki.fextralife.com/Stone+Greatshield","A mossy stone disc. Though terribly heavy, it can serve as a shield.The disc is a relic of ancient magic, and one can practically feel the power flowing through it.Skill: Shield BashWithout lowering your guard, strike the enemy with the shield to knock them back or stagger them. Works while equipped in either hand."
"530","Shields","Shields","Lothric Knight Greatshield","https://darksouls3.wiki.fextralife.com/Lothric+Knight+Greatshield","Greatshield of the renowned Lothric Knights, decorated with a holy symbol.The knights who formed the High Priestess' guard carried greatshields such as these, which were granted high magic absorption through her blessing.Skill: Shield BashWithout lowering your guard, strike the enemy with the shield to knock them back or stagger them. Works while equipped in either hand."
"531","Shields","Shields","Curse Ward Greatshield","https://darksouls3.wiki.fextralife.com/Curse+Ward+Greatshield","Greatshield given to those who resisted the curse long ago.Far too heavy for an ordinary person, perhaps it signifies the foolishness of resisting the curse.And yet, those who bear the weight of this shield will not find its protections against curses wanting.Skill: Weapon SkillEquipped this shield in the left hand allows one to perform the Skill of the right hand weapon."
"532","Shields","Shields","Yhorm's Greatshield","https://darksouls3.wiki.fextralife.com/Yhorm's+Greatshield","Greatshield used long ago by Yhorm the Giant. Increases the user's poise.As a lord, Yhorm risked everything and fought unflinchingly as a one-man vanguard. Following the loss of the one he wished to protect, he forsook his shield. Skill: Shield BashWithout lowering your guard, strike the enemy with the shield to knock them back or stagger them. Works while equipped in either hand."
"533","Shields","Shields","Greatshield of Glory","https://darksouls3.wiki.fextralife.com/Greatshield+of+Glory","A greatshield adorned with flowing patterns, a celebration of an ancient glory. Boasts the highest stability of such shields, but with reduced stamina regeneration speed. Perhaps it is glory that begets such indolence. Skill: Shield BashWithout lowering your guard, strike the enemy with the shield to knock them back or stagger them. Works while equipped in either hand."
"534","Shields","Shields","Dragonslayer Greatshield","https://darksouls3.wiki.fextralife.com/Dragonslayer+Greatshield","Melted iron shield that once formed part of the Dragonslayer Armour.The shield offers high protection to lightning, which the Dragonslayer commanded as his own, and its Skill has faint echoes of the Dragonslayer's own fighting style. Skill: Shield BashWithout lowering your guard, strike the enemy with the shield to knock them back or stagger them. Works while equipped in either hand."
"535","Shields","Shields","Havel's Greatshield","https://darksouls3.wiki.fextralife.com/Havel's+Greatshield","A tremendously solid and heavy greatshield, cut straight from a great slab of stone.Said to be a relic of the legendary Havel the Rock, along with the Dragon Tooth. The shield is imbued with a special power reminiscent of Havel himself. Skill: Stone Flesh Raise the shield in silent prayer, turning the user's body into a solid mass of stone."
"536","Shields","Shields","Ancient Dragon Greatshield","https://darksouls3.wiki.fextralife.com/Ancient+Dragon+Greatshield","A wooden shield bearing the image of an ancient dragon. Very slowly regenerates HP.The painting is the result of an exquisite but painstaking technique. Lingering, undying traces of the ancient dragons can still be seen in their descendants, the man-serpents, though they have fallen far from grace."
"537","Shields","Shields","Wolf Knight's Greatshield","https://darksouls3.wiki.fextralife.com/Wolf+Knight's+Greatshield","Greatshield of a knight tainted by the dark of the Abyss, and master of the wolf's blood of Farron. Boasts consistent defense and divine protection against various status effects. Skill: Weapon SkillEquipping this shield in the left hand allows one to perform the Skill of the right hand weapon."
"538","Shields","Shields","Cathedral Knight Greatshield","https://darksouls3.wiki.fextralife.com/Cathedral+Knight+Greatshield","A heavy iron shield used by the knights of the Cathedral of the Deep. The blessings of the Cathedral have granted it high dark absorption.The face of the shield is decorated with the emblem of an old king of Lothric: a bold image of a great bird gazing skywards.Skill: Shield BashWithout lowering your guard, strike the enemy with the shield to knock them back or stagger them. Works while equipped in either hand."
"539","Weapons","Weapons","Dagger","https://darksouls3.wiki.fextralife.com/Dagger","Standard small dagger.Small daggers lack power or reach, but can deal quick consecutive hits due to their light weight. Highly effective when used for critical hits, such as after parrying or attacking from behind.Skill: QuickstepInstantly step behind or around the side of foes. Especially effective when locked on to target."
"540","Weapons","Weapons","Parrying Dagger","https://darksouls3.wiki.fextralife.com/Parrying+Dagger","Dagger with a greatly curved guard.A dagger made especially for parrying which is usually equipped in one's left hand in place of a shield.Skill: ParryRepel an attack at the right time to follow up with a critical hit. Works while equipped in either hand."
"541","Weapons","Weapons","Mail Breaker","https://darksouls3.wiki.fextralife.com/Mail+Breaker","A small sword made for thrusting attacks.This hard, edgeless sword can pierce through tough armor, and boasts a deadly critical attack.Skill: Shield SplitterAim carefully, and attack in a large forward lunge to pierce through enemy shields and inflict damage directly."
"542","Weapons","Weapons","Bandit's Knife","https://darksouls3.wiki.fextralife.com/Bandit's+Knife","A wide single-edged shortsword.Primarily a slicing weapon, but its blade is crafted to cause bleeding, making it a favorite of lowly thieves and bandits.Skill: QuickstepInstantly step behind or around the side of foes. Especially effective when locked on to target."
"543","Weapons","Weapons","Rotten Ghru Dagger","https://darksouls3.wiki.fextralife.com/Rotten+Ghru+Dagger","A crude, half-rotten dagger.Choice weapon of the blunt-horned Ghrus, descendants of the acolytes of Farron Keep.The rancid blade is drenched in rotten waste, making it acutely poisonous.Skill: QuickstepInstantly step behind or around the side of foes. Especially effective when locked on to target."
"544","Weapons","Weapons","Corvian Greatknife","https://darksouls3.wiki.fextralife.com/Corvian+Greatknife","Dagger of the unwanted, those guided by heretical storytellers. A rather large dagger with a powerful attack, but this transparent attempt to intimidate foes reveals much about its owner's fears.Skill: Blind SpotUse against shielded foes to break through their guard by attacking from the side."
"545","Weapons","Weapons","Handmaid's Dagger","https://darksouls3.wiki.fextralife.com/Handmaid's+Dagger","Dagger used by handmaids of the Profaned Capital. Each successful attack replenishes a slight amount of FP. It is said that these women took pleasure in wounding others.Skill: Blind SpotUse against shielded foes to break through their guard by attacking from the side."
"546","Weapons","Weapons","Tailbone Short Sword","https://darksouls3.wiki.fextralife.com/Tailbone+Short+Sword","Twisted dagger favored by the wretched, failed prisoners of Irithyll Dungeon. Crafted from a feeble tailbone, and seen as a sign of the dragons. Their screams are oft heard inside the dungeon, as they naively mutilate their unworthy flesh.Skill: Unleash DragonThrust the dagger to unleash the strength of dragons, similar to an ancient dragon weapon, only with its power tragically faded."
"547","Weapons","Weapons","Brigand Twindaggers","https://darksouls3.wiki.fextralife.com/Brigand+Twindaggers","These paired daggers are the preferred weapons of the brigands of a distant land. When two-handed, the wielder holds a blade in each hand, allowing for divergent attacks that include left-handed moves. Skill: Quickstep Instantly step behind or around the side of foes. Especially effective when locked on to target."
"548","Weapons","Weapons","Harpe","https://darksouls3.wiki.fextralife.com/Harpe","The large sickle-shaped body, used for severing corpses, is a worker’s tool in the Undead Settlement.The sharp edge is on the inside of the weapon, itself designed for cutting and pulling, thus allowing for good damage against shielded foes.Skill: QuickstepInstantly step behind or around the side of foes. Especially effective when locked on to target."
"549","Weapons","Weapons","","https://darksouls3.wiki.fextralife.com/Aquamarine+Dagger","A dagger fitted with aquamarine crystal.Engraved with a prayer in the old tongue to ward off incident. Perhaps it was a parting gift given to one sent off on great travels. Skill: Crystal BladeRelease magic for the aquamarine crystals, creating a fleeting blue crystal blade, lengthy enough to swing as a straight sword."
"550","Weapons","Weapons","","https://darksouls3.wiki.fextralife.com/Murky+Hand+Scythe","A short-shafted hand scythe wielded by the murkmen who rise from the depths.Enveloped by a black dampness, and imbued with the strength of dark Skill: QuickstepInstantly step behind or around the side of foes. Especially effective when locked on to target."
"551","Weapons","Weapons","Shortsword","https://darksouls3.wiki.fextralife.com/Shortsword","Small straight sword excelling in thrusting attacks. The shortsword is a light and easily wielded straight sword, due to its minimal attribute requirements. Skill: StanceWhile in stance, use normal attack to break a foe's guard from below, and strong attack to slash upwards with a forward lunge."
"552","Weapons","Weapons","Long Sword","https://darksouls3.wiki.fextralife.com/Long+Sword","A balanced, widely-used standard straight sword. Inflicts reliable standard damage, as well as high thrust damage. Skill: StanceWhile in stance, use normal attack to break a foe's guard from below, and strong attack to slash upwards with a forward lunge."
"553","Weapons","Weapons","Broadsword","https://darksouls3.wiki.fextralife.com/Broadsword","A straight sword with a broad blade designed for slashing.A large sweeping attack makes this effective against crowds, but is prone to deflection from walls in narrow spaces.Skill: StanceWhile in stance, use normal attack to break a foe's guard from below, and strong attack to slash upwards with a forward lunge."
"554","Weapons","Weapons","Broken Straight Sword","https://darksouls3.wiki.fextralife.com/Broken+Straight+Sword","A straight sword with a broken blade.A weapon with no exceptional qualities. Only a mad Hollow would choose to fight with this.Skill: StanceWhile in stance, use normal attack to break a foe's guard from below, and strong attack to slash upwards with a forward lunge. Only, neither move will appear very impressive with a broken sword."
"555","Weapons","Weapons","Astora Straight Sword","https://darksouls3.wiki.fextralife.com/Astora+Straight+Sword","A well-crafted sword named after the ruined land.Astora, before its fall, was a land replete with royal blood, and this weapon is both a reminder and heirloom of that era.Skill: StanceWhile in stance, use normal attack to break a foe's guard from below, and strong attack to slash upwards with a forward lunge."
"556","Weapons","Weapons","Lothric Knight Sword","https://darksouls3.wiki.fextralife.com/Lothric+Knight+Sword","A well-crafted straight sword designed for thrusting attacks, wielded by the venerable Knights of Lothric. The Knights of Lothric, with their drakes, once crushed anything that threatened their shores. Of course, that was a long, long time ago.Skill: StanceWhile in stance, use normal attack to break a foe's guard from below, and strong attack to slash upwards with a forward lunge."
"557","Weapons","Weapons","Barbed Straight Sword","https://darksouls3.wiki.fextralife.com/Barbed+Straight+Sword","Sword of Longfinger Kirk, the infamous Knight of Thorns. This sword's blade is lined with countless deadly thorns.The thorns of this ominous weapon induce heavy bleeding.Skill: StanceWhile in stance, use normal attack to break a foe's guard from below, and strong attack to slash upwards with a forward lunge."
"558","Weapons","Weapons","Dark Sword","https://darksouls3.wiki.fextralife.com/Dark+Sword","Pitch-black straight sword of the Darkwraith, survivor of the land swallowed by darkness.The Darkwraiths were the first red orb invaders, and originators of a unique sword technique inspired by their thick, broad blades.Skill: StompUse one's weight to lunge forward with a low stance and increased poise, and follow with strong attack for an upward slash."
"559","Weapons","Weapons","Irithyll Straight Sword","https://darksouls3.wiki.fextralife.com/Irithyll+Straight+Sword","Straight sword bestowed upon the Outrider Knights of the Boreal Valley. This weapon is enshrouded in frost, and causes frostbite.Every Outrider Knight one day devolves into a beast, constantly hounded by Pontiff Sulyvahn's black eyes.Skill: StanceWhile in stance, use normal attack to break a foe's guard from below, and strong attack to slash upwards with a forward lunge."
"560","Weapons","Weapons","Anri's Straight Sword","https://darksouls3.wiki.fextralife.com/Anri's+Straight+Sword","Sword precious to Anri, another Unkindled. The dullest type of blade found in the ruined land of Astora.Only, it was once the sword of an earnest noble figure, and its attacks are boosted by that elusive, essential property unique to humans: luck.Skill: StanceWhile in stance, use normal attack to break a foe's guard from below, and strong attack to slash upwards with a forward lunge."
"561","Weapons","Weapons","Sunlight Straight Sword","https://darksouls3.wiki.fextralife.com/Sunlight+Straight+Sword","Straight sword imbued with the strength of lightning.This featureless long sword contains the very power of the sun. Perhaps is a relic of one-sided adoration.Skill: Oath of SunlightRaise the sword aloft when praising the sun to boost attack and damage absorption for self and allies in vicinity. The warriors of sunlight are co-operators from an ancient age."
"562","Weapons","Weapons","Morion Blade","https://darksouls3.wiki.fextralife.com/Morion+Blade","A twisted sword resembling the towers of Londor's Sable Church. Eight branching blades and thorns induce bleeding.The church's blessing makes the weapon revel in the agony of its owner. Heavy losses of HP boost attack, a curse most befitting its deformed appearance.Skill: StanceWhile in stance, use normal attack to break a foe's guard from below, and a strong attack to slash upwards with a forward lunge."
"563","Weapons","Weapons","Lothric's Holy Sword","https://darksouls3.wiki.fextralife.com/Lothric's+Holy+Sword","Prince Lothric's straight sword, blessed by Emma with potent magic. Young Lothric was meant to be a champion, and was expected to wield this platinum sword, but some things will remain distant dreams forever.Skill: Sacred Lothric LightAssume stance to imbue sword with sacred light, and use strong attack to release light together with a great thrust of the sword."
"564","Weapons","Weapons","Gotthard Twinswords","https://darksouls3.wiki.fextralife.com/Gotthard+Twinswords","The hunters known as the King's Black Hands wielded paired weapons. These belonged to Gotthard, who fled the castle. Gotthard rose quickly through the knighthood, no surprise to those who have witnessed his swordsmanship. Skill: Spin SlashSlice into foes with a large spinning motion, and use strong attack to lengthen attack and end with a double-bladed thrust."
"565","Weapons","Weapons","Valorheart","https://darksouls3.wiki.fextralife.com/Valorheart","Weapon once wielded by the Champion of the Undead Match. A special paired set consisting of a broad sword and a lion shield. The champion fought on, without rest, until he lost his mind. In the end, only his page and a lone wolf stayed at his side. Skill: Lion Stance While in stance, use normal attack to thrust forward with shield up, and strong attack to execute a shield bash with a lion's roar."
"566","Weapons","Weapons","","https://darksouls3.wiki.fextralife.com/Ringed+Knight+Straight+Sword","Straight sword wielded by the Ringed Knights. The arms of early men were forged in the Abyss, and betray a smidgen of life. For this reason the gods cast a seal of fire upon these swords, and those who possessed them. Skill: EmberStand ready with the timeworn blade as it restores its ancient brilliance and reignites a short-lived flame. From this stance transition to normal or strong attack."
"567","Weapons","Weapons","Bastard Sword","https://darksouls3.wiki.fextralife.com/Bastard+Sword","A widely-used heavy greatsword normally wielded with two hands. Broad horizontal sweeping attacks make this sword effective against multiple enemies, but unwieldy in narrow spaces.Skill: StompUse one's weight to lunge forward with a low stance and increased poise, and follow with a strong attack for an upward slash."
"568","Weapons","Weapons","Claymore","https://darksouls3.wiki.fextralife.com/Claymore","An unusually large and heavy greatsword normally wielded with two hands. This highly versatile weapon can be swung broadly or thrusted. Skill: Stance While in stance, use normal attacks to break a foe's guard from below, and strong attack to slash upwards with a forward lunge."
"569","Weapons","Weapons","Hollowslayer Greatsword","https://darksouls3.wiki.fextralife.com/Hollowslayer+Greatsword","Greatsword used for a lifetime by a masked knight. Harbors the fears that lurk within the mind of Hollows, and is particularly effective against them. Bestowed to a proper Mirrah knight long ago. Two-hand to execute special sword techniques.Skill: StanceWhile in stance, use normal attack to break a foe’s guard from below, and strong attack to slash upwards with a forward lunge."
"570","Weapons","Weapons","Firelink Greatsword","https://darksouls3.wiki.fextralife.com/Firelink+Greatsword","The Lords of Cinder linked the First Flame, and this Greatsword was wielded by their deific manifestation. This coiled sword, found thrust in the bonfire, existed long before the throneless lords themselves.Skill: EmberThe fading flame momentarily illuminates and launches itself forward."
"571","Weapons","Weapons","Black Knight Sword","https://darksouls3.wiki.fextralife.com/Black+Knight+Sword","Greatsword wielded by the Black Knights who wander the lands. Designed to face chaos demons.The Black Knights constantly faced foes larger than themselves, and this sword's unique attack greatly reduces enemy poise.Skill: PerseveranceRaise sword in the name of the First Lord to temporarily boost poise. Damage reduces while activated."
"572","Weapons","Weapons","Flamberge","https://darksouls3.wiki.fextralife.com/Flamberge","Greatsword with an undulating blade. The blade, resembling flame, was crafted to mutilate flesh and induce bleeding.Skill: StanceWhile in stance, use normal attack to break a foe’s guard from below, and strong attack to slash upwards with a forward lunge."
"573","Weapons","Weapons","Executioner's Greatword","https://darksouls3.wiki.fextralife.com/Executioner's+Greatsword","Greatsword of a debauched executioner used for beheadings. This sword retains a keen memory of its executioner's duty, and absorbs FP from each fallen foe. Skill: Stomp Use one's weight to lunge forward with a low stance and increased poise, and follow with strong attack for a spinning slash."
"574","Weapons","Weapons","Wolf Knight's Greatsword","https://darksouls3.wiki.fextralife.com/Wolf+Knight's+Greatsword","Greatsword of a knight tainted by the dark of the Abyss, and master of the wolf's blood of Farron. The wolf knight was the first Abyss Watcher, and his sword is more punishing against creations of the abyss. Skill: Wolf Sword While in stance, use normal attack for a low spinning slash, or the strong attack to leap forward in a vertically-slashing somersault."
"575","Weapons","Weapons","Wolnir's Holy Sword","https://darksouls3.wiki.fextralife.com/Wolnir's+Holy+Sword","A holy sword eroded by the Abyss. When Wolnir fell to the Abyss, he was gripped by a fear of true darkness, and pleaded to the gods for the first time.This holy sword, together with three armlets stripped from the corpses of clerics, gave him some semblance of comfort.Skill: Wrath of the GodsThrust weapon into earth to emit powerful shockwave. The wrath of those swallowed by the Abyss is a thing to be wary of indeed."
"576","Weapons","Weapons","Greatsword of Judgment","https://darksouls3.wiki.fextralife.com/Greatsword+of+Judgment","A ceremonial sword, held in Pontiff Sulyvahn's left hand, respresenting the judgement of the moon, but with magic far closer to sorcery than any existing lunar power. Its dark blue hues, deeper than the darkest moon, reflect sorcerer Sulyvahn's true nature.Skill: Stance of JudgmentAssume stance to unleash dark magic. Use normal attack for a lunging thrust, and strong attack to emit side-sweeping wave."
"577","Weapons","Weapons","Storm Ruler","https://darksouls3.wiki.fextralife.com/Storm+Ruler","Greatsword with a broken blade, also known as the Giantslayer for the residual strength of storm that brings giants to their knees.Yhorm the Giant once held two of these, but gave one to the humans that doubted him, and left the other to a dear friend before facing his fate as a Lord of Cinder.Skill: Storm KingAssume stance to imbue sword with storm. Most effective when facing giants."
"578","Weapons","Weapons","Moonlight Greatsword","https://darksouls3.wiki.fextralife.com/Moonlight+Greatsword","Legendary dragon weapon associated with Seath the paledrake.Charge strong attack to its limit to unleash moonlight wave.Oceiros, the Consumed King, was infatuated with the search for moonlight, but in the end, it never revealed itself to him.Skill: Moonlight VortexDraw sword back and thrust to unleash torrential moonlight."
"579","Weapons","Weapons","Twin Princes' Greatsword","https://darksouls3.wiki.fextralife.com/Twin+Princes'+Greatsword","Sword forged from the reunion of the inseparable swords born from the souls of Lothric and Lorian, the twin princes.Their union is rooted in a curse, and perpetuated by grief.Skill: Sacred Light and FlameWhile in stance, use normal attack to cast Sacred Lothric Light, and strong attack to cast Flame of Lorian."
"580","Weapons","Weapons","Drakeblood Greatsword","https://darksouls3.wiki.fextralife.com/Drakeblood+Greatsword","Greatsword wielded by an order of knights who venerate dragon blood.This sword, its blade engraved with script symbolizing dragon blood, inflicts magic and lightning damage.Skill: StanceWhile in stance, use normal attack to break a foe’s guard from below, and strong attack to slash upwards with a forward lunge."
"581","Weapons","Weapons","Onyx Blade","https://darksouls3.wiki.fextralife.com/Onyx+Blade","Elfriede, the eldest amongst her sisters and leader of the Sable Church, bestowed this sword to her knight. Only, the sword was a farewell gift, and acceptance signified the knight's resignation from Elfriede's service. Skill: Elfriede's Blackflame Enwreath blade with blackflame, born of the similarly-hued flame that smolders within her."
"582","Weapons","Weapons","","https://darksouls3.wiki.fextralife.com/Gael's+Greatsword","Greatsword of Slave Knight Gael, the only weapon that he kept with him from beginning to end. Originally an executioner's sword made for decapitation, this blade is heavily chipped and stained with the blood of countless battles. Skill: Blade of PerilA precarious technique unique to undead Gael. Leap in any direction, slamming the greatsword to the ground, then follow with normal attack for a large spinning slash, or strong attack to back-step and jump foward in an overhead slam."
"583","Weapons","Weapons","Zweihander","https://darksouls3.wiki.fextralife.com/Zweihander","Ultra greatsword with a large, long blade. Wielded with two hands, yet still requiring great strength due to its weight. Execute powerful attacks that take advantage of its weight, or utilize its sharp blade in thrust attacks.Skill: StompUse one’s weight to lunge forward with a low stance and increased poise, and follow with strong attack for an upward slash."
"584","Weapons","Weapons","Greatsword","https://darksouls3.wiki.fextralife.com/Greatsword","This ultra greatsword, with its thick blade, is one of the heaviest of its kind.Highly destructive if intolerably heavy.There would appear to be some credence to the rumors that this sword tested the true limits of human strength.Skill: StompUse one's weight to lunge forward with a low stance and increased poise, and follow with strong attack for a spinning slash."
"585","Weapons","Weapons","Astora Greatsword","https://darksouls3.wiki.fextralife.com/Astora+Greatsword","This greatsword, bestowed only upon elite knights, is a relic of the ruined land of Astora. Designed for a focus on thrust attacks, this sword is hard and sharp, but not unusually heavy. Skill: Charge Hold sword at waist and charge at foe. Use strong attack while charging to extend the length of the charge."
"586","Weapons","Weapons","Farron Greatsword","https://darksouls3.wiki.fextralife.com/Farron+Greatsword","Greatsword of the Abyss watchers which is atypically paired with a dagger.The dagger is utilized as a wedge in the left hand while the greatsword is held in the right, a unique technique that was synonymous with the Undead Legion. Confounds foes the manner of wolves hunting prey. Skill: ParryDeflect an attack when timed properly and follow up with a critical hit, executed with the dagger."
"587","Weapons","Weapons","Fume Ultra Greatsword","https://darksouls3.wiki.fextralife.com/Fume+Ultra+Greatsword","This twisted sword, the heaviest of all ultra greatswords, resembles black slate.This weapon, said to belong to a traitor from long ago, was so heavy that it found no owner, and became a forgotten relic of history.Skill: StompUse one's weight to lunge forward with a low stance and increased poise, and follow with a crushing strong attack."
"588","Weapons","Weapons","Profaned Greatsword","https://darksouls3.wiki.fextralife.com/Profaned+Greatsword","A ceremonial sword, held in Pontiff Sulyvahn's right hand, representing the Profaned Flame.Long ago, when Sulyvahn was yet a young sorcerer, he discovered the Profaned Capital and an unfading flame below a distant tundra of Irithyll, and a burning ambition took root within him.Skill: Profaned FlameTemporarily summon the Profaned Flame. Lunge forward and use strong attack to enshroud blade in flame."
"589","Weapons","Weapons","Cathedral Knight Greatsword","https://darksouls3.wiki.fextralife.com/Cathedral+Knight+Greatsword","Ultra greatsword wielded by the knights of the Cathedral of the Deep. Highly destructive if intolerably heavy. Its blade is flattened for use as a strike weapon, but the point at the end allows for thrusting."
"590","Weapons","Weapons","Black Knight Greatsword","https://darksouls3.wiki.fextralife.com/Black+Knight+Greatsword","Ultra greatsword wielded by the Black Knights who wander the lands. Designed to face chaos demons.The Black Knights constantly faced foes larger than themselves, and this sword's unique attack greatly reduces enemy poise. Skill: StompUse one's weight to lunge forward with a low stance and increased poise, and follow with a strong attack for a spinning slash."
"591","Weapons","Weapons","Lorian's Greatsword","https://darksouls3.wiki.fextralife.com/Lorian's+Greatsword","Ultra greatsword of Lorian, Prince Lothric's older brother. Cast in smoldering molten steel, and stained black. Before Lorian embraced his brother's curse, he was a knight who single handedly slayed the demon prince, but the victory eternally scorched his sword with flame. Skill: Flame of Lorian Lunge forward to transform smolder into flame, and follow with strong attack to launch flame across ground."
"592","Weapons","Weapons","Lothric Knight Greatsword","https://darksouls3.wiki.fextralife.com/Lothric+Knight+Greatsword","Ultra greatsword of the venerable knights of Lothric. Imbued with the strength of lightning, the trademark of dragon hunting. Very few have demonstrated the extreme strength and dexterity required for this weapon, even in the long history of the Lothric Knights. Skill: Stomp Use one's weight to lunge forward with a low stance and increased poise, and follows with strong attack for an upward slash."
"593","Weapons","Weapons","","https://darksouls3.wiki.fextralife.com/Ringed+Knight+Paired+Greatswords","Paired black greatswords wielded by the Ringed Knights.The arms of early men were forged in the Abyss, and betray a smidgen of life. For this the gods cast a seal of fire upon such weapons, and those who possessed them. Skill: EmberCross the twin timeworn greatswords to reignite a short-lived flame. A lightning-quick upward heave slices the very air, and transitions into normal or strong attacks."
"594","Weapons","Weapons","Crescent Moon Sword","https://darksouls3.wiki.fextralife.com/Crescent+Moon+Sword","Ringfinger Leonhard's weapon of choice, a type of shotel imbued with the power of the moon.Leonhard set out on a journey of rebirth, but decided instead to serve the goddess as a knight, and inherited this weapon. Skill: Crescent BladeAssume a broad stance and fire off crescent moon blades."
"595","Weapons","Weapons","Scimitar","https://darksouls3.wiki.fextralife.com/Scimitar","Small curved sword that excels in swift movements and consecutive attacks.The scimitar's flesh-rending slash atacks are greatly compromised against armor and tough scale-covered hides.Skill: Spin SlashSlice into foes with a large spinning motion, and follow with strong attack for a spinning vertical-slash."
"596","Weapons","Weapons","Pontiff Knight Curved Sword","https://darksouls3.wiki.fextralife.com/Pontiff+Knight+Curved+Sword","Curved sword wielded by the Pontiff’s knights, frigid spirits that linger in Irithyll.The large blade appears to be eaten away by insects, making it lightweight but also brittle.Skill: Frost BladeExecute large spinning motion to imbue blade with frost, and follow through with a strong attack that slashes with a giant blade made of frost."
"597","Weapons","Weapons","Falchion","https://darksouls3.wiki.fextralife.com/Falchion","Standard curved sword and widely-used slashing weapon.The falchion's flesh-rending slash attacks are greatly compromised against armor and tough scale-covered hides.Skill: Spin SlashSlice into foes with a large spinning motion, and continue spinning to transition into strong attack."
"598","Weapons","Weapons","Sellsword Twinblades","https://darksouls3.wiki.fextralife.com/Sellsword+Twinblades","Paired scimitars used by certain sellswords. The scimitars' sharp blades make for effective slashing attacks, but fare poorly against metal armor and tough scale-covered hides. With a scimitar in each hand, the wielder can vary their onslaught with unique left-handed attacks when in the proper stance. Skill: Spin Slash Slice into foes with a large spinning motion, and continue spinning to transition into a strong attack"
"599","Weapons","Weapons","Warden Twinblades","https://darksouls3.wiki.fextralife.com/Warden+Twinblades","Paired weapon wielded by the grave wardens of the Cathedral of the Deep. The grave wardens of the cathedral, who put down reincarnating corpses, wield weapons that cause profuse bleeding, for the loss of blood and bodily fluids is said to slow reanimation. Skill: Spin Slash Slice into foes with a large spinning motion, and continue spinning to transition into strong attack."
"600","Weapons","Weapons","Shotel","https://darksouls3.wiki.fextralife.com/Shotel","Broadly curved sword known as the favored weapon of the tragic Embraced Knight. Shaped to sneak around the defenses of shields, this sword requires ample dexterity to wield effectively. Skill: Spin Slash Slice into foes with a large spinning motion, and follow with strong attack for a spinning vertical-slash."
"601","Weapons","Weapons","Painting Guardian's Curved Sword","https://darksouls3.wiki.fextralife.com/Painting+Guardian's+Curved+Sword","A weapon described in legends passed down amongst heretics, wielded by the Painting Guardians.A uniquely shaped weapon with a flat tip.Skill: Chained DanceExecute relentless consecutive attacks while tracing a circle in a unique dance of deadly grace."
"602","Weapons","Weapons","Dancer's Enchanted Swords","https://darksouls3.wiki.fextralife.com/Dancer's+Enchanted+Swords","Paired enchanted swords that Pontiff Sulyvahn bestowed upon the Dancer of the Boreal Valley. These blades, symbollic of the Dancer's vows, are enchanted with dark magic in the right hand, and fire in the left, mirroring the Pontiff.Skill: Dancer's GraceUnleash the fury of both blades in a dancing spin motion and use strong attack to continue the performance until stamina is exhausted."
"603","Weapons","Weapons","Storm Curved Sword","https://darksouls3.wiki.fextralife.com/Storm+Curved+Sword","Curved sword imbued with the strength of the Stormdrake.The Nameless King, ally of the ancient dragons, fought beside the Stormdrake in countless battles. When the great beast fell, the king claimed his soul, as was the custom in the age of gods.Skill: TornadoImbue blade with the wrath of storm in a spinning motion, and follow with a strong attack to bear that wrath upon foes."
"604","Weapons","Weapons","Carthus Curved Sword","https://darksouls3.wiki.fextralife.com/Carthus+Curved+Sword","Curved sword of Carthus swordsmen. This weapon's thick, heavy blade is crafted to cause bleeding, and requires ample strength and dexterity to wield effectively, suggesting that the swordsmen of Carthus were amongst the mightiest.Skill: Spin SlashSlice into foes with a large spinning motion, and continue spinning to transition into strong attack."
"605","Weapons","Weapons","Carthus Shotel","https://darksouls3.wiki.fextralife.com/Carthus+Shotel","Strangely curved sword crafted to cause bleeding, wielded by Carthus swordsmen.Shaped to sneak around the defenses of shields, this sword requires ample dexterity to wield effectively.Skill: Spin SlashSlice into foes with a large spinning motion, and continue spinning to transition into strong attack."
"606","Weapons","Weapons","Rotten Ghru Curved Sword","https://darksouls3.wiki.fextralife.com/Rotten+Ghru+Curved+Sword","A crude, half-rotten curved sword. Choice weapon of the blunt-horned Ghrus, descendants of the acolytes of Farron Keep. The rancid blade is drenched in rotten waste, making it acutely poisonous.Skill: Spin SlashSlice into foes with a large spinning motion, and continue spinning to transition into strong attack."
"607","Weapons","Weapons","Follower Sabre","https://darksouls3.wiki.fextralife.com/Follower+Sabre","Great curved sword wielded by Farron Followers. Its great weight enables heavy-handed chain attacks. The Followers brandish their swords to hunt warriors taken by the Abyss. Their technique is honed to face men, implying those yet to lose their human aspect are their likeliest prey. Skill: Prying Wedge A chain attack that wedges below foes and swings upward, breaking their guard. Strong attack can be used to follow up the onslaught with a fatal blow."
"608","Weapons","Weapons","Murakumo","https://darksouls3.wiki.fextralife.com/Murakumo","The curved greatsword of Alva, Seeker of the Spurned, specially forged in an eastern land. Sharp but heavy, this sword requires extreme strength and dexterity to wield.The search for the spurned had no end, and so the wayfaring knight warmed to a most deformed weapon.Skill: Spin SlashSlice into foes with a large spinning motion, and continue spinning to transition into a strong attack."
"609","Weapons","Weapons","Exile Greatsword","https://darksouls3.wiki.fextralife.com/Exile+Greatsword","Bloodstained greatsword wielded by one of the Watchdogs of Farron, who preside over the slumber of fallen warriors. The blade is a reminder of the exile's past misdeeds.Inhuman strength is required to wield this heaviest of curved greatswords.Skill: Spin SlashSlice into foes with a large spinning motion, and continue spinning to transition into a strong attack."
"610","Weapons","Weapons","Old Wolf Curved Sword","https://darksouls3.wiki.fextralife.com/Old+Wolf+Curved+Sword","Curved sword bearing the soul of the old wolf that stays with the Watchdogs of Farron.This sword, like a wolf on the prowl, boosts attack and restores HP with each consecutive hit.Skill: Wolf LeapSlice into foes with a large spinning motion, then leap out of harm's way and follow through with a strong attack."
"611","Weapons","Weapons","Carthus Curved Greatsword","https://darksouls3.wiki.fextralife.com/Carthus+Curved+Greatsword","Large curved sword wielded by swordsmen of Carthus.The lightest of the curved greatswords. Crafted to cause bleeding.Skill: Spin SlashSlice into foes with a large spinning motion, and continue spinning to transition into strong attack."
"612","Weapons","Weapons","","https://darksouls3.wiki.fextralife.com/Harald+Curved+Greatsword","Giant gold-decorated curved sword wielded by warriors of the Harald Legion, who sought the dark soul. The swords sank into the dark with the legion, where their blades were severely corroded. Skill: SeverHold the giant blade with both hands and slash repeatedly at foe's feet."
"613","Weapons","Weapons","Darkdrift","https://darksouls3.wiki.fextralife.com/Darkdrift","A cursed sword with an unseen blade, the choice weapon of Yuria of Londor.Yuria, a mentor of the Sable Church and accomplished swordswoman, is said to have claimed a hundred lives with this weapon. Skill: DarkdriftAim carefully, and pierce with a large forward lunge. The unseen blade penetrates straight through shields, for nothing can defend from Darkdrift."
"614","Weapons","Weapons","Uchigatana","https://darksouls3.wiki.fextralife.com/Uchigatana","A unique katana characterized by the fine craftsmanship of an eastern land where it was forged. The finely-sharpened blade cuts flesh like butter and causes bleeding, but breaks easily as a result.Skill: Hold Assume a holding stance to rapidly execute a lunging slash with a normal attack, or a deflecting parry with the strong attack."
"615","Weapons","Weapons","Washing Pole","https://darksouls3.wiki.fextralife.com/Washing+Pole","A stunning, unusually long katana forged in an eastern land. The extreme length of this blade provides immense range, but also renders the blade extremely fragile.Skill: HoldAssume a holding stance to rapidly execute a lunging slash with normal attack, or a deflective parry with strong attack."
"616","Weapons","Weapons","Onikiri and Ubadachi","https://darksouls3.wiki.fextralife.com/Onikiri+and+Ubadachi","The hunters known as the King's Black Hands wielded paired weapons. These belonged to Kamui, who looked after the prince.Kamui brought Onikiri with him to the Undead Settlement, where he forged Ubadachi, and was finally prepared to join the ranks of the royal hunters.Skill: OnislayerLeap forward and slash mercilessly with both blades, cutting open foes."""
"617","Weapons","Weapons","Black Blade","https://darksouls3.wiki.fextralife.com/Black+Blade","A short katana wielded by the swordsman and distinguished guest of High Lord Wolnir. This shiny black blade is thick, but shorter than the typical katana.The swordsman was a master of a rare technique, traces of which can be observed in this weapon's strong attack.Skill: HoldAssume a holding stance to rapidly execute a lunging slash with a normal attack, or a deflecting parry with a strong attack."
"618","Weapons","Weapons","Chaos Blade","https://darksouls3.wiki.fextralife.com/Chaos+Blade","A cursed sword of unknown origin bearing uncanny streaks on its blade. Attacks also damage its wielder.The sword is not unlike a thing misshapen, granted life, but never welcome in this world. In other words, chaos itself.Skill: HoldAssume a holding stance to rapidly execute a lunging slash with normal attack, or a deflecting parry with strong attack."
"619","Weapons","Weapons","Bloodlust","https://darksouls3.wiki.fextralife.com/Bloodlust","Katana of the old Mound-maker.The Mound-maker piled sacrifices upon the altar, but became the final offering himself, leaving this katana as a gift for his dear family.Skill: BloodlustStain blade with one’s own blood to temporarily grant uncanny sharpness. For one driven by bloodlust, nothing deserves to remain standing."
"620","Weapons","Weapons","","https://darksouls3.wiki.fextralife.com/Frayed+Blade","A dragon weapon symbolizing Darkeater Midir. The once-exquisite blade is now stained black, and frayed at the hilt. Without its sheath, it will soon crumble into nothing. Skill: HoldAssume a holding stance in which a normal attack sends a shockwave along the earth, and a strong attack commences a series of slashes."
"621","Weapons","Weapons","Estoc","https://darksouls3.wiki.fextralife.com/Estoc","Large thrusting sword used for piercing through the armor of enemies. The sharp edge of the sword's rock-solid blade can also be used in slashing attacks.Skill: Lock onto your target and hit them in a large forward lunge to pierce through enemy shields and inflict staggering damage."
"622","Weapons","Weapons","Rapier","https://darksouls3.wiki.fextralife.com/Rapier","A lightweight thrusting sword used in noble duels employing refined techniques.The primary attack of a thrusting sword is a series of stabs that render foes vulnerable for a devastating final thrust. Can also attack with shield up.Skill: StanceFrom stance, use normal attack to back step and execute a surprise attack, or strong attack for consecutive thrusting."
"623","Weapons","Weapons","Ricard's Rapier","https://darksouls3.wiki.fextralife.com/Ricard's+Rapier","A strikingly decorative rapier of an Undead prince spoken of in ancient stories.Although many of the tales surrounding the prince are questionable, this thrusting weapon suggests that the stories of his graceful technique were in fact true.Skill: Ricard's Lunge and PressAssume a quick stance, lunge forward, and execute a stunning chain attack. Sustain offensive with strong attack."
"624","Weapons","Weapons","Crystal Sage's Rapier","https://darksouls3.wiki.fextralife.com/Crystal+Sage's+Rapier","Thrusting Sword with tiny crystals scattered across its blade, used by the Crystal Sages for self-defence.The crystals boost the magic damage inflicted by the sword, and the item discovery of its wielder, fruit of the lifetime of research conducted by the sages.Skill: Stance. From stance, use normal attack to back step and execute a surprise attack, or a strong attack for consecutive thrusting."
"625","Weapons","Weapons","Irithyll Rapier","https://darksouls3.wiki.fextralife.com/Irithyll+Rapier","Thrusting sword bestowed upon the Outrider Knights of the Boreal Valley. This weapon is shrouded in frost, and causes frostbite.Every Outrider Knight one day devolves into a beast, constantly hounded by Pontiff Sulyvahn's black eyes.Skill: Shield SplitterAim carefully, and attack in a large forward lunge to pierce through enemy shields and inflict damage directly."
"626","Weapons","Weapons","Crow Quills","https://darksouls3.wiki.fextralife.com/Crow+Quills","Thrusting sword wielded by Corvian Knights, and a special paired weapon. When twin-handed, brandish four thin-edge blades in the left hand. In their infatuation with Sister Friede, the Corvian Knights swore to protect the painting from fire, and to this end, took to the execution of their own brethren. Skill: Quill Dart Simultaneously throw temporarily substantial illusions of the four thin-edged blades wielded in the left hand."
"627","Weapons","Weapons","Battle Axe","https://darksouls3.wiki.fextralife.com/Battle+Axe","Easily-wielded axe crafted for battle and inflicting standard damage.It's weight can be used to inflict high damage, but must be used carefully as it leaves its wielder open to retaliation.Skill: WarcryLet out a spirited warcry that temporarily boosts attack."
"628","Weapons","Weapons","Hand Axe","https://darksouls3.wiki.fextralife.com/Hand+Axe","A crude hand-axe that serves both as a weapon, and a tool of many uses.Favored by pyromancers of the Great Swamp, this axe has a short range but only moderate weight, and reasonable damage. Easily wielded, and more powerful than it appears.Skill: WarcryLet out a spirited warcry that temporarily boosts attack."
"629","Weapons","Weapons","Thrall Axe","https://darksouls3.wiki.fextralife.com/Thrall+Axe","Small hand axe used by Lothric slaves. A cunning weapon for a cunning lot, this axe is quick and deadly.Skill: QuickstepInstantly step behind or around the side of foes. Especially effective when locked on to target."
"630","Weapons","Weapons","Brigand Axe","https://darksouls3.wiki.fextralife.com/Brigand+Axe","Axe favored by brigands of a distant land. Surprisingly sturdy battle axe that requires more strength to wield than a standard axe.Skill: WarcryLet out a spirited warcry that temporarily boosts attack."
"631","Weapons","Weapons","Dragonslayer's Axe","https://darksouls3.wiki.fextralife.com/Dragonslayer's+Axe","Axe favored by Creighton the Wanderer, infamous deserter of the Knights of Mirrah.Called Dragonslayer's Axe for the lightning that pulsates within its blade, but Creighton used it to slay men.Skill: WarcryLet out a spirited warcry that temporarily boosts attack, and pierce through shields to inflict direct damage."
"632","Weapons","Weapons","Butcher Knife","https://darksouls3.wiki.fextralife.com/Butcher+Knife","Butcher's knife with an oddly large blade wielded by the madwoman haunting the Road of Sacrifices. Squarely-landed hits restore HP. Back in the Undead Settlement, the woman acquired a taste for human flesh, of which she took glee in partaking. Skill: Sharpen Sharpening the blade increases HP restored with each successful hit."
"633","Weapons","Weapons","Winged Knight Twinaxes","https://darksouls3.wiki.fextralife.com/Winged+Knight+Twinaxes","Paired beheading axes wielded by the Winged Knights, who swore themselves to the Angels.These axes, more befitting of an executioner than a knight, are indented to fit the human body.Skill: Chain SpinSweep foes in a large spinning motion and use strong attack to continue the motion until stamina is exhausted."
"634","Weapons","Weapons","Eleonora","https://darksouls3.wiki.fextralife.com/Eleonora","A strange weapon found among malformed inhabitants of the Profaned Capital.The Profaned Flame was triggered by the curse of these women, relatives of a certain oracle, but despite their culpability, they went on living, without any cares.Skill: Feast BellHold up axe and wave to emit a solemn chime to temporarily make weapons lacerating, and to restore HP for each hit."
"635","Weapons","Weapons","Man Serpent Hatchet","https://darksouls3.wiki.fextralife.com/Man+Serpent+Hatchet","Hatchet of the serpent men guarding Archdragon Peak. Has a unique, curved blade that can sneak past shields.Skill: WarcryLet out a spirited warcry that temporarily boosts attack, and pierce through shields to inflict direct damage."
"636","Weapons","Weapons","Millwood Battle Axe","https://darksouls3.wiki.fextralife.com/Millwood+Battle+Axe","Battle axe wielded by Millwood Knights. Its blade is blessed by the symbol of the Ethereal Oak A hefty axe normally wielded by the mightiest of warriors. Skill: Warcry The unique warcry of the Millwood Knights entailed a leap straight toward the enemy and a fearsome roar."
"637","Weapons","Weapons","Greataxe","https://darksouls3.wiki.fextralife.com/Greataxe","Greataxe resembling a hunk of raw iron.If one posesses the inhuman strength required to lift the weapon, the great heft of its attacks will send foes flying. However, since every swing makes use of one's entire body, attacks leave the wielder wide open to retaliation.Skill: WarcryLet out a spirited warcry that temporarily boosts attack."
"638","Weapons","Weapons","Dragonslayer Greataxe","https://darksouls3.wiki.fextralife.com/Dragonslayer+Greataxe","Melted iron greataxe that once formed part of the Dragonslayer Armour.Thickly imbued with the power of lightning. Use skill to draw upon the techniques used to slay the archdragons.Skill: Falling BoltHold axe high in the air to gather fierce lightning, and smash ground to whip the bolts to the ground."
"639","Weapons","Weapons","Demon's Greataxe","https://darksouls3.wiki.fextralife.com/Demon's+Greataxe","This greataxe, a favorite among demons, contains the strength of fire. The demons, born of Chaos, harbor fire, and yet they are twisted and malformed, such that they were never meant to be.Skill: Demonic FlareBriefly cause flame to flare, and smash it upon earth and foes."
"640","Weapons","Weapons","Great Machete","https://darksouls3.wiki.fextralife.com/Great+Machete","This giant machete has a slash attack, and is a worker's tool in the Undead Settlement.This dismantling tool was not originally intended for use in battle.Skill: SharpenScrape the blade to sharpen and enable a cleaner cut."
"641","Weapons","Weapons","Yhorm's Great Machete","https://darksouls3.wiki.fextralife.com/Yhorm's+Great+Machete","Great machete wielded long ago by Yhorm the Giant.Yhorm once lumbered on the frontlines with a greatshield. But one day, in place of his shield, a left-hand notch was added to his machete, enabling the smashing technique that would become the legacy of his later years.Skill: WarcryLet out a spirited warcry that temporarily boosts attack, and enables a crushing strong attack."
"642","Weapons","Weapons","Black Knight Greataxe","https://darksouls3.wiki.fextralife.com/Black+Knight+Greataxe","Greataxe of the black knights who wander the lands. Used to face chaos demons.The unique attack of this axe greatly reduces enemy poise, reflecting the tremendous size of the enemies that the knights have fearlessly faced.Skill: WarcryLet out a spirated warcry that temporarily boosts attack, and enables a special consecutive strong attack."
"643","Weapons","Weapons","Earth Seeker","https://darksouls3.wiki.fextralife.com/Earth+Seeker","This large twin-bladed axe forged with bronze is a ceremonial weapon normally used in sacred rites. Millwood is a land of primitive earth worship where chieftain knights served as high priests. Skill: Earthen Wrath Thrust weapon into earth with a prayer to trigger explosive tremors."
"644","Weapons","Weapons","Club","https://darksouls3.wiki.fextralife.com/Club","A simple wooden club. Characterized by savage leaping attacks.This crude bladeless strike weapon is effective against most foes, and can break the guard of a shield.Skill: WarcryLet out a spirited warcry that temporarily boosts attack, and enables a special consecutive strong attack."
"645","Weapons","Weapons","Drang Hammers","https://darksouls3.wiki.fextralife.com/Drang+Hammers","Paired hammers of the Drang Knights, descendants from the land known for the legend of the Linking of the Fire.When the Drang Knights disbanded, they scattered across the lands as sellswords. They quickly became known for shieldless, aggressive tactics that struck fear in the hearts of men.Skill: Spin BashBash foes with a large spinning motion, and utilize momentum to transition into an overhanded strong attack smash."
"646","Weapons","Weapons","Mace","https://darksouls3.wiki.fextralife.com/Mace","Iron hammer designed for use in battle. A common weapon for clerics.This bladeless strike weapon is effective against most foes, and can break the guard of a shield.Skill: PerserveranceAssume an unfaltering stance of prayer to temporarily boost poise. Damage reduced while activated."
"647","Weapons","Weapons","Morning Star","https://darksouls3.wiki.fextralife.com/Morning+Star","Hammer with a sharp spike on its pommel. One of the more barbaric cleric weapons.The sharp thorns allow this strike weapon to induce bleeding.Skill: PerseveranceAssume an unfaltering stance of prayer to temporarily boost poise. Damage reduced while activated."
"648","Weapons","Weapons","Reinforced Club","https://darksouls3.wiki.fextralife.com/Reinforced+Club","A club made more deadly by the attachment of numerous nails to its head. The nails allow this strike weapon to be lacerating, but the damage caused by their insertion has reduced its durability, making the weapon fragile. Skill: Warcry Let out a spirited warcry that temporarily boosts attack, and enables a special consecutive strong attack."
"649","Weapons","Weapons","Warpick","https://darksouls3.wiki.fextralife.com/Warpick","A war hammer with a long prolonged head.Was originally a pickaxe, but was refitted for battle. This simple but deadly weapon hits heavily with thrust damage,easily puncturing metal armor.Skill: GalvanizeTemporarily boost stamina recovery speed by sheer force of will, perhaps as a channeling of the original owners industrious efforts."
"650","Weapons","Weapons","Blacksmith Hammer","https://darksouls3.wiki.fextralife.com/Blacksmith+Hammer","Metal hammer passed down amongst blacksmiths of the shrine. Serves as a strike weapon, but also excels at reducing poise and breaking the guard of a shield.Of course, a hammer's true potential is realized in the hands of a blacksmith.Skill: PerseveranceAssume an unfaltering stance of prayer to temporarily boost poise. Damage reduced while activated."
"651","Weapons","Weapons","Gargoyle Flame Hammer","https://darksouls3.wiki.fextralife.com/Gargoyle+Flame+Hammer","Stone torch hammer wielded by gargoyles of the Profaned Capital. The Profaned Flame, which never goes out, imbues this weapon with a fire attack.Skill: Kindled FuryAnchor weapon in earth and use strong attack to launch successive volleys of fire from the tip of the hammer."
"652","Weapons","Weapons","Great Mace","https://darksouls3.wiki.fextralife.com/Great+Mace","Large mace wielded by the knights of the Cathedral of the Deep. The extremely heavy strike attacks of this weapon are devastating and will break weaker shields with a single blow. Wielding such a weapon will require inhuman strength. Skill: Perseverance Anchor weapon in earth to temporarily boost poise. Damage reduced while activated."
"653","Weapons","Weapons","Large Club","https://darksouls3.wiki.fextralife.com/Large+Club","Large wooden club. Requires considerable strength to wield.Characterized by savage leaping attacks. Its weight makes it easier to break the guard of shields.Skill: WarcryLet out a spirited warcry that temporarily boosts attack, and enables a special consecutive strong attack."
"654","Weapons","Weapons","Vordt's Great Hammer","https://darksouls3.wiki.fextralife.com/Vordt's+Great+Hammer","Great Hammer wielded by Vordt, the outrider knight of the Boreal Valley. Weapon is inbued with frost, and causes frostbite.Frost accumulates in the body causing frostbite, which saps one's health, lowers absorption, and slows stamina recovery.Skill: PerseveranceAnchor weapon in earth to temporarily boost poise. Damage reduced while activated."
"655","Weapons","Weapons","Morne's Great Hammer","https://darksouls3.wiki.fextralife.com/Morne's+Great+Hammer","Greathammer bestowed upon Carim Knights who demonstrate outstanding strength and unwavering faith. Decorated by a ward of Carim Temple, and imbued with the twisted rage of Apostle Morne.Skill: Morne's RageStick weapon into earth and emit a powerful shockwave. Also, similar to Perseverance, temporarily boosts poise and reduces damage received."
"656","Weapons","Weapons","Great Wooden Hammer","https://darksouls3.wiki.fextralife.com/Great+Wooden+Hammer","This giant wooden hammer is a worker's tool in the Undead Settlement. Intended to grind flesh and bone to prepare for burial, rather than use in battle.Skill: Spin BashBash foes with a large spinning motion. and utilize momentum to transition into an overhanded strong attack smash."
"657","Weapons","Weapons","Great Club","https://darksouls3.wiki.fextralife.com/Great+Club","Wood club fashioned from the branch of a giant tree. Requires considerable strength to wield.A hard, durable weapon. Its weight makes it easier to break the guard of shields.Skill: WarcryLet out a spirited warcry that temporarily boosts attack, and enables special consecutive strong attack."
"658","Weapons","Weapons","Smough's Great Hammer","https://darksouls3.wiki.fextralife.com/Smough's+Great+Hammer","Twisted great Hammer associated with Smough, the last knight to remain at his post, guarding the ruined cathedral.Restore HP while attacking, a carryover from Smough's past as an executioner.Skill: PerseveranceAnchor weapon in earth to temporarily boost poise. Damage reduced while activated."
"659","Weapons","Weapons","Old King's Great Hammer","https://darksouls3.wiki.fextralife.com/Old+King's+Great+Hammer","Great Hammer of the Old Demon King.This weapon has survived since old Izalith, and is imbued with remnants of the Chaos Flame.Skill: Molten PerseveranceAnchor weapon in earth to temporarily boost poise, and use strong attack to repeatedly stab earth to trigger molten explosions."
"660","Weapons","Weapons","Pickaxe","https://darksouls3.wiki.fextralife.com/Pickaxe","Tool used by a miner for digging up earth. Not intended for use in battle. Yet the strong downward swing of this tool once shattered large boulders, and easily punctures weaker armor. Skill: Galvanize Temporarily boosts stamina recovery speed by sheer force of will, which an old miner needed to get through the day."
"661","Weapons","Weapons","Dragon Tooth","https://darksouls3.wiki.fextralife.com/Dragon+Tooth","Created from an everlasting dragon tooth that will never break.Left by Havel himself, along with his boulder-like great shield. Grants its wielder resistance to magic and fire.Skill: PerserveranceAnchor weapon in earth to temporarily boost poise. Damage reduced while activated."
"662","Weapons","Weapons","Spiked Mace","https://darksouls3.wiki.fextralife.com/Spiked+Mace","Choice weapon of the evangelists of the Cathedral of the Deep, mentors of the dwellers of the Undead Settlement. Its long, sharp spikes cause great pain and bleeding.Skill: Spin BashBash foes with a large spinning motion, and utilize momentum to transition into an overhanded strong attack smash."
"663","Weapons","Weapons","Quakestone Hammer","https://darksouls3.wiki.fextralife.com/Quakestone+Hammer","A Stonehammer wielded by the Millwood Knights, with a head of naturally-formed stone. The Knights of Millwood would fight hand-in-hand with the earth itself, and this weapon, among the oldest in Millwood, is symbolic of that relationship. Skill: Quake Burrow hammer head into the ground with a great slam, and use strong attack to upheave earth, creating a shockwave that rumbles like a mighty warcry."
"664","Weapons","Weapons","","https://darksouls3.wiki.fextralife.com/Ledo's+Great+Hammer","Great Hammer wielded by the Silver Knight Ledo. Ledo's hammer is by far the heaviest weapon amongst those wielded by the knights of Anor Londo. Ledo, an eccentric who traveled aross the outskirts, became a close friend to the giants and even Havel, the Rock. Skill: Call to Stone Spin to lure stones to the steel hammer, and use strong attack to transition into an earth slam that shatters the stones in a shockwave."
"665","Weapons","Weapons","Caestus","https://darksouls3.wiki.fextralife.com/Caestus","A fistfighter's weapon made from thick straps of leather studded with iron rivets.When two-handed, caesti are equipped in each hand.Skill: PerseveranceCross arms in front of the body to temporarily boost poise. Damage reduced while activated."
"666","Weapons","Weapons","Demon's Fist","https://darksouls3.wiki.fextralife.com/Demon's+Fist","A demonic fist that burns with fiery essence. Its wielder can release this power through use of its Skill. When two-handed, fists are equipped in each hand.Skill: Flame WhirlwindSpin through opponents with abandon, flaming fists outstretched. Using a strong attack while spinning utilizes your momentum to slam the ground with both fists."
"667","Weapons","Weapons","Dark Hand","https://darksouls3.wiki.fextralife.com/Dark+Hand","Weapon that allows its wielder to evoke an art unique to Londor, the land of the Hollow. It is also said to be an ancient relic of a Primordial Serpent.The Dark Hand mercilessly saps the essence of its victims, and can also double as a special shield. Cannot be used two-handed.Skill: LifedrainEmbrace the victim and steal their HP. Can only be used against humans."
"668","Weapons","Weapons","Claw","https://darksouls3.wiki.fextralife.com/Claw","Weapon favored by intelligencers of an eastern land. The lacerations it infllicts do not mend easily.When two-handed, claws are equipped to each hand.Skill: Leaping SlashPerform a forward leaping slash at the opponent's head. When succesful, functions as a head shot, inflicting heavy damage."
"669","Weapons","Weapons","Manikin Claws","https://darksouls3.wiki.fextralife.com/Manikin+Claws","Weapon of the Pale Shades, assassins of the Sable Church of Londor. The curved claws cause heavy bleeding.When two handed, claws are equipped to each hand.Skill: QuickstepInstantly step behind or around the side of foes. Especially effective when locked on to target."
"670","Weapons","Weapons","Crow Talons","https://darksouls3.wiki.fextralife.com/Crow+Talons","Talons used by Corvian Knights. Inflicts five perpendicular slashes, causing heavy bleeding. In their infatuation with Sister Friede, the Corvian Knights swore to protect the painting from fire and to this end, too to the execution of their own brethren. Skill: Raptor Flurry Spread right and left talons like a broad set of wings and launch into a tornado of consecutive attacks."
"671","Weapons","Weapons","Arstor's Spear","https://darksouls3.wiki.fextralife.com/Arstor's+Spear","One of the curses that festered within the belly of the Greatwood, and a terrible weapon favored by Earl Arstor the Impaler. The spear is enwreathed in rotten, heavily poisonous meat. Defeating foes restores HP.Skill: Shield SplitterTake a large step forward and make a single focused thrust to puncture enemy shields and inflict damage."
"672","Weapons","Weapons","Drang Twinspears","https://darksouls3.wiki.fextralife.com/Drang+Twinspears","Paired spears of the Drang Knights, proclaimed descendants from the land known for the legend of the Linking of the Fire. When the Drang Knights disbanded, they scattered across the lands as sellswords. They quickly became known for shieldless, aggressive tactics that struck fear in the hearts of men.Skill: ChargeHold spear at waist and charge at foe. Use strong attack while charging to extend the length of the charge."
"673","Weapons","Weapons","Gargoyle Flame Spear","https://darksouls3.wiki.fextralife.com/Gargoyle+Flame+Spear","Stone torch spear wielded by gargoyles of the Profaned Capital.The Profaned Flame, which never goes out, imbues this weapon with a fire attack. Skill: Kindled ChargeHold spear at waist and charge at foe, using the momentum to transition to a fiery strong attack."
"674","Weapons","Weapons","Spear","https://darksouls3.wiki.fextralife.com/Spear","Common short spear that allows attacking with shield up.Spear attacks are centered on thrusting, but can inflict high damage when timed with the end of an enemy’s swing.Skill: Shield SplitterTake a large step forward and make a single focused thrust to puncture enemy shields and inflict damage."
"675","Weapons","Weapons","Tailbone Spear","https://darksouls3.wiki.fextralife.com/Tailbone+Spear","Twisted spear favored by the wretched, failed prisoners of Irithyll Dungeon.Crafted from a feeble tailbone, and seen as a sign of the dragons. Their screams are oft heard inside the dungeon, as they naively mutilate their unworthy flesh.Skill: Unleash DragonThrust the spear to unleash the strength of dragons, similar to an ancient dragon weapon, only with its power tragically faded."
"676","Weapons","Weapons","Pike","https://darksouls3.wiki.fextralife.com/Pike","Long spear with a very long hilt. Designed for long-range thrusting. Has the longest range of the non-projectile weapons, but its very length makes it unwieldy in certain situations.Skill: ChargeHold spear at waist and charge at foe. Use strong attack while charging to extend distance."
"677","Weapons","Weapons","Winged Spear","https://darksouls3.wiki.fextralife.com/Winged+Spear","A long-hilted spear with winged lugs. Long reach, and can be used with shield up. Spear attacks are centered on thrusting, but can inflict high damage when timed with the end of an enemy's swing.Skill: ChargeHold spear at waist and charge at foe. Use strong attack while charging to extend the length of the charge."
"678","Weapons","Weapons","Four-Pronged Plow","https://darksouls3.wiki.fextralife.com/Four-Pronged+Plow","This four-pronged plow is shaped like a fist, and is a worker's tool in the Undead Settlement.Not originally intended for battle, but serves as a deadly weapon owing to its sharp points.Skill: ChargeHold spear at waist and charge at foe. Only, it is important to have good footing."
"679","Weapons","Weapons","Saint Bident","https://darksouls3.wiki.fextralife.com/Saint+Bident","A silver bident decorated by a holy symbol, formerly wielded by Saint Klimt. He discarded this weapon, that draws upon one's faith, on the day that he put his own faith behind him. Skill: Charge Hold spear at waist and charge at foe. Use strong attack while charging to extend the length of the charge."
"680","Weapons","Weapons","Rotten Ghru Spear","https://darksouls3.wiki.fextralife.com/Rotten+Ghru+Spear","A crude, half-rotten curved spear.Choice weapon of the blunt-horned Ghrus, descendants of the acolytes of Farron Keep.The rancid tip is drenched in rotten waste, making it acutely poisonous.Skill: ChargeHold spear at waist and charge at foe. Use strong attack while charging to extend the length of the charge."
"681","Weapons","Weapons","Partizan","https://darksouls3.wiki.fextralife.com/Partizan","Spear with blade attached to broad point. Long reach, and can be used with shield up. Attacks faster with shield down.This weapon can utilize its blade for slicing attacks, and is generally adaptable to many situations, but in cramped quarters, its slices ricochet off walls.Skill: Spin SweepSweep foes in a large spinning motion, and utilize momentum to transition into an overhanded strong attack smash."
"682","Weapons","Weapons","Yorshka's Spear","https://darksouls3.wiki.fextralife.com/Yorshka's+Spear","This treasure, gifted to the Yorshka Church, is enchanted with a soporific spell, and was surreptitiously worshiped by Irithyll slaves. As a weapon, it is part spear and part hammer, the former allowing thrusting, and the latter allowing strikes.Skill: PacifyWith a prayer and an offering of this spear, temporarily wear down enemy FP with each strike."
"683","Weapons","Weapons","Dragonslayer Spear","https://darksouls3.wiki.fextralife.com/Dragonslayer+Spear","Cross spear associated with Ornstein the Dragonslayer. A weapon of the gods imbued with the strength of lightning.Two-handed thrust utilizes the support of the cross and requires great might, but can pierce deep into the flesh of dragons, and send mere men flying.Skill: Lightning ChargeCharge with spear at waist to enwreathe with lightning, then release bolts with final thrust."
"684","Weapons","Weapons","Dragonslayer Swordspear","https://darksouls3.wiki.fextralife.com/Dragonslayer+Swordspear","A dragon hunting weapon from the age of the gods. The earliest form of the cross spear, serving as both a sword and a spear.Its owner was the Nameless King, a deific hunter of dragons. The swordspear is imbued with lightning, of which he was the heir.Skill: Falling BoltHold swordspear high in the air to summon fierce lightning that descends upon distant foes."
"685","Weapons","Weapons","Soldering Iron","https://darksouls3.wiki.fextralife.com/Soldering+Iron","Branding iron used by the jailers prowling Irithyll Dungeon.Press its searing tip against foes to inflict fire damage, and temporarily block Estus healing.Skill: ChargeHold iron at waist and charge at foe. Use strong attack while charging to extend the length of the charge."
"686","Weapons","Weapons","Lothric Knight Long Spear","https://darksouls3.wiki.fextralife.com/Lothric+Knight+Long+Spear","Long spear wielded by the proud Lothric Knights. Designed for long-range thrusting. Lothric spear knights are known for their steadfastness, and this spear boosts the poise of its wielder.Skill: Charge Hold spear at waist and charge at foe. Use strong attack while charging to extend the length of the charge"
"687","Weapons","Weapons","Greatlance","https://darksouls3.wiki.fextralife.com/Greatlance","This lance features a long pole, and was originally intended to be used by knights for jousting.This weapon is primarily used in charging attacks, and would require tremendous strength and dexterity to be handled by a mere foot soldier.Skill: ChargeHold lance at waist and charge at foe. Use strong attack while charging to extend the length of the charge."
"688","Weapons","Weapons","Follower Javelin","https://darksouls3.wiki.fextralife.com/Follower+Javelin","Light spear wielded by the Farron Followers. Balanced to allow for throwing. The Followers attack in groups, surrounding foes, shielding themselves, and thrusting their spears at their foes. On a final command, they hurl their spears at their fallen foe, to give the retired warrior an honorable send-off. Skill: Hurl Spear Emulate the practice of the Followers by throwing an illusory spear that assumes temporary form."
"689","Weapons","Weapons","","https://darksouls3.wiki.fextralife.com/Lothric+War+Banner","The flagpole that once carried the Lothric crest, and guided the knights long ago. The tip of the pole is fitted with a sharply pointed decoration, letting it serve as a spear. Skill: Lothric War BannerWave the flagpole high in the air, like the days of yore, summoning an ethereal war banner that invigorates the attack of those who gather under it."
"690","Weapons","Weapons","","https://darksouls3.wiki.fextralife.com/Ringed+Knight+Spear","Black spear wielded by the Ringed Knights.The arms of early men were forged in the Abyss, and betray a smidgen of life. For this reason the gods cast a seal of fire upon these spears, and those who possessed them. Skill: EmberThrust the timeworn spear and watch it restore its ancient brilliance and reignite a short-lived flame, whose dull aftermath will carry on."
"691","Weapons","Weapons","Halberd","https://darksouls3.wiki.fextralife.com/Halberd","This long-hilted weapon mixing spear and axe is difficult to handle, requiring both strength and dexterityCan be thrust like a spear or swept sideways like an axe, making it a versatile weapon effective against multiple foes.Skill: ChargeHold spear at waist and charge at foe. Use strong attack while charging to extend the length of the charge."
"692","Weapons","Weapons","Lucerne","https://darksouls3.wiki.fextralife.com/Lucerne","A polearm with a sharp, hard pronged head that inflicts thrust attacks.The Lucerne is wielded overhand like a hammer, or can be swung from the side to break through shields.Skill: Spin SweepSweep foes in a large spinning motion, and utilize momentum to transition into an overhanded strong attack smash."
"693","Weapons","Weapons","Winged Knight Halberd","https://darksouls3.wiki.fextralife.com/Winged+Knight+Halberd","Halberd wielded by the Winged Knights, who swore themselves to the Angels.The thick, heavy, bloodstained blade can only be swung by one with inhuman strength.Skill: Chain SpinSweep foes in a large spinning motion and use strong attack to continue the motion until stamina is exhausted."
"694","Weapons","Weapons","Red Hilted Halberd","https://darksouls3.wiki.fextralife.com/Red+Hilted+Halberd","Long-hilted weapon mixing spear and axe. The red-hilted halberd is associated with clerics.Can be thrust like a spear or swept sideways like an axe, making it a versatile weapon effective against multiple foes.Skill: PerseveranceAssume an unfaltering stance of prayer to temporarily boost poise. Damage reduced while activated."
"695","Weapons","Weapons","Glaive","https://darksouls3.wiki.fextralife.com/Glaive","This halberd with a large blade was a scythe refitted for battle.Designed for slicing, and inflicts slash damage.Skill: Spin SweepSweep foes in a large spinning motion, and utilize momentum to transition into an overhanded strong attack smash."
"696","Weapons","Weapons","Crescent Axe","https://darksouls3.wiki.fextralife.com/Crescent+Axe","A crescent-shaped halberd resembling a long-handled battle axe.Traditionally wielded by Way of White clerics.Skill: WarcryLet out a spirited warcry that temporarily boosts attack."
"697","Weapons","Weapons","Gundyr's Halberd","https://darksouls3.wiki.fextralife.com/Gundyr's+Halberd","Halberd of Gundyr the Champion, received when he was charged with his duty.This old cast-iron halberd has the power to break poise, and is said to never crumble, seeming to suggest that Gundyr was fated to eternal service from the beginning.Skill: Champion's ChargeHold spear at waist and charge at foe, and use momentum to transition into sweeping strong attack."
"698","Weapons","Weapons","Black Knight Glaive","https://darksouls3.wiki.fextralife.com/Black+Knight+Glaive","Glaive of the black knights who wander the lands. Used to face chaos demons.The unique attack of this glaive greatly reduces enemy poise, reflecting the tremendous size of the enemies that the knights have fearlessly faced.Skill: Spin SweepSweep foes in a large spinning motion, and utilize momentum to transition into an overhanded strong attack."
"699","Weapons","Weapons","","https://darksouls3.wiki.fextralife.com/Splitleaf+Greatsword","A long-handled greatsword that made its way from a distant land. Crafted entirely with steel, making it exceedingly heavy.Splitleaf refers to the shape of the great blade, and its resemblance to the veins of a leaf. Skill: Wind WheelSpin weapon vigorously above head and sweep foes, and transition with normal or strong attack for continued spin attacks, which whip up wind and gain momentum, strengthening subsequent attacks."
"700","Weapons","Weapons","","https://darksouls3.wiki.fextralife.com/Crucifix+of+the+Mad+King","A cross spear hung with a malformed corpse. Once, a mad king was born to the pygmy royalty and Shira, knight of Filianore, put him to rest. But Shira's cross spear, unable to kill the undying king, only pinned itself to him. Shira delivered them together to the darkroom, where she stayed and held them close. Skill: Mad King's FollySlam malformed corpse into the ground to briefly awaken it, then fillet with strong attack to trigger a roar, a blessing, or vexation."
"701","Weapons","Weapons","Great Scythe","https://darksouls3.wiki.fextralife.com/Great+Scythe","Attacks with this large scythe, normally used for crop harvesting, are effective at breaking past shields.The magnificent sharp curved blade instills fear in opponents. Perhaps it is their survival instinct at work.Skill: Neck SwipeThis attack aims for the scruff of a foe's neck, and when successful, functions as a head shot, inflicting heavy damage."
"702","Weapons","Weapons","Pontiff Knight Great Scythe","https://darksouls3.wiki.fextralife.com/Pontiff+Knight+Great+Scythe","Great scythe wielded by the Pontiff's knights, frigid spirits that linger in Irithyll. The large blade appears to be eaten away by insects, making it lightweight but also brittle.Skill: FrostCreate a bone-chilling frost with each swing of the great scythe that causes a temporary frost effect."
"703","Weapons","Weapons","Great Corvian Scythe","https://darksouls3.wiki.fextralife.com/Great+Corvian+Scythe","Great scythe of the forlorn souls guided by heretical storytellers. The Mistress of the Painted World is said to wield a great scythe herself. Great scythes inflict profuse bleeding, such that the blood splatters on the wielder.Skill: Neck SwipeThis attack aims for the scruff of a foe's neck, and when successful, functions as a head shot, inflicting heavy damage."
"704","Weapons","Weapons","Friede's Great Scythe","https://darksouls3.wiki.fextralife.com/Friede's+Great+Scythe","A great scythe wielded by Sister Elfriede, with a curved blade thinly coated by Painted World frost that easily breaks the guard of shields. In the painting, the scythe is a symbol of a long-lost home, possibly explaining Elfriede's preference for it. Skill: Elfriede's Stance Conjure a magic bladed support scythe into the left hand while the great scythe remains in the right, a stance derived from Elfriede's former swordmanship. Use normal attack to leap forward and swing twice, or strong attack to coat the earth with running frost."
"705","Weapons","Weapons","Whip","https://darksouls3.wiki.fextralife.com/Whip","A leather whip that was never intended for use in combat.Of little use against armor and tough scales, but quite formidable against enemies with exposed skin.Skill: ImpactStrike from the left to evade shields and deal a stinging blow that temporarily slows stamina recovery. The shackles of bondage lie deep in the hearts of all humankind."
"706","Weapons","Weapons","Notched Whip","https://darksouls3.wiki.fextralife.com/Notched+Whip","A whip with thorny spikes that shred slaves, causing heavy bleeding. The Cleansing Chapel uses whips such as these in order to produce the drops and puddles to wipe clean during its rituals.Skill: ImpactStrike from the left to evade shields and deal a stinging blow that temporarily slows stamina recovery. The shackles of bondage lie deep in the hearts of all humankind."
"707","Weapons","Weapons","Witch's Locks","https://darksouls3.wiki.fextralife.com/Witch's+Locks","A whip fashioned from the black hair of a daughter of the Witch of Izalith, creator of the Flame of Chaos.The long, shining locks woven together to create this whip are imbued with the essence of fire, which can be channeled through the use of its skill. Skill: Flame WhipTemporarily coat the whip in fire, the self-same fire as that which consumed the Witch herself, it is said."
"708","Weapons","Weapons","Spotted Whip","https://darksouls3.wiki.fextralife.com/Spotted+Whip","Whip mottled with venomous-looking spots. Favored by some female pyromancers of the Great Swamp.As its noxious appearance would suggest, damage from this whip poisons its victims, slowly but surely guiding them to their deaths.Skill: ImpactStrike from the left to evade shields and deal a stinging blow that temporarily slows stamina recovery. The shackles of bondage lie deep in the hearts of all humankind."
"709","Weapons","Weapons","Black Bow of Pharis","https://darksouls3.wiki.fextralife.com/Black+Bow+of+Pharis","A black longbow named after a hero of old, known for the unusual stance from which it is fired. Has a longer range than standard bows, but successful usage requires a trained, dexterous hand.Skill: Pharis Triple-shotSwiftly nocks three arrows with finesse after drawing the bow, firing them simultaniously."
"710","Weapons","Weapons","Longbow","https://darksouls3.wiki.fextralife.com/Longbow","Longbow commonly used by hunters.Arrows must be equipped in order to use bows. Up to two kinds of arrow can be equipped at a time, and these can be switched as necessary.Skill: PuncturePull the arrow even further back for a more powerful shot that can also pierce shields."
"711","Weapons","Weapons","Short Bow","https://darksouls3.wiki.fextralife.com/Short+Bow","Standard small bow. Its size allows for quick shots. Arrows must be equipped in order to use bows. Up to two kinds of arrow can be equipped at a time, and these can be switched between as necessary.Skill: Rapid FireSwiftly nocks arrows with finesse after drawing the bow, allowing for consecutive shots."
"712","Weapons","Weapons","Dragonrider Bow","https://darksouls3.wiki.fextralife.com/Dragonrider+Bow","Longbow of the Dragonriders, who served the Old King of Want. The Dragonriders were the Old King's royal guard, and great strength was demanded of them. Merely drawing this bow calls for inhuman strength. The worthy few who can master this bow, however, use it to devastating effect.Skill: PuncturePull the arrow even further back for a more powerful shot that can also pierce shields."
"713","Weapons","Weapons","Composite Bow","https://darksouls3.wiki.fextralife.com/Composite+Bow","Composite short bow emphasizing power. Its size allows for quick shots.Though more powerful than standard bows, it also requires more strength of the user, and its range is short.Skill: Rapid FireSwiftly nocks arrows with finesse after drawing the bow, allowing for consecutive shots."
"714","Weapons","Weapons","Darkmoon Longbow","https://darksouls3.wiki.fextralife.com/Darkmoon+Longbow","Longbow of Darkmoon Gwyndolin, who was gradually devoured by Aldrich. This golden bow is imbued with powerful magic and is most impressive with Moonlight Arrows.Skill: Darkmoon ArrowInfuse a readied arrow with Darkmoon essence, granting it magic damage and the ability to pierce shields."
"715","Weapons","Weapons","","https://darksouls3.wiki.fextralife.com/White+Birch+Bow","A short bow crafted with white birch. Endowed with light-manipulating magic. The bow is a relic from an ancient land of sorceries that was swallowed by the Abyss, most known for its folktale of the heroic Abysswalker. Skill: Unseen ArrowArrows shot by large pulls of the bow are enchanted with a golden spell that turns them nearly invisible."
"716","Weapons","Weapons","Onislayer Greatbow","https://darksouls3.wiki.fextralife.com/Onislayer+Greatbow","A unique greatbow handed down in an eastern land, where tales are told of its use in slaying giant horned oni.Drawing a bow of this size takes time, and leaves the user vulnerable. Only specialized great arrows can be fired from the bow.Skill: Puncturing ArrowMasterfully fires off a great arrow that pierces through all enemies in its path, inflicting damage."
"717","Weapons","Weapons","Dragonslayer Greatbow","https://darksouls3.wiki.fextralife.com/Dragonslayer+Greatbow","Greatbow used by the Dragonslayers during the age of gods. Far greater in size than any normal bow, and far more devastating. The bow must be anchored in the ground to be fired, a time consuming operation that leaves the operator vulnerable. Only specialized great arrows can be fired from the bow.Skill: Puncturing ArrowMasterfully fires off a great arrow that pierces through all enemies in its path, inflicting damage."
"718","Weapons","Weapons","Millwood Greatbow","https://darksouls3.wiki.fextralife.com/Millwood+Greatbow","Greatbow crafted with black oak and wielded by Millwood Knights. Only specialized great arrows can be fired from the bow. It is said that the Millwood Knights used these to face their sworn enemy, the Abyss Dragon. Skill: Pierce Earth Fire a greatarrow with a burst of strength and a prayer that violently shakes its target and explodes on impact."
"719","Weapons","Weapons","Light Crossbow","https://darksouls3.wiki.fextralife.com/Light+Crossbow","Standard crossbow wielded by common soldiers. Must be readied before firing.Bolts must be equipped in order to use crossbows. Up to two kinds of bolt can be equipped at a time, and these can be switched between as necessary.Skill: TackleLunge into a shoulder tackle, pushing back enemies to create distance."
"720","Weapons","Weapons","Knight's Crossbow","https://darksouls3.wiki.fextralife.com/Knight's+Crossbow","Crossbow used by the proud knights of Lothric. It bears an elaborate gold design.The crossbow has been blessed with the power of lightning, in anticipation of the use of Lightning Bolts.Skill: TackleLunge into a shoulder tackle, pushing back enemies to create distance."
"721","Weapons","Weapons","Arbalest","https://darksouls3.wiki.fextralife.com/Arbalest","The largest crossbow, and suitably powerful for its size. The bow string is made of metal, requiring great strength to fire. Skill: Tackle Lunge into a shoulder tackle pushing back enemies to create distance."
"722","Weapons","Weapons","Sniper Crossbow","https://darksouls3.wiki.fextralife.com/Sniper+Crossbow","Long-range heavy crossbow used by Carim snipers.Its lengthy base makes aiming difficult, and accurate usage requires a trained, dexterous hand.Skill: TackleLunge into a shoulder tackle, pushing back enemies to create distance."
"723","Weapons","Weapons","Avelyn","https://darksouls3.wiki.fextralife.com/Avelyn","An extremely rare rapid-firing crossbow. Fires three successive bolts by means of an elaborate mechanism. Inflict heavy damage by making all three shots count. Despite its use as a weapon, this crossbow is also a priceless work of art, and it bears resemblance to a musical instrument. Skill: TackleLunge into a shoulder tackle, pushing back enemies to create distance."
"724","Weapons","Weapons","Heavy Crossbow","https://darksouls3.wiki.fextralife.com/Heavy+Crossbow","A large, powerful crossbow. Must be readied before firing.Bolts must be equipped in order to use crossbows.Up to two kinds of bolts can be equipped at a time, and these can be switched as necessarySkill: TackleLunge into a shoulder tackle, pushing back enemies to create distance."
"725","Weapons","Weapons","","https://darksouls3.wiki.fextralife.com/Repeating+Crossbow","This crossbow, customized for repeat-firing to face mobs alone, was wielded by Slave Knight Gael. Used in the battles of an endless journey, this crossbow is covered with twists and dinks, rusted with blood, and made extremely brittle from overuse. Skill: Repeat Fire Assume stance to activate repeat firing mechanism, and repeat fire with normal and strong attacks."
"726","Weapons","Weapons","Sorcerer's Staff","https://darksouls3.wiki.fextralife.com/Sorcerer's+Staff","Staff used to cast sorceries. A common catalyst given to sorcerers of the Vinheim Dragon School.Equip a catalyst to use sorceries. Sorceries must be tuned at a bonfire before use.Skill: Steady ChantBoost the strength of sorceries for a very short period. Works while equipped in either hand."
"727","Weapons","Weapons","Heretic's Staff","https://darksouls3.wiki.fextralife.com/Heretic's+Staff","Catalyst used by generations of heretic sorcerers.Sorcery is a logical academic discipline, and the power of sorceries depends heavily on the caster's intelligence.Skill: Steady ChantBoost the strength of sorceries for a very short period. Works while equipped in either hand."
"728","Weapons","Weapons","Witchtree Branch","https://darksouls3.wiki.fextralife.com/Witchtree+Branch","The branch of a large, well-tended witchtree, used as a sorcery catalyst.Witchtree staves are customary in the far north, and allow for faster casting than ordinary catalysts.Skill: Steady ChantBoost the strength of sorceries for a very short period. Works while equipped in either hand."
"729","Weapons","Weapons","Sage's Crystal Staff","https://darksouls3.wiki.fextralife.com/Sage's+Crystal+Staff","Crystal catalyst presented as a gift from the Crystal Sages to their favorite pupil, Kriemhild. Crystal spheres devour the will of the user, and this staff increases the potency of sorceries at the cost of increased FP consumption by Skills.Skill: Steady ChantBoost the strength of sorceries for a very short period. Works while equipped in either hand."
"730","Weapons","Weapons","Izalith Staff","https://darksouls3.wiki.fextralife.com/Izalith+Staff","Ancient catalyst of the Witch of Izalith and her daughters, used long before the dawn of chaos and of pyromancy.With the birth of the Chaos Flame, the flame witches were at once both sorcerers and shamans. Faith adjusts the power of sorceries cast using this catalyst, and the staff also seems to boost the power of dark sorceries.Skill: Steady ChantBoost the strength of sorceries for a very short period. Works while equipped in either hand."
"731","Weapons","Weapons","Court Sorcerer's Staff","https://darksouls3.wiki.fextralife.com/Court+Sorcerer's+Staff","Catalyst used by the court sorcerers of the Profaned Capital. Very powerful when wielded by an exceptionally intelligent sorcerer.The court sorcerers laid claim to the legacy of the renowned Big Hat Logan, going so far as to emulate him with copies of the staff he used.Skill: Steady ChantBoost the strength of sorceries for a very short period. Works while equipped in either hand."
"732","Weapons","Weapons","Man-Grub's Staff","https://darksouls3.wiki.fextralife.com/Man-Grub's+Staff","Staff of the man-grubs who guard Rosaria’s Bed Chamber. Their holy symbol is formed at the tip. Wielder’s luck strengthens effects of sorceries.The man-grubs have clearly been reborn, but as what?Skill: Steady ChantBoost the strength of sorceries for a very short period. Works while equipped in either hand."
"733","Weapons","Weapons","Storyteller's Staff","https://darksouls3.wiki.fextralife.com/Storyteller's+Staff","Staff of a heretic storyteller who shares tales of the Painted World to forlorn souls.The storytellers, too, are wretched beings with no place to go. Their bodies, souls, and even their staves are all tainted through and through.Skill: Poison SporesExpel noxious spores from the formless, parasitical things that inhabit the staff."
"734","Weapons","Weapons","Mendicant's Staff","https://darksouls3.wiki.fextralife.com/Mendicant's+Staff","A staff with a small bowl attached to the tip, similar to a mendicant's crook. Absorb additional souls from fallen foes.The staff's history is unclear. It may be a relic of an ancient serpent's greed, or a ritual artifact used to summon souls.Skill: Steady ChantBoost the strength of sorceries for a very short period. Works while equipped in either hand."
"735","Weapons","Weapons","Archdeacon's Great Staff","https://darksouls3.wiki.fextralife.com/Archdeacon's+Great+Staff","Large staff bestowed upon Archdeacons of the Cathedral of the Deep. The Archdeacon McDonnell's trespass, the sin of channeling faith for sorcery, transformed what was once merely a symbol of ecclesiastic authority into a catalyst of sorceries. Skill: Steady Chant Boost the strength of sorceries for a very short period. Works while equipped in either hand."
"736","Weapons","Weapons","","https://darksouls3.wiki.fextralife.com/Murky+Longstaff","The long-handled staff wielded by the murkmen who rise from the depths. Slathered with a black murkiness, and fit for dark sorceries. Skill: Chant from the DepthsWorks with staff equipped in left or right hand. Briefly boosts the strength of dark sorceries."
"737","Weapons","Weapons","","https://darksouls3.wiki.fextralife.com/Preacher's+Right+Arm","The dessicated right hand of a white-faced locust that rose from the abyssal swamp, that happens to perform as a catalyst for sorcery. The white-faced locusts were meant to beckon men to the dark with sermons, but most of them are unable to think past their own stomachs, the unruly mob! Skill: Feasting BranchUse souls to weave a sharp branch to fillet prey. Can be used repeatedly."
"738","Weapons","Weapons","Talisman","https://darksouls3.wiki.fextralife.com/Talisman","Talisman for casting miracles of the Gods. Once a very common item among the ranks of the old Way of White.Equip a Talisman or a sacred chime to cast miracles. Miracles must be attuned at a bonfire before use.Skill: Unfaltering PrayerTemporarily increase poise while casting miracles, preventing enemy attacks from interrupting prayer. Works while equipped in either hand."
"739","Weapons","Weapons","Saint's Talisman","https://darksouls3.wiki.fextralife.com/Saint's+Talisman","Medium for casting miracles of the Gods. Ivory talismans are given only to women clerics, and faith greatly affects their effectiveness.There is a certain frailty to this talisman, which undermines the steadfastness granted by its Skill.Skill: Unfaltering PrayerTemporarily increases poise while casting miracles, preventing enemy attacks from interrupting prayer. Works while equipped in either hand."
"740","Weapons","Weapons","Sunlight Talisman","https://darksouls3.wiki.fextralife.com/Sunlight+Talisman","The Knight of Sunlight's personal talisman for casting miracles of the Gods.The talisman bears the Knight's own holy illustration, an emblem of his unwavering faith. Use of the talisman's Skill fills the user with similar steadfastness.Skill: Unfaltering PrayerTemporarily increases poise while casting miracles, preventing enemy attacks from interrupting prayer. Works while equipped in either hand."
"741","Weapons","Weapons","Canvas Talisman","https://darksouls3.wiki.fextralife.com/Canvas+Talisman","Medium for casting miracles of the Gods. Canvas talismans are austere items carried by heralds.Equip a talisman or a sacred chime to cast miracles. Miracles must be attuned at a bonfire before use.Skill: Unfaltering PrayerTemporarily increase poise while casting miracles, preventing enemy attacks from interrupting prayer. Works while equipped in either hand."
"742","Weapons","Weapons","Sunless Talisman","https://darksouls3.wiki.fextralife.com/Sunless+Talisman","Talisman given to the knights of the Sunless Realm, who serve the nameless moon.Scales with intelligence, which is rare for a miracle catalyst, but makes it compatible with Dark. In this Sunless Realm, this fact is related first as an initial warning.Skill: Unfaltering PrayerTemporarily increases poise while casting miracles, preventing enemy attacks from interrupting prayer. Works while equipped in either hand."
"743","Weapons","Weapons","Cleric's Sacred Chime","https://darksouls3.wiki.fextralife.com/Cleric's+Sacred+Chime","Sacred chime for casting miracles of the Gods. Chimes such as these are often given to clerics who become Undead.Equip a talisman or a sacred chime to cast miracles. Miracles must be attuned at a bonfire before use.Skill: Gentle PrayerRecovers HP for a period of time, albeit extremely slowly. Works while equipped in either hand."
"744","Weapons","Weapons","Priest's Chime","https://darksouls3.wiki.fextralife.com/Priest's+Chime","Sacred chime for casting miracles of the Gods, of the type given to Lothric priests. To cast a miracle, the caster learns a tale of the Gods, and says a prayer to be blessed by its revelations. The faith of the supplicant affects the strength of the miracle.Skill: Gentle PrayerRecovers HP for a period of time, albeit extremely slowly. Works while equipped in either hand."
"745","Weapons","Weapons","Caitha's Chime","https://darksouls3.wiki.fextralife.com/Caitha's+Chime","Sacred chime blessed by Caitha, goddess of tears. Rare even amongst Carim clerics. Affected by intelligence, a rare thing for miracle catalysts, and also agreeable with miracles that lean towards the Dark. Its existence is concealed in the name of the Archbishop, as it is anathema.Skill: Gentle PrayerRecovers HP for a period of time, albeit extremely slowly. Works while equipped in either hand."
"746","Weapons","Weapons","Saint-tree Bellvine","https://darksouls3.wiki.fextralife.com/Saint-tree+Bellvine","Sacred chime for casting miracles of the Gods. A bellvine cut from a small saint-tree that has been meticulously tended to. Saint-tree bellvines are customary in the far north, and allow for faster casting than ordinary sacred chimes. Skill: Gentle Prayer Recovers HP for a period of time, albeit extremely slowly. Works while equipped in either hand."
"747","Weapons","Weapons","Yorshka's Chime","https://darksouls3.wiki.fextralife.com/Yorshka's+Chime","A sacred chime belonging to Yorshka. Her brother, the former knight captain, presented her with this medium together with another gift: her name.The ringing of the chime must have done much to soothe her loneliness.Skill: Gentle PrayerRecovers HP for a period of time, albeit extremely slowly. Works while equipped in either hand."
"748","Weapons","Weapons","","https://darksouls3.wiki.fextralife.com/Sacred+Chime+of+Filianore","A sacred chime blessed by Princess Filianore, matriarch of the church. Filianore's favor knows no boundaries, and this sacred chime expands the range of vicinity-affecting miracles that heal, cure, or provide other enhancements. Skill: Pray for FavorWorks with chime equipped in either left or right hand. Heals HP very slowly for a duration of time. Affects caster and those in vicinity."
"749","Rings","Rings","Life Ring","https://darksouls3.wiki.fextralife.com/Life+Ring","Ring set with a small red jewel. Raises Maximum HP."
"750","Rings","Rings","Sun Princess Ring","https://darksouls3.wiki.fextralife.com/Sun+Princess+Ring","Ring associated with Gwynevere, princess of sunlight and eldest daughter of Gwyn, the First Lord. The ring is vaguely warm, like a beam of sunlight, and gradually restores HP. Gwynevere left her home with a great many other deities, and became a wife and mother, raising several heavenly children."
"751","Rings","Rings","Estus Ring","https://darksouls3.wiki.fextralife.com/Estus+Ring","A green ring crafted from shards. Increases HP restored by Estus Flask. This ring was entrusted to a certain Fire Keeper, but in the end she never met her champion, and the ensuing tragic farce became a favorite tale of the masses."
"752","Rings","Rings","Ashen Estus Ring","https://darksouls3.wiki.fextralife.com/Ashen+Estus+Ring","Gray crystalline ring crafted from shards. Increases FP restored by Ashen Estus Flask.Once a treasure brought before Lothric's Queen, she had it enshrined in the Cemetery of Untended Graves, so that one day an Unkindled might profit from its use."
"753","Rings","Rings","Chloranthy Ring","https://darksouls3.wiki.fextralife.com/Chloranthy+Ring","This old ring is named for its decorative green blossom, but its luster is long since faded. Raises stamina recovery speed."
"754","Rings","Rings","Havel's Ring","https://darksouls3.wiki.fextralife.com/Havel's+Ring","A ring for warriors keen on heavy accoutrements. Increases maximum equip load.This ring was named after Havel the Rock, the battlefield compatriot of Gwyn, the First Lord.The art of war has been a constant since ages past, and those who would follow in Havel's footsteps are no fewer now than in his own day."
"755","Rings","Rings","Ring of Favor","https://darksouls3.wiki.fextralife.com/Ring+of+Favor","A ring symbolizing the favor of the Goddess Fina, whose ""fateful beauty"" is mentioned in legend. True to the fickle nature of Fina's favor, her ring increases max HP, stamina, and maximum equip load."""
"756","Rings","Rings","Prisoner's Chain","https://darksouls3.wiki.fextralife.com/Prisoner's+Chain","Portion of a steel chain used to restrain Gundyr. Gain vigor, endurance, and vitality, but take extra damage.A prisoner is one who has staked everything on a belief, a proclivity most apparent in the greatest of champions."
"757","Rings","Rings","Ring of Steel Protection","https://darksouls3.wiki.fextralife.com/Ring+of+Steel+Protection","Ring of the Knight King of ancient legend. Increases physical damage absorption. The Knight King was said to be lined with steel on the inside, such that even the talons of mighty dragons did him little harm."
"758","Rings","Rings","Magic Stoneplate Ring","https://darksouls3.wiki.fextralife.com/Magic+Stoneplate+Ring","Stoneplates are symbols of true knights, and blue stoneplates are granted to royal palace guards. Increases magic damage absorption."
"759","Rings","Rings","Flame Stoneplate Ring","https://darksouls3.wiki.fextralife.com/Flame+Stoneplate+Ring","Stoneplates are symbols of true knights, and red stoneplates are granted to those who valiantly face Chaos.Increases fire damage absorption."
"760","Rings","Rings","Thunder Stoneplate Ring","https://darksouls3.wiki.fextralife.com/Thunder+Stoneplate+Ring","Stoneplates are symbols of true knights, and yellow stoneplates are granted to those who would become dragons. Increases lightning damage absorption."""
"761","Rings","Rings","Dark Stoneplate Ring","https://darksouls3.wiki.fextralife.com/Dark+Stoneplate+Ring","Stoneplates are symbols of true knights, and dark purple stoneplates are granted to Undead Knights.Increases dark damage absorption."
"762","Rings","Rings","Speckled Stoneplate Ring","https://darksouls3.wiki.fextralife.com/Speckled+Stoneplate+Ring","Stoneplates are symbols of true knights, and speckled stoneplates are granted to those who face an endless journey.Slightly increases magic, lightning, fire and dark damage absorption."
"763","Rings","Rings","Bloodbite Ring","https://darksouls3.wiki.fextralife.com/Bloodbite+Ring","One of the bite rings native to Carim. Increases bleed resistance. The crafting of these rings is forbidden, perhaps owing to a fear of malleable stone. Clerics, however, dabble freely in the art."
"764","Rings","Rings","Poisonbite Ring","https://darksouls3.wiki.fextralife.com/Poisonbite+Ring","One of the bite rings native to Carim.Increases poison resistance. The crafting of these rings is forbidden, perhaps owing to a fear of malleable stone.Clerics, however, dabble freely in the art."
"765","Rings","Rings","Cursebite Ring","https://darksouls3.wiki.fextralife.com/Cursebite+Ring","One of the bite rings native to Carim. Increases curse resistance.The crafting of these rings is forbidden, perhaps owing to a fear of malleable stone. Clerics, however, dabble freely in the art."
"766","Rings","Rings","Fleshbite Ring","https://darksouls3.wiki.fextralife.com/Fleshbite+Ring","One of the bite rings native to Carim. Raises poison, bleed, frost and curse resist.The crafting of these rings is forbidden, perhaps owing to a fear of malleable stone. Clerics, however, dabble freely in the art."
"767","Rings","Rings","Knight's Ring","https://darksouls3.wiki.fextralife.com/Knight's+Ring","Ring engraved with a portrait of a knight. Increases strength.In Lothric, the Knight has long been considered one of the Three Pillars of the king's rule, and were thus allowed to rear dragons."
"768","Rings","Rings","Hunter's Ring","https://darksouls3.wiki.fextralife.com/Hunter's+Ring","Ring engraved with a portrait of a hunter. Increases dexterity. Increases dexterity 5 points. The hunters serve Lothric on the fringes and in the shadows. For generations, rulers of Lothric have relied especially upon the Black Hand hunters to punish enemies in ways that the king's Three Pillars cannot."
"769","Rings","Rings","Covetous Gold Serpent Ring","https://darksouls3.wiki.fextralife.com/Covetous+Gold+Serpent+Ring","A gold ring depicting a snake that could have been, but never was, a dragon. Fallen foes are more likely to drop items. Snakes are known as creatures of great avarice, devouring prey even larger than themselves by swallowing them whole. If one's shackles are cause for discontent, perhaps it is time for some good old fashioned greed."
"770","Rings","Rings","Covetous Silver Serpent Ring","https://darksouls3.wiki.fextralife.com/Covetous+Silver+Serpent+Ring","A silver ring depicting a snake that could have been, but never was, a dragon. Fallen foes yield more souls.Snakes are known as creatures of great avarice, devouring prey even larger than themselves by swallowing them whole.If one's shackles are cause for discontent, perhaps it is time for some old-fashioned greed."
"771","Rings","Rings","Saint's Ring","https://darksouls3.wiki.fextralife.com/Saint%27s+Ring","A ring bestowed upon a Carim Saint.Allows attunement of additional spells. In Carim, the saints give voice to the ancient tales. They memorize countless cumbersome sacred books and read them in sonorous tones, a function for which they are widely renowned."
"772","Rings","Rings","Witch's Ring","https://darksouls3.wiki.fextralife.com/Witch's+ring","The Witch of Izalith and her daughters, scorched by the flame of chaos, taught humans the art of pyromancy and offered them this ring. Greatly boosts pyromancies. Every pyromancer is familiar with the parable that tells of the witches espousing the need to fear the flame, and teaching the art of pyromancy to men in hopes that they might learn to control it."
"773","Rings","Rings","Leo Ring","https://darksouls3.wiki.fextralife.com/Leo+Ring","Ring associated with Dragon Slayer Ornstein, one of the Four Knights of Gwyn, the First Lord.Strengthens thrust weapon counter attacks.Ornstein was the first knight of the sun's eldest born, and his cross spear is said to have pierced scales made of stone."
"774","Rings","Rings","Wolf Ring","https://darksouls3.wiki.fextralife.com/Wolf+Ring","Ring associated with Abysswalker Artorias,one of the Four Knights of Gwyn, the First Lord. Increases poise. Artorias had an unbendable will of steel,and was unmatched with a greatsword."
"775","Rings","Rings","Hawk Ring","https://darksouls3.wiki.fextralife.com/Hawk+Ring","Ring associated with Hawkeye Gough, one of the Four Knights of Gwyn, the First Lord.Extends the range of arrows.In his later years, the giant Gough was blinded, but this did not prevent him from striking down a calamitous dragon with his Greatbow."
"776","Rings","Rings","Hornet Ring","https://darksouls3.wiki.fextralife.com/Hornet+Ring","Ring associated with the Lord's Blade Ciaran, one of the Four Knights of Gwyn, the First Lord.Boosts critical attacks.The masked Ciaran was the only woman to serve in Gwyn's Four Knights, and her curved sword granted a swift death to any and all enemies of the throne."
"777","Rings","Rings","Knight Slayer's Ring","https://darksouls3.wiki.fextralife.com/Knight+Slayer's+Ring","Ring of the savage Tsorig, more commonly known as the Knight Slayer. Long ago, Tsorig engaged the guardians of an ancient city in a bloody confrontation, and returned with their rings as his prize, still frozen on their dismembered fingers."
"778","Rings","Rings","Ring of the Evil Eye","https://darksouls3.wiki.fextralife.com/Ring+of+the+Evil+Eye","This ring captured the foul spirit of an evil eye, a creature that ravaged Astora.Absorb HP from each defeated foe.The horrid spirit nearly destroyed Astora, but was eventually defeated by ""the sword of one most noble."""
"779","Rings","Rings","Dragonscale Ring","https://darksouls3.wiki.fextralife.com/Dragonscale+Ring","Ring of Oceiros, former king of Lothric. Reduces damage from backstabs. In his later years, Oceiros became fascinated with dragons. After going mad, he was more commonly known as the Consumed King. Many assassins were dispatched to his domain, but none returned. The Consumed King ascribed his resilience to the divine protection of the dragon scale."""
"780","Rings","Rings","Horsehoof Ring","https://darksouls3.wiki.fextralife.com/Horsehoof+Ring","An old ring with a seal depicting a horse's hoof. Boosts kick effect.Unbreakable Patches adored this ring and the feeling that it gave him when he kicked his marks into the depths of treacherous traps, but suffered no shortage of ridicule from his associates for relying so heavily on the tired old trick.But who is the sorrier? The horse who knows only to kick, or the fool who approaches the old beast without thought?"
"781","Rings","Rings","Wood Grain Ring","https://darksouls3.wiki.fextralife.com/Wood+Grain+Ring","This special ring crafted in an Eastern land is made of metal, but with a wood grain crest on its surface. Slows equipment degradation.Wielders of swords originating in the same region follow a practice of inscribing special words on the blades of their swords, and are naturally drawn to this ring."
"782","Rings","Rings","Flynn's Ring","https://darksouls3.wiki.fextralife.com/Flynn's+Ring","Ring of Flynn, the eulogized thief. Lowering equip load increases attack power. Flynn fought with the wind on his side, and was a hero among the weak and poor, yet even his admirers knew that it was little more than an idyllic fable."""
"783","Rings","Rings","Red Tearstone Ring","https://darksouls3.wiki.fextralife.com/Red+Tearstone+Ring","A ring set with a large rare tearstone jewel. Temporarily boosts attack when HP is low.This stone is said to be a tear of mourning of the goddess Caitha, and of course, tears are always more beautiful near death."
"784","Rings","Rings","Blue Tearstone Ring","https://darksouls3.wiki.fextralife.com/Blue+Tearstone+Ring","A ring set with a large rare tearstone jewel. Temporarily boosts damage absorption when HP is low.This stone is said to be a tear of sorrow of the goddess Caitha, and of course, tears are always more beautiful near death."
"785","Rings","Rings","Lloyd's Shield Ring","https://darksouls3.wiki.fextralife.com/Lloyd's+Shield+Ring","Ring given to knights of the Way of White. Depicts Allfather Lloyd's Shield of Caste. Boosts damage absorption when HP is full. Much time has passed since the worship of Lloyd was common in the Way of White. The clerics of Carim had always strongly asserted that Lloyd was a derivative fraud, and that the Allfather title was self-proclaimed."""
"786","Rings","Rings","Carthus Milkring","https://darksouls3.wiki.fextralife.com/Carthus+Milkring","Ring worn by the warriors of the sand kingdom, Carthus. Slightly boosts dexterity and obscures the wearer while rolling.The sword technique of Carthus allows for fluid movement with a curved sword. Masters of the technique are said to dazzle their opponents by moving as weightlessly as a grain of sand. They live for their High Lord Wolnir, conqueror of most kingdoms known to their people."
"787","Rings","Rings","Carthus Bloodring","https://darksouls3.wiki.fextralife.com/Carthus+Bloodring","Ring worn by warriors of the sand kingdom, Carthus. Boosts rolling invincibility, at the cost of defense.The sword technique of Carthus allows for fluid movement with a curved sword. Masters of the technique are said to dazzle their opponents by moving as weightlessly as a grain of sand. They live for their High Lord Wolnir, conqueror of most kingdoms known to their people."
"788","Rings","Rings","Pontiff's Right Eye","https://darksouls3.wiki.fextralife.com/Pontiff's+Right+Eye","Bewitched ring that Pontiff Sulyvahn bestowed upon his knights.Boosts attacks, as long as attacking persists.Knights who peer into the black orb are lured into battles of death, transformed into frenzied beasts. No wonder the Pontiff only provides these rings to those dispatched to foreign lands."
"789","Rings","Rings","Pontiff's Left Eye","https://darksouls3.wiki.fextralife.com/Pontiff's+Left+Eye","Bewitched ring that Pontiff Sulyvahn bestowed upon his knights.Recovers HP with successive attacks.Knights who peer into the black orb are lured into battles of death, transformed into frenzied beasts. No wonder the Pontiff only provides these rings to those dispatched to foreign lands."
"790","Rings","Rings","Aldrich's Ruby","https://darksouls3.wiki.fextralife.com/Aldrich's+Ruby","A malformed ring left by Aldrich, Saint of the Deep. Recovers HP from critical attacks.Aldrich, infamous for his appetite for flesh apparently had the desire to share with others his joy of imbibing the final shudders of life while luxuriating in his victim's screams."
"791","Rings","Rings","Aldrich's Sapphire","https://darksouls3.wiki.fextralife.com/Aldrich's+Sapphire","A malformed ring left by Aldrich, Saint of the Deep. Recovers FP from critical attacks. Aldrich, infamous for his appetite for flesh, apparently had the desire to share with others his joy of imbibing the final shudders of life while luxuriating in his victim's screams."
"792","Rings","Rings","Silvercat Ring","https://darksouls3.wiki.fextralife.com/Silvercat+Ring","Silver ring depicting a leaping feline.Prevents damage from falling.In the Age of Gods, or possibly following it, an old cat was said to speak a human tongue, with the voice of an old woman, and the form of a fanciful immortal."
"793","Rings","Rings","Slumbering Draconcrest Ring","https://darksouls3.wiki.fextralife.com/Slumbering+Draconcrest+Ring","Ring of a clandestine guild of sorcerers based in Vinheim, home of sorcery. Masks the sound of its wearer. The Dragon School held effective sovereignty over Vinheim, with a great many adept assassins at its disposal."
"794","Rings","Rings","Obscuring Ring","https://darksouls3.wiki.fextralife.com/Obscuring+Ring","Ring bestowed upon the Fingers of Rosaria, invaders who seek tongues for their goddess. Hides the presence of the wearer when far away. It is said that Rosaria, the mother of rebirth, was robbed of her tongue by her firstborn, and has been waiting for their return ever since."
"795","Rings","Rings","Untrue Dark Ring","https://darksouls3.wiki.fextralife.com/Untrue+Dark+Ring","One of the illusory rings worn by the Hollows of Londor. Retain human appearance while hollow. The Hollows of Londor are wretchedly aged, fraught with deceit and dubiously secretive. It is no wonder that they are deeply detested."""
"796","Rings","Rings","Untrue White Ring","https://darksouls3.wiki.fextralife.com/Untrue+White+Ring","One of the illusory rings worn by the Hollows of Londor. Take the appearance of a phantom. The Hollows of Londor are wretchedly aged, fraught with deceit, and dubiously secretive. It is no wonder that they are deeply detested."
"797","Rings","Rings","Reversal Ring","https://darksouls3.wiki.fextralife.com/Reversal+Ring","A divine ring granted to the Darkmoon Gwyndolin in his youth.Causes males to perform female actions, and vice-versa.Gwyndolin was raised like a daughter through the aura of the moon, and was said to behave like a sullen brooding goddess."
"798","Rings","Rings","Skull Ring","https://darksouls3.wiki.fextralife.com/Skull+Ring","One of Courland's transposed wonders. Derived from the soul of a Soulfeeder. Easier to be detected by enemies. The Soulfeeder was a beast that insatiably absorbed souls to feed its own power. Even after its accursed corpse was burned, it is said that the pungent stench of souls left the air permanently stained."""
"799","Rings","Rings","Calamity Ring","https://darksouls3.wiki.fextralife.com/Calamity+Ring","A ring made from the orange eye of a calamitous dragon. Receive double damage. This ring has no useful powers, and is merely a symbol of dragon worship, a thing quietly passed down amongst its most fervent adherents, some of whom become convinced the task has been bestowed upon them as a sacred duty."
"800","Rings","Rings","Ring of Sacrifice","https://darksouls3.wiki.fextralife.com/Ring+of+Sacrifice","This mystical ring was created in a sacrificial rite of Velka, the Goddess of Sin. Its wearer will lose nothing upon death, but the ring itself breaks. A sacrifice is only worth as much as the life it spares."
"801","Rings","Rings","Chillbite Ring","https://darksouls3.wiki.fextralife.com/Chillbite+Ring","One of the bite rings native to Carim. Increases frost resistance. This ring would never grace Friede's hand, for the painting and its frost became her home."
"802","Items","Key Items","Dark Sigil","https://darksouls3.wiki.fextralife.com/Dark+Sigil","A black gaping hole in the flesh that resembles the brand of an Undead. The darkness of humanity seeps from this bottomless pitch-back hole, the gap filled by the accumulation of the curse. This Dark Sigil will never heal, but there is a tale told of a Fire Keeper who returned from the Abyss, and brought great comfort to a bearer of the curse."
"803","Items","Key Items","Tower Key","https://darksouls3.wiki.fextralife.com/Tower+Key","Key to the decrepit tower behind Firelink Shrine which leads to the Bell Tower. The Bell Tower is the grave of Fire Keepers past. When a Fire Keeper has served her purpose, she is led to true darkness, where she enjoys a long-deserved sleep."
"804","Items","Key Items","Small Lothric Banner","https://darksouls3.wiki.fextralife.com/Small+Lothric+Banner","Small banner held by Lothric messengers. Hold up outside the main castle gate to be greeted by an escort. When the High Wall appeared, the path to the Undead Settlement was blocked, and messengers came bearing this banner. They were sent out with a duty, but had no way of returning."
"805","Items","Key Items","Lift Chamber Key","https://darksouls3.wiki.fextralife.com/Lift+Chamber+Key","Key to the room of the lift that descends to the deepest dungeon in Lothric. A surviving Darkwraith from the land swallowed by darkness, is said to be there."
"806","Items","Key Items","Cell Key","https://darksouls3.wiki.fextralife.com/Cell+Key","Key to a cell holding thieves and the like. There is no shortage of brash thieves in Lothric and these particular thieves likely scaled the wall from the Undead Settlement. But they are only willing to practice their thievery on the High Wall, for their fear of Lothric Castle, rumored to devour men, keeps them clear of its grounds."
"807","Items","Key Items","Fire Keeper Soul","https://darksouls3.wiki.fextralife.com/Fire+Keeper+Soul","Soul of a Fire Keeper who is said to have returned from the Abyss. This Fire Keeper preserves the bonfire, and serves its champion. She is said to have soothed and accepted the dark sigil, which has tainted her soul. And yet, her soul will one day embed itself in the bosom another Fire Keeper."
"808","Items","Key Items","Grave Key","https://darksouls3.wiki.fextralife.com/Grave+Key","Key to the barred door leading from the sewer below the Undead Settlement to a moist grave. The grave, which no longer receives visitors, was once the site of a statue of Velka, Goddess of Sin, and was believed to pardon wrongdoing, and lift curses."""
"809","Items","Key Items","Small Doll","https://darksouls3.wiki.fextralife.com/Small+Doll","Small silverwork doll depicting a young squire. In the legendary old city of Irithyll situated in the Boreal Valley, the Pontiff Sulyvahn gave this doll to valued subjects, so that they might use it to cross the barrier when they return home. Listen carefully, and you can hear it say, ""Wherever you go, the moon still sets in Irithyll. Wherever you may be, Irithyll is your home."""
"810","Items","Key Items","Cinders of a Lord","https://darksouls3.wiki.fextralife.com/Cinders+of+a+Lord","Cinders of a lord left by the Abyss Watchers/Aldrich, Devourer of Gods/Yhorm the Giant/Prince LothricIf the lords will not return to their thrones themselves, let them return as cinders. The Watchers of the Abyss swore upon their shared wolf's blood, which also served as their mandate as lords.Aldrich became a lord by devouring men, but was disillusioned with his throne, and so took to devouring gods instead. Lonely Yhorm became a Lord of Cinder to put the Profaned Flame to rest, knowing full well that those who spoke of him as lord were quite insincere. The Lothric bloodline was obsessed with creating a worthy heir, and when this proved impossible, resorted to unspeakable means. Suffice it to say, the path to linking the fire is a cursed one indeed."
"811","Items","Key Items","Loretta's Bone","https://darksouls3.wiki.fextralife.com/Loretta's+Bone","Old, discolored human bone with several holes bored into it.A woman's corpse in the Undead Settlement was found clutching this bone. Her name was Loretta."
"812","Items","Key Items","Old Cell Key","https://darksouls3.wiki.fextralife.com/Old+Cell+Key","Key to the oldest cell in the Irithyll dungeon.The first prisoner of the dungeon was a lone giant. Cells for men were built at his feet."
"813","Items","Key Items","Grand Archives Key","https://darksouls3.wiki.fextralife.com/Grand+Archives+Key","Key to the main entrance to the Grand Archives of Lothric.With the fire fading, and the spreading pus of man tainting the castle, the Grand Archives closed its doors for good.Today, only a few of its keys remain. This one likely belonged to Gotthard, one of king's Black Hand, who fled the castle."
"814","Items","Key Items","Basin of Vows","https://darksouls3.wiki.fextralife.com/Basin+of+Vows","Chalice used in old ceremony in which Lothric knights take their vows.It is only a formality now, but it remains as an empty practice.Place this basin at a statue of a beheading knight."
"815","Items","Key Items","Sword of Avowal","https://darksouls3.wiki.fextralife.com/Sword+of+Avowal","Ceremonial sword of Londor. Cannot be equipped as a weapon.It is said that a rite of wedlock will presage a true Hollow lord.Your spouse's name is Anri, who patiently awaits a rightful lord, deep within the mausoleum."
"816","Items","Key Items","Eyes of a Fire Keeper","https://darksouls3.wiki.fextralife.com/Eyes+of+a+Fire+Keeper","A pair of dark eyes.Said to be the eyes of the first Fire Keeper, and the light that was lost by all Fire Keepers to come.It reveals to the sightless Fire Keepers things that they should never see."
"817","Items","Key Items","Jailbreaker's Key","https://darksouls3.wiki.fextralife.com/Jailbreaker's+Key","Key to the barred window in the Irithyll dungeon."
"818","Items","Key Items","Jailer's Key Ring","https://darksouls3.wiki.fextralife.com/Jailer's+Key+Ring",NA
"819","Items","Key Items","Hawkwood's Swordgrass","https://darksouls3.wiki.fextralife.com/Hawkwood's+Swordgrass","Blood-stained swordgrass of Hawkwood, deserter of the Undead Legion.Traditionally, the Undead Legion of Farron sends the gravest of messages using swordgrass.""Come to the mausoleum in Farron. Only one can take the path of ancient dragons."""
"820","Items","Key Items","Contraption Key","https://darksouls3.wiki.fextralife.com/Contraption+Key","The key to the contraption leading to the attic of the archive found on the edge of the Corvian settlement. After Sir Vilhelm led a white-haird woman to the attic of the library, he kept this key as if it were his life."
"821","Items","Key Items","Small Envoy Banner","https://darksouls3.wiki.fextralife.com/Small+Envoy+Banner","The small banner used by envoys of Great Lord Gwyn in the days of yore. Face the ringed cliff and hold the banner high to summon facilitators of transport. For the pygmies, who took the dark soul, the Great Lord gifted the Ringed City, an isolated place at world's end, and his beloved youngest daughter, promising her that he would come for her when the day came."
"822","Items","Key Items","Young Grass Dew","https://darksouls3.wiki.fextralife.com/Young+Grass+Dew","A small, transparent stone that once graced the green young grass crest. This semi-precious gem honors a Spear of Church after a battle well-fought, and is said to slightly enhance their blessing of protection. (while held, this effect is constant)"
"823","Items","Key Items","Blood of the Dark Soul","https://darksouls3.wiki.fextralife.com/Blood+of+the+Dark+Soul","Blood of the dark soul that seeped from the hole within Slave Knight Gael. Used as pigment by his lady in Ariandel to depict a painted world. When Gael came upon the pygmy lords, he discovered that their blood had long ago dried, and so consumed the dark soul."
"824","Items","Multiplayer Items","","https://darksouls3.wiki.fextralife.com/White+Sign+Soapstone","Online play item.Create a co-op summon sign. Be summoned to another world as a phantom through your sign, and defeat the area boss to gain the strength of flame. The nature of Lothric is murky, unclear.The White Sign Soapstone allows Unkindled to assist one another."
"825","Items","Multiplayer Items","Red Sign Soapstone","https://darksouls3.wiki.fextralife.com/Red+Sign+Soapstone","Not all Dark Spirits are unsporting, or they wouldn't make use of this Soapstone."
"826","Items","Multiplayer Items","","https://darksouls3.wiki.fextralife.com/Dried+Finger","Online play item.Dried finger with multiple knuckles. Use to strengthen connection to other worlds, allowing the summoning of a third phantom, but also a second dark spirit. Also makes the summoning of a dark spirit occur earlier. Use with caution."
"827","Items","Multiplayer Items","","https://darksouls3.wiki.fextralife.com/Red+Eye+Orb","Online play Item. Invade other worlds at willDefeat the Host of Embers of the world you have invaded to gain the strength of fire. The red eye orb is rooted in a tiny land swallowed by darkness long ago. Some choose to put the orb to other uses. To embark on this path, enter the service of Rosaria in the Cathedral of the Deep"
"828","Items","Multiplayer Items","Cracked Red Eye Orb","https://darksouls3.wiki.fextralife.com/Cracked+Red+Eye+Orb","Online play item. One use only. Become a dark spirit and invade another world."""
"829","Items","Multiplayer Items","","https://darksouls3.wiki.fextralife.com/Ember","No Unkindled can ever truly claim the embers that burn within a champion’s bosom, which is precisely what makes their yearning for warmth so keen. Gain the strength of flame and increase max HP until death. With the strength of fire, the summoning signs of Unkindled become visible, and seekers of embers can be summoned to join in co-operation. But beware the embers may also attract invaders."""
"830","Items","Multiplayer Items","","https://darksouls3.wiki.fextralife.com/Black+Separation+Crystal","A charm of farewell granted to banished Undead. The crystal sends phantoms back to their homes, or you back to yours. Beware of fickle use of this item if you intend to nurture relations."""
"831","Items","Multiplayer Items","","https://darksouls3.wiki.fextralife.com/Vertebrae+Shackle","A special bone collected by members of the covenant of Mound-makers, discovered in the corpses of their victims.Only one such bone is found in the vertebrae, and the Mound-makers believe it to be a shackle of the gods. In their minds, each victim is another connection, an addition to the family."""
"832","Items","Multiplayer Items","Way of White Circlet","https://darksouls3.wiki.fextralife.com/Way+of+White+Circlet","Online play item. Restore the connection to other worlds. Those who engage in unjust deeds when in contact with other worlds will lose their connection to them. Way of White Circlets assume such sin as their own, but are found few and far between. Acting without honor will never be without risk. """
"833","Items","Multiplayer Items","Pale Tongue","https://darksouls3.wiki.fextralife.com/Pale+Tongue","Proof of a red orb invader's victory over a Host of Embers.Claiming tongues as trophies was originally the practice of an infamous troupe of invaders, who offered them to their speechless goddess."
"834","Items","Multiplayer Items","Forked Pale Tongue","https://darksouls3.wiki.fextralife.com/Forked+Pale+Tongue","Proof that a red eye orb invader successfully fended off a blue spirit. Those who hunt dark spirits take the names of gods in ancient accord with the Way of Blue, a deception exemplified by their tongues. Use to acquire two Pale Tongues."
"835","Items","Multiplayer Items","Wolf's Blood Swordgrass","https://darksouls3.wiki.fextralife.com/Wolf's+Blood+Swordgrass","A leaf signifying duty fulfilled by the Watchdogs of Farron, who stand beside the old wolf to ensure serenity to those at rest. Depicts a swordgrass leaf stained with dried blood. Long ago, the swordgrass leaf quietly identified members of the Undead Legion. In the rotted forest rest the spirits of warriors past, their acceptance and gratitude toward their guardians is expressed eloquently by the humble leaf."
"836","Items","Multiplayer Items","Human Dregs","https://darksouls3.wiki.fextralife.com/Human+Dregs","Proof of a duty fulfilled by the Aldrich Faithful, who patiently await the Devourer of Gods' return.Dregs are the heaviest things within the human body, and will sink to the lowest depths imaginable"
"837","Items","Multiplayer Items","Proof of a Concord Kept","https://darksouls3.wiki.fextralife.com/Proof+of+a+Concord+Kept","Blood-drained, shrunken ear. Souvenir taken for subduing the guilty.The knights called the Blades of the Darkmoon punish the guilt-soaked offenders of the Gods and take this proof of their conquest. The earless corpses of the guilty will be left behind as a warning to others, inspiring both fear and respect for the Gods. Such is the eternal mandate of the Dark Sun."
"838","Items","Multiplayer Items","Proof of Concord Well Kept","https://darksouls3.wiki.fextralife.com/Proof+of+a+Concord+Well+Kept","Distinguished proof that one has hunted the enemies of the gods, as per the ancient accord with the Way of Blue. The layered ear of a dark spirit is the mark of a particularly guilty offender, one who has flagrantly violated one god or another. Use to acquire two Proofs of a Concord Kept."
"839","Items","Multiplayer Items","Roster of Knights","https://darksouls3.wiki.fextralife.com/Roster+of+Knights","Online play item. A roster of knights of the Darkmoon who have served since the age of the old Royals.Use to discover the names of Darkmoon Knights, an order of elite knights shrouded in shadows."
"840","Items","Multiplayer Items","Sunlight Medal","https://darksouls3.wiki.fextralife.com/Sunlight+Medal","A medal received by members of the Warrior of Sunlight covenant for victory over the final foe when summoned. The summoner also gains the same medal. The medal, engraved with the holy symbol of the sun, is slightly warm and reminds one of the great honor of a shared victory."
"841","Items","Multiplayer Items","Filianore's Spear Ornament","https://darksouls3.wiki.fextralife.com/Filianore's+Spear+Ornament","The Spears of the Church watch over the Princess' slumber, and this serves as proof of their fulfillment of their duty. The embellished gold cloth is woven with a crest of young grass. The Princess' knights proudly displayed these precious flavors, which were most often seen swaying from their identical ceremonial spears."
"842","Items","Consumables","","https://darksouls3.wiki.fextralife.com/Estus+Flask","""The Undead treasure these dull green flasks. Fill with Estus at bonfires, and drink to restore HP. The journey of an Undead has always traced the bonfires, and no journey of import has been made without an Estus Flask."""
"843","Items","Consumables","","https://darksouls3.wiki.fextralife.com/Ash+Estus+Flask","""Undead treasure these dull ashen flasks. Fill with Estus at bonfires, and drink to restore FP. Quite befitting of an Unkindled, an Ashen Estus Flask turns a bonfire's heat cold."""
"844","Items","Consumables","","https://darksouls3.wiki.fextralife.com/Divine+Blessing","Holy water blessed by the Queen of Lothric.Fully restores HP and cures ailments.The Queen of Lothric, married to the former King Oceiros, was initially revered as a goddess of fertility and bounty. After giving birth to Ocelotte, her youngest, she quietly disappeared."
"845","Items","Consumables","","https://darksouls3.wiki.fextralife.com/Hidden+Blessing","Holy water blessed by the Queen of Lothric. Fully restores FP. There is a grave in Lothric that sees no visitors, a dark place where rootless warriors rest. The Queen of Lothric alone cared to wish the poor souls good fortune."
"846","Items","Consumables","","https://darksouls3.wiki.fextralife.com/Siegbrau","Special brew of Siegward of Catarina. Perfect for travel in its jolly barrel mug.Restores HP and temporarily boosts frost resistance.Leave it to Siegward to discover a drink that even an Undead can enjoy. Perhaps his long years spent Undead have left him wanting to drain a cup or two and revel as if he were still among the living."
"847","Items","Consumables","","https://darksouls3.wiki.fextralife.com/Green+Blossom","Green weed, shaped like a flower.Temporary boost to stamina recovery speed. The Undead Legion of Farron are remembered for using this annual plant, normally found near clear water, to swing their mighty swords with abandon."
"848","Items","Consumables","","https://darksouls3.wiki.fextralife.com/Budding+Green+Blossom","Green flower-shaped weed with small white blooms.Large temporary boost to stamina recovery speed.Flowers of the Green Blossom are ethereal, blossoming only on the surface of chilled, but not frozen, water."
"849","Items","Consumables","","https://darksouls3.wiki.fextralife.com/Repair+Powder","Lightly enchanted golden powder.Repairs equipped weapons and armor, as long as they haven't already broken.Use of a weapon depletes its durability, eventuallly causing it to break.As long as a weapon is not broken, its durability can be restored at a bonfire, but for distant journeys, one may wish to prepare ahead."""
"850","Items","Consumables","","https://darksouls3.wiki.fextralife.com/Blue+Bug+Pellet","Medicinal pellet made from crushed insects. The blue type temporarily boosts magic damage absorption. The Boreal Valley is infested with moon bugs, meaning ingredients are never far from hand for the Irithyllian slaves who concoct this medicine."
"851","Items","Consumables","","https://darksouls3.wiki.fextralife.com/Red+Bug+Pellet","Medicinal pellet made from crushed insects. The red type temporarily boosts fire damage absorption.Prepared in the Cathedral of the Deep by evangelists, who dole them out to followers to ease their suffering when they burn."
"852","Items","Consumables","","https://darksouls3.wiki.fextralife.com/Black+Bug+Pellet","Medicinal pellet made from crushed insects.The black type temporarily boosts Dark damage absorption.At all times, the Abyss Watchers of the Undead Legion keep a supply of these concoctions, prepared by the acolytes. Rumor has it their Ghru descendants still make these concoctions."
"853","Items","Consumables","","https://darksouls3.wiki.fextralife.com/Mossfruit","A small clump of mossfruit.Temporarily boosts bleed, poison, frost, and curse resistance.All mossfruit is the same regardless of its color, and has the effects of moss of all colors."
"854","Items","Consumables","","https://darksouls3.wiki.fextralife.com/Bloodred+Moss+Clump","Red moss clump used as maggot repellent.Reduces bleeding build-up.Bleeding builds up when attacked by sharp blades or spikes, and once triggered causes severe damage. Use this moss clump before it reaches that point."
"855","Items","Consumables","","https://darksouls3.wiki.fextralife.com/Purple+Moss+Clump","Medicinal purple moss clump. Reduces poison build-up. Cures poison.Poison builds up in the body, and when it breaks out, it causes gradual damage over a period of time.Poison can be exasperating, so be sure to carry sufficient moss clumps when traveling to a blighted area."
"856","Items","Consumables","","https://darksouls3.wiki.fextralife.com/Rime-Blue+Moss+Clump","Moss clump radiating gentle heat and light. Reduces frost build-up. Cures frostbite status. Frost accumulates in the body causing frostbite, which saps one's health, lowers absorption, and slows stamina recovery. Weapons imbued with frost are a rare thing indeed, most of them originating in the Boreal Valley."
"857","Items","Consumables","","https://darksouls3.wiki.fextralife.com/Charcoal Pine Resin","Black charcoal-like pine resin.Temporarily applies fire to right-hand weapon.Used in the Undead Settlement to preserve Undead bodies after dissection, and to bury them."
"858","Items","Consumables","","https://darksouls3.wiki.fextralife.com/Charcoal+Pine+Bundle","A small bundle of charcoal pine resin.Quickly applies fire to right-hand weapon.Does not last for long, but can be used in inventive ways, such as applying it in the middle of a series of blows."
"859","Items","Consumables","","https://darksouls3.wiki.fextralife.com/Gold+Pine+Resin","Rare pine resin which emits golden sparks.Chunks of it are even rarer.Temporarily applies lightning to right-hand weapon.Its origins are unknown although some have speculated that it may in fact be a type of fungal resin."
"860","Items","Consumables","","https://darksouls3.wiki.fextralife.com/Pale+Pine+Resin","Pale pine resin that faintly glimmers.Temporarily applies magic to right-hand weapon.The blood red substance sometimes found within suggests there is more to this so-called resin than meets the eye."
"861","Items","Consumables","","https://darksouls3.wiki.fextralife.com/Human+Pine+Resin","Charcoal pine resin rotted with human body fluids.Temporarily applies dark to right-hand weapon.Normally used in the Undead Settlement for preservation and burials, but can mature into this state, becoming a valuable substance, used in a certain ceremony. Often seen for trade at exorbitant prices."
"862","Items","Consumables","","https://darksouls3.wiki.fextralife.com/Rotten+Pine+Resin","Pine resin that has rotted and turned poisonous.Likely rotten from the start.Temporarily applies poison to right-hand weapon.Farron Keep was swallowed by the rotted wood, where the blunt-horned Ghrus concoct this resin."
"863","Items","Consumables","","https://darksouls3.wiki.fextralife.com/Carthus+Rouge","Highly viscous scarlet plant secretions.Temporarily applies bleeding effect to right-hand weapon.Associated with the warriors of Carthus, whose blades take on the scarlet hues of both this sanguine substance and the spatters of their victim's blood."
"864","Items","Consumables","","https://darksouls3.wiki.fextralife.com/Duel+Charm","Tool used in duels of judgement. Nulls effects of special area effects for a short time.Allfather Lloyd's knights lived in fear of his duels of judgement, in which verdicts were carried out by his Sword of Law."
"865","Items","Consumables","","https://darksouls3.wiki.fextralife.com/Rusted+Coin","An old rusted copper coin. Crushing the coin boosts item discovery. Those who have lost their fortunes rely upon this superstitious practice, hoping to retrieve what was once theirs, and more."
"866","Items","Consumables","","https://darksouls3.wiki.fextralife.com/Rusted+Gold+Coin","A rusty old gold coin that surely has no currency. Crushing the coin gives a large, if temporary, boost to item discovery. A rich man lost his fortune, but it returned to him twofold. He was swift to squander his retrieved fortune, smugly confident that it was bound to double once again."
"867","Items","Consumables","","https://darksouls3.wiki.fextralife.com/Young+White+Branch","Branch of a young white birch received from a giant, apparently as a token of friendship.Become something that blends in to the surroundings. Consumed with use.""Good friend, no hit."""
"868","Items","Consumables","","https://darksouls3.wiki.fextralife.com/Prism+Stone","Warm pebble emitting a beautiful phasing aura of seven colors, with a very rare eighth.The prism stone does nothing special, but can serve as a path marker, or perhaps dropped off a cliff to judge height by the sound of its descent. If a loud noise is heard upon its landing, then a fall from the ledge is surely lethal."
"869","Items","Consumables","","https://darksouls3.wiki.fextralife.com/Homeward+Bone","Bone fragment reduced to white ash.Return to last bonfire used for resting, or to the shrine bonfire. Bonfires are sustained by bones of the Undead.In rare cases, their previous owner's strong urge to seek bonfires enchant their bones with a homeward instinct."
"870","Items","Consumables","","https://darksouls3.wiki.fextralife.com/Seed+Of+A+Giant+Tree","Makes enemies react to invaders.The giant trees were also known as watcher trees, and their seeds unmask invaders.When used effectively, these seeds will help counter dark spirits."
"871","Items","Consumables","","https://darksouls3.wiki.fextralife.com/Divine+Spear+Fragment","Online play item.A fragment of the matching ritual spears once held by the knights of Princess Filianore. These Divine Spears of gold were placed in the trusted hands of exalted Spears. When Spears of the Church face unduly treacherous foes, this allows them to draw upon former majesty, and summon a row of upward-thrusting ritual spears."
"872","Items","Consumables","","https://darksouls3.wiki.fextralife.com/Ritual+Spear+Fragment","Online play item.A fragment of the matching ritual spears once held by the knights of Princess Filianore. They are the namesake of the Spears of the Church. When Spears of the Church face unduly treacherous foes, this allows them to draw upon former majesty, and summon a row of upward-thrusting ritual spears."
"873","Items","Tools","Darksign","https://darksouls3.wiki.fextralife.com/Darksign","The Darksign is the sign of an accursed Undead. The Darksign returns its bearer to the last bonfire rested at, or the bonfire at Firelink Shrine, but at the cost of all souls held. Carriers of the Darksign are reborn after death, and eventually lose their minds, turning Hollow. And so it is they are driven from their homeland."""
"874","Items","Tools","Coiled Sword","https://darksouls3.wiki.fextralife.com/Coiled+Sword","Sword missing from the shrine bonfire.Cannot be equipped as a weapon. Thrust into the shrine bonfire to restore its power and enable travel between bonfires. This sword is only bequeathed to chosen ash, as judged by the Iudex, who awaits the arrival of ash as a scabbard."
"875","Items","Tools","Coiled Sword Fragment","https://darksouls3.wiki.fextralife.com/Coiled+Sword+Fragment","Fragment of the coiled sword of a bonfire which served its purpose long ago.Returns caster to last bonfire used for resting, or to the bonfire in Firelink Shrine. Can be used repeatedly.Bonfires are linked to one another irreversibly, retaining their affinity long after their purpose is exhausted."
"876","Items","Tools","Hello Carving","https://darksouls3.wiki.fextralife.com/Hello+Carving","A strange head of unknown origin carved from archtree. It speaks when thrown on the ground. This head says ""Hello"". Have another look.Do you sense the amicability in its eyes?"
"877","Items","Tools","Thank you Carving","https://darksouls3.wiki.fextralife.com/Thank+you+Carving","A strange head of unknown origin carved from archtree. It speaks when thrown on the ground. This head says ""Thank you."" Have another look. Is this not the face of gratitude?"
"878","Items","Tools","Very Good Carving","https://darksouls3.wiki.fextralife.com/Very+Good+Carving","A strange head of unknown origin carved from archtree. It speaks when thrown on the ground. This head says ""Very good!"" Have another look. Does it not appear rather jovial?"
"879","Items","Tools","Help me Carving","https://darksouls3.wiki.fextralife.com/Help+me+Carving","A strange head of unknown origin carved from archtree. It speaks when thrown on the ground. This head says ""Help me!"" Look again. Can you hear the desperation of it's plea?"
"880","Items","Tools","I'm sorry Carving","https://darksouls3.wiki.fextralife.com/I'm+sorry+Carving","A strange head of unknown origin carved from archtree. It speaks when thrown on the ground. This head says ""I'm sorry"". Have another look. Isn't it quite the expression of attonement?"
"881","Items","Tools","Rubbish","https://darksouls3.wiki.fextralife.com/Rubbish","Rubbish with no value.Who in their right mind would bother carrying this around? Perhaps you need help."
"882","Items","Tools","Binoculars","https://darksouls3.wiki.fextralife.com/Binoculars","Binoculars made of brass.Use to peer at distant scenery.Their utility is singular, but applications many. The value of these specs depends greatly on the imagination of their owner."
"883","Items","Tools","Dragon Head Stone","https://darksouls3.wiki.fextralife.com/Dragon+Head+Stone","Stone imbued with the power of the everlasting dragons, used in a secret rite by dragon worshippers. Gain the head of a dragon and , a transformation that is irreversible until death. From ancient times, the path of dragon worship was walked by warriors. It is said they envision Archdragon Peak in the depths of their meditation, and at times, they even hear the distant sound of the great bell at the peak."
"884","Items","Tools","Twinkling Dragon Head Stone","https://darksouls3.wiki.fextralife.com/Twinkling+Dragon+Head+Stone","Stone imbued with the power of the everlasting dragons, the second of its kind, offered to a towering dragon. Gain the head of a dragon and emit breath alongside an archdragon mirage. The transformation is irreversible until death. The illusion achieved was the first case of a human imitating the form of an ancient dragon, and it revealed the smallness of human existence. The road to the old dragons is long and arduous, and only one can complete the journey."
"885","Items","Tools","","https://darksouls3.wiki.fextralife.com/Dragon+Torso+Stone","Stone imbued with the power of the everlasting dragons, used in a secret rite by dragon worshippers.Gain the torso of a dragon and a dragon's roar, a transformation that is irreversible until death.From ancient times, the path of dragon worship was walked by warriors. It is said they envision Archdragon Peak in the depths of their meditation, and at times, they even hear the distant sound of the great bell at the peak."
"886","Items","Tools","Twinkling Dragon Torso Stone","https://darksouls3.wiki.fextralife.com/Twinkling+Dragon+Torso+Stone","Stone imbued with the power of the everlasting dragons, offered to a towering dragon. This stone shows signs of a nascent light.Gain the torso of a dragon and roar alongside an archdragon mirage. The transformation is irreversible until death.Yet true imitation will require a dragon head, as well."
"887","Items","Projectiles","Alluring Skull","https://darksouls3.wiki.fextralife.com/Alluring+Skull","A skull resplendent in the scent of souls. Prepared by evangelists of the Cathedral of the Deep. Throw to shatter, spreading souls which attract enemies. Not effective for all foes."
"888","Items","Projectiles","Dung Pie","https://darksouls3.wiki.fextralife.com/Dung+Pie","Dried fecal waste material, moist on the inside. Throw at enemy to inflict toxin build-up, but also ups your own toxicity. Though the stench makes it difficult to carry on one's person, inflicting toxins on an enemy yields high damage over time. Perhaps some Undead have fond memories of waste. Or, perhaps not."
"889","Items","Projectiles","Firebomb","https://darksouls3.wiki.fextralife.com/Firebomb","Bisque urn filled with black powder. Explodes, inflicting fire damage.Fire damage, which differs from physical damage, is highly effective against creatures of flesh, beasts, and other foes that might naturally have cause to fear the flame."""
"890","Items","Projectiles","Black Firebomb","https://darksouls3.wiki.fextralife.com/Black+Firebomb","More powerful bisque urn filled with special black powder. Explodes, inflicting great fire damage.Fire damage, which differs from physical damage, is highly effective against creatures of flesh, beasts, and other foes that might naturally have cause to fear the flame."
"891","Items","Projectiles","Lightning Urn","https://darksouls3.wiki.fextralife.com/Lightning+Urn","Dragon-hunting tool used by Lothric knights.Explodes upon contact, inflicting lightning damage. The knights of Lothric have since tamed dragons, but were once hunters of dragons themselves. This explains their special hunting gear, and why they worshipped the sun."
"892","Items","Projectiles","Throwing Knife","https://darksouls3.wiki.fextralife.com/Throwing+Knife","Small throwing knife.Throw at enemies to inflict damage. Most items choose their wielder, and only experience can improve their effectiveness.True strength can be gained in no other way."
"893","Items","Projectiles","Undead Hunter Charm","https://darksouls3.wiki.fextralife.com/Undead+Hunter+Charm","Tool used to hunt down the Undead. Block Estus recovery within a limited area. Used long ago by Lloyd's cleric knights on their Undead hunts. Although Allfather Lloyd is long forgotten by the Way of White, his hunts have lived on, and this charm allows one to challenge Undead without fear of tenacious healing."
"894","Items","Projectiles","Poison Throwing Knife","https://darksouls3.wiki.fextralife.com/Poison+Throwing+Knife","A throwing knife dipped in poison. Throw at enemies to inflict poison damage. Used by assassins of Londor, land of Hollows. The poison is jokingly known as Hollow's blood."
"895","Items","Projectiles","Kukri","https://darksouls3.wiki.fextralife.com/Kukri","Small throwing machete. Throw at enemies to cause bleeding damage.A unique weapon originally used by swordsmen of Carthus, but now popular among bandits and thieves."
"896","Items","Projectiles","Stalk Dung Pie","https://darksouls3.wiki.fextralife.com/Stalk+Dung+Pie","Dried fecal waste material, marked by a long plant stalk that was not properly digested.Throw behind at enemies to inflict toxin build-up, but also ups your own toxicity. Strictly speaking, this consists of different material than the dung pie, but waste is waste, no sense in splitting hairs."
"897","Items","Projectiles","Rope Firebomb","https://darksouls3.wiki.fextralife.com/Rope+Firebomb","Bisque urn attached to a string and filled with black powder. Thrown behind and explodes, inflicting fire damage.No different to a firebomb, save for the direction in which it is thrown. Enables a different fighting style, and flexibility in adjusting to one's circumstances."
"898","Items","Projectiles","Rope Black Firebomb","https://darksouls3.wiki.fextralife.com/Rope+Black+Firebomb","Black bisque urn attached to a string and filled with black powder. Thrown behind and explodes, inflicting fire damage.No different to a black firebomb, save for the direction in which it is thrown. Enables a different fighting style, and flexibility in adjusting to one’s circumstances."
"899","Items","Projectiles","Church Guardian Shiv","https://darksouls3.wiki.fextralife.com/Church+Guardian+Shiv","This special throwing blade has a flat tip, and is wielded by guardians of the Church of Filianore. Consume FP to project illusory blades which seek their targets. Guardians of the Church, of whom few remain, watch over Princess Filianore's eternal slumber along with the Spears of the Church."
"900","Items","Ammunition","Standard Bolt","https://darksouls3.wiki.fextralife.com/Standard+Bolt","Standard bolts used with crossbows.Simultaneously equip up to two types of bolts, and switch between them as needed."
"901","Items","Ammunition","Exploding Bolt","https://darksouls3.wiki.fextralife.com/Exploding+Bolt","Bolts that explode on impact. Deals area fire damage in the immediate vicinity. Due to the risk of detonation, the amount of bolts the user can carry is greatly limited. These are, after all, prototypes created by the weapon craftsman Edmond. You get what you pay for."""
"902","Items","Ammunition","Wood Bolt","https://darksouls3.wiki.fextralife.com/Wood+Bolt","Inexpensive wooden bolts. Weaker bolts that can be easily purchased in bulk. Simultaneously equip up to two types of bolts, and switch between them as needed."
"903","Items","Ammunition","Heavy Bolt","https://darksouls3.wiki.fextralife.com/Heavy+Bolt","Large, more powerful bolts with a shorter range due to their weight. Simultaneously equip two types of bolt, and switch between them as needed."
"904","Items","Ammunition","Lightning Bolt","https://darksouls3.wiki.fextralife.com/Lightning+Bolt","Bolts imbued with lightning created by the giant blacksmith of the gods. However, the gods never used crossbows. These bolts are likely artifacts of the dragonless era, when the pact between gods and humans was upheld."""
"905","Items","Ammunition","Sniper Bolt","https://darksouls3.wiki.fextralife.com/Sniper+Bolt","Red feathered bolts used by snipers of Carim. Their long range makes them ideal for distant targets. Though typically used with Sniper Crossbows in Carim, these arrows can still be used with any kind of crossbow."
"906","Items","Ammunition","Splintering Bolt","https://darksouls3.wiki.fextralife.com/Splintering+Bolt","Bolts that explode immediately after being shot. Makes unusual shots possible, and releases splinters that cause immense bleeding. These are, after all, prototypes created by the weapon craftsman Edmond. You get what you pay for."
"907","Items","Ammunition","Standard Arrow","https://darksouls3.wiki.fextralife.com/Standard+Arrow","Standard arrow used with bows.Simultaneously equip up to two types of arrows, and switch between them as needed."
"908","Items","Ammunition","Wood Arrow","https://darksouls3.wiki.fextralife.com/Wood+Arrow","Inexpensive wooden arrows. Weaker arrows that can be easily purchased in bulk. Simultaneously equip up to two types of arrows, and switch between them as needed."
"909","Items","Ammunition","Fire Arrow","https://darksouls3.wiki.fextralife.com/Fire+Arrow","Shoot arrows with burning tips dealing fire damage.Simultaneously equip up to two types of arrows, and switch between them as needed."
"910","Items","Ammunition","Poison Arrow","https://darksouls3.wiki.fextralife.com/Poison+Arrow","Arrows with poisoned tips. Inflict poison damage that gradually wears down foes."
"911","Items","Ammunition","Moonlight Arrow","https://darksouls3.wiki.fextralife.com/Moonlight+Arrow","Magical arrows said to have been used by the Darkmoon Knights. Imbued with a silver light, these arrows inflict magic damage. It is said that long ago the God of the Darkmoon Gwyndolin wielded these arrows with a matching golden bow."
"912","Items","Ammunition","Dark Arrow","https://darksouls3.wiki.fextralife.com/Dark+Arrow","Ritual arrows said to have been used by savage hunters. Inflict dark damage. It is said that these arrows scrape out death from their targets, but savages are known to tell tall tales."
"913","Items","Ammunition","Feather Arrow","https://darksouls3.wiki.fextralife.com/Feather+Arrow","Red feathered arrows used by hunters. Their long range makes them ideal for distant targets. Simultaneously equip up to two types of arrows, and switch between them as needed."
"914","Items","Ammunition","Large Arrow","https://darksouls3.wiki.fextralife.com/Large+Arrow","Large, more powerful arrows with a shorter range due to their weight. Simultaneously equip up to two types of arrows, and switch between them as needed."
"915","Items","Ammunition","Dragonslayer Lightning Arrow","https://darksouls3.wiki.fextralife.com/Dragonslayer+Lightning+Arrow","Large spear-like arrows enveloped in lightning created by the giant blacksmith of the gods.Can only be used with greatbows.Lightning has been a weapon of dragonslayers ever since the time of Gwyn, the First Lord."
"916","Items","Ammunition","Dragonslayer Greatarrow","https://darksouls3.wiki.fextralife.com/Dragonslayer+Greatarrow","Large spear-like arrows created by the giant blacksmith of the gods. Can only be used with greatbows. These large arrows were said to have been used by dragon hunters during the age of the gods. Easily pierces human flesh."
"917","Items","Ammunition","Onislayer Greatarrow","https://darksouls3.wiki.fextralife.com/Onislayer+Greatarrow","Large arrows used to destroy giant horned oni in an eastern land. Can only be used with greatbows. Made from the feathers of an aged crow, it is said that these arrows fly as straight as their master."
"918","Items","Ammunition","Millwood Greatarrow","https://darksouls3.wiki.fextralife.com/Millwood+Greatarrow","Heavy, sturdy greatarrows made of black oak that deal heavy damage but have limited range. Can only be fired using a greatbow. It is said that the Millwood Knights used these to face their sworn enemy, the Abyss Dragon."
"919","Items","Souls","Fading Soul","https://darksouls3.wiki.fextralife.com/Fading+Soul","The fading soul of a corpse. Use to gain a smattering of souls. Let the Fire Keeper transform this sovereignless soul into a source of strength, for to be Unkindled is to be a vessel for Souls."
"920","Items","Souls","Soul of a Deserted Corpse","https://darksouls3.wiki.fextralife.com/Soul+of+a+Deserted+Corpse","Soul found in a deserted corpse.Use to acquire souls.Let the Fire Keeper transform this sovereignless soul into a source of strength, for to be Unkindled is to be a vessel for souls."
"921","Items","Souls","Large soul of a Deserted Corpse","https://darksouls3.wiki.fextralife.com/Large+soul+of+a+Deserted+Corpse","Large soul found in a deserted corpse.Use to acquire souls.Let the Fire Keeper transform this sovereignless soul into a source of strength, for to be Unkindled is to be a vessel for souls."
"922","Items","Souls","Soul of a Proud Paladin","https://darksouls3.wiki.fextralife.com/Soul+of+a+Proud+Paladin","Soul found in the corpse of a proud paladin.Use to acquire many souls.Let the Fire Keeper transform this sovereignless soul into a source of strength, for to be Unkindled is to be a vessel for souls."
"923","Items","Souls","Soul of an Unknown Traveler","https://darksouls3.wiki.fextralife.com/Soul+of+an+Unknown+Traveler","Soul found in the corpse of an unknown traveler.Use to acquire souls.Let the Fire Keeper transform this sovereignless soul into a source of strength, for to be Unkindled is to be a vessel for souls."
"924","Items","Souls","Large Soul of an Unknown Traveler","https://darksouls3.wiki.fextralife.com/Large+Soul+of+an+Unknown+Traveler","A large soul found in the corpse of an unknown traveler. Use to acquire souls.Let the Fire Keeper transform this sovereignless soul into a source of strength, for to be Unkindled is to be a vessel for souls."
"925","Items","Souls","Large Soul of a Proud Paladin","https://darksouls3.wiki.fextralife.com/Large+Soul+of+a+Proud+Paladin","Large soul found in the corpse of a proud paladin.Use to acquire many souls.Let the Fire Keeper transform this sovereignless soul into a source of strength, for to be Unkindled is to be a vessel for souls."
"926","Items","Souls","Sovereignless Soul","https://darksouls3.wiki.fextralife.com/Sovereignless+Soul","The sovereignless soul of one who slept beside you. Use to acquire many souls."""
"927","Items","Souls","Soul of an Intrepid Hero","https://darksouls3.wiki.fextralife.com/Soul+of+an+Intrepid+Hero","Soul found in the corpse of an intrepid hero.Use to acquire a great helping of souls.Let the Fire Keeper transform this sovereignless soul into a source of strength, for to be Unkindled is to be a vessel for souls."
"928","Items","Souls","Soul of a Nameless Soldier","https://darksouls3.wiki.fextralife.com/Soul+of+a+Nameless+Soldier","Soul found in the corpse of a nameless soldier.Use to acquire souls.Let the Fire Keeper transform this sovereignless soul into a source of strength, for to be Unkindled is to be a vessel for souls."
"929","Items","Souls","Large soul of an Intrepid Hero","https://darksouls3.wiki.fextralife.com/Large+soul+of+an+Intrepid+Hero","Large soul found in the corpse of an intrepid hero.Use to acquire a great helping of souls.Let the Fire Keeper transform this sovereignless soul into a source of strength, for to be Unkindled is to be a vessel for souls."
"930","Items","Souls","Large Soul of a Nameless Soldier","https://darksouls3.wiki.fextralife.com/Large+Soul+of+a+Nameless+Soldier","Large soul found in the corpse of a nameless soldier.Use to acquire souls.Let the Fire Keeper transform this sovereignless soul into a source of strength, for to be Unkindled is to be a vessel for souls."
"931","Items","Souls","Soul of a Seasoned Warrior","https://darksouls3.wiki.fextralife.com/Soul+of+a+Seasoned+Warrior","Soul found in the corpse of a seasoned warrior.Use to acquire a great helping of souls.Let the Fire Keeper transform this sovereignless soul into a source of strength, for to be Unkindled is to be a vessel for souls."
"932","Items","Souls","Soul of a Weary Warrior","https://darksouls3.wiki.fextralife.com/Soul+of+a+Weary+Warrior","Soul found in the corpse of a battle-weary warrior. Use to acquire a large amount of souls.Let the Fire Keeper transform this sovereignless soul into a source of strength, for to be Unkindled is to be a vessel for souls."
"933","Items","Souls","Large Soul of a Seasoned Warrior","https://darksouls3.wiki.fextralife.com/Large+Soul+of+a+Seasoned+Warrior","Large soul found in the corpse of a seasoned warrior.Use to acquire a great helping of souls.Let the Fire Keeper transform this sovereignless soul into a source of strength, for to be Unkindled is to be a vessel for souls."
"934","Items","Souls","Large Soul of a Weary Warrior","https://darksouls3.wiki.fextralife.com/Large+Soul+of+a+Weary+Warrior","Large soul found in the corpse of a battle-weary warrior. Use to acquire a large amount of souls. Let the Fire Keeper transform this sovereignless soul into a source of strength, for to be Unkindled is to be a vessel for souls."
"935","Items","Souls","Soul of a Crestfallen Knight","https://darksouls3.wiki.fextralife.com/Soul+of+a+Crestfallen+Knight","Soul found in the corpse of a crestfallen knight. Use to acquire a large amount of souls.Let the Fire Keeper transform this sovereignless soul into a source of strength, for to be Unkindled is to be a vessel for souls."
"936","Items","Souls","Soul of an Old Hand","https://darksouls3.wiki.fextralife.com/Soul+of+an+Old+Hand","Soul found in the corpse of an old hand at war.Use to acquire innumerable souls.Let the Fire Keeper transform this sovereignless soul into a source of strength, for to be Unkindled is to be a vessel for souls."
"937","Items","Souls","Large Soul of a Crestfallen Knight","https://darksouls3.wiki.fextralife.com/Large+Soul+of+a+Crestfallen+Knight","Large soul found in the corpse of a crestfallen knight. Use to acquire a large amount of souls.Let the Fire Keeper transform this sovereignless soul into a source of strength, for to be Unkindled is to be a vessel for souls."
"938","Items","Souls","Soul of a Venerable Old Hand","https://darksouls3.wiki.fextralife.com/Soul+of+a+Venerable+Old+Hand","Large soul found in the corpse of an old hand at war. Use to acquire innumerable souls.Let the Fire Keeper transform this sovereignless soul into a source of strength, for to be Unkindled is to be a vessel for souls."
"939","Items","Souls","Soul of a Champion","https://darksouls3.wiki.fextralife.com/Soul+of+a+Champion","Soul found in the corpse of a champion of legend.Use to acquire enough souls to sate a lord.Let the Fire Keeper transform this sovereignless soul into a source of strength, for to be Unkindled is to be a vessel for souls."
"940","Items","Souls","Soul of a Great Champion","https://darksouls3.wiki.fextralife.com/Soul+of+a+Great+Champion","""Soul found in the corpse of a champion of legend. Used to acquire enough souls to sate a lord. Let the Fire Keeper transform this sovereignless soul into a source of strength, for to be Unkindled is to be a vessel for souls."""
"941","Items","Boss Souls","Soul of Boreal Valley Vordt","https://darksouls3.wiki.fextralife.com/Soul+of+Boreal+Valley+Vordt","Soul of Vordt of the Boreal Valley. One of the twisted souls, steeped in strength. Use to acquire many souls, or transpose to extact its true strength. Vordt served as an outrider knight, never far from the fleeting dancer."
"942","Items","Boss Souls","Soul of the Rotted Greatwood","https://darksouls3.wiki.fextralife.com/Soul+of+the+Rotted+Greatwood","Soul of the Curse-rotted Greatwood. One of the twisted souls, steeped in strength. Use to acquire many souls, or transpose to extract its true strength. Ever since its establishment, all manner of curses have managed to seep into the Undead Settlement. The worst of them were sealed away inside a spirit tree, but eventually the curses took their toll."
"943","Items","Boss Souls","Soul of a Crystal Sage","https://darksouls3.wiki.fextralife.com/Soul+of+a+Crystal+Sage","Soul of a Crystal Sage. One of the twisted souls, steeped in strength. Use to acquire many souls, or transpose to extract its true strength. The twin Crystal Sages once served as spiritual guides to the scholars of the Grand Archives, and one went on to ally with the Undead Legion."
"944","Items","Boss Souls","Soul of the Blood of the Wolf","https://darksouls3.wiki.fextralife.com/Soul+of+the+Blood+of+the+Wolf","Soul of the Blood of the Wolf. One of the twisted souls, steeped in strength. Use to acquire numerous souls, or transpose to extract its true strength. The blood was spread amongst the Abyss Watchers, and their souls are one with the soul of the wolf blood master."
"945","Items","Boss Souls","Soul of Rosaria","https://darksouls3.wiki.fextralife.com/Soul+of+Rosaria","The soul of Rosaria, Mother of Rebirth, stolen by Ringfinger Leonhard. Return this to her extant corpse, and mother Rosaria will spring back to life. As if nothing had ever happened."
"946","Items","Boss Souls","Soul of the Deacons of the Deep","https://darksouls3.wiki.fextralife.com/Soul+of+the+Deacons+of+the+Deep","Soul of the Deacons of the Deep. One of the twisted souls, steeped in strength. Use it to acquire many souls, or transpose to extract its true strength. After Aldrich left for the Boreal valley, Archdeacon Royce remained in the cathedral with the high priests, to keep eternal watch over their master's coffin."
"947","Items","Boss Souls","Soul of High Lord Wolnir","https://darksouls3.wiki.fextralife.com/Soul+of+High+Lord+Wolnir","Soul of the High Lord Wolnir. One of the twisted souls, steeped in strength. Use to acquire many souls, or transpose to extract its true strength. Lord Wolnir of Carthus sentenced countless souls to gruesome deaths, keen to outlive them all."
"948","Items","Boss Souls","Soul of the Old Demon King","https://darksouls3.wiki.fextralife.com/Soul+of+the+Old+Demon+King","Soul of the Old Demon King. One of the twisted souls, steeped in strength. Use to acquire many souls, or transpose to extract its true strength. The shriveled Old Demon King is now like a clump of burnt ash, but he is the last living witness of the Chaos of Izalith."
"949","Items","Boss Souls","Soul of a Demon","https://darksouls3.wiki.fextralife.com/Soul+of+a+Demon","Soul of a demon. One of the twisted souls, steeped in strength.Use to acquire numerous souls, or transpose to extract its true strength.Demons were born of the Chaos Flame, but the flame has not survived, and the demons are a dying race."
"950","Items","Boss Souls","Soul of Pontiff Sulyvahn","https://darksouls3.wiki.fextralife.com/Soul+of+Pontiff+Sulyvahn","Soul of Pontiff Sulyvahn.One of the twisted souls, seeped in strength.Use to acquire many souls, or transpose to extract its true strength.Pontiff Sulyvahn of Irithyll imprisoned a god of the old royalty in the abandoned cathedral, to be fed to the devourer."
"951","Items","Boss Souls","Soul of Yhorm the Giant","https://darksouls3.wiki.fextralife.com/Soul+of+Yhorm+the+Giant","Soul of Yhorm the Giant. One of the twisted souls, steeped in strength.Use to acquire numerous souls, or transpose to extract its true strength.Yhorm is the descendant of an ancient conqueror, but was asked by the very people once subjugated to lead them, serving as both a weighty blade and a stone-hard shield."
"952","Items","Boss Souls","Soul of Aldrich","https://darksouls3.wiki.fextralife.com/Soul+of+Aldrich","Soul of Aldrich,One of the twisted souls, steeped in strength.Use to acquire many souls, or transpose to extract its true strength.When Aldrich ruminated on the fading of the fire, it inspired visions of a coming age of the deep sea. He knew the path would be arduous, but he had no fear. He would devour the gods himself."
"953","Items","Boss Souls","Soul of the Dancer","https://darksouls3.wiki.fextralife.com/Soul+of+the+Dancer","Soul of the dancer.One of the twisted souls, steeped in strength. Use to acquire many souls, or transpose to extract its true strength. The Pontiff Sulyvahn bestowed a double-slashing sword upon a distant daughter of the formal royal family, ordering her to serve first as a dancer, and then as an outrider knight, the equivalent to exile."
"954","Items","Boss Souls","Soul of Dragonslayer Armour","https://darksouls3.wiki.fextralife.com/Soul+of+Dragonslayer+Armour","Soul of the Dragonslayer Armour. One of the twisted souls, steeped in strength.Use to acquire many souls, or transpose to extract its true strength.The Dragonslayer Armour, controlled by the Pilgrim Butterfly, lost its master long ago, but still remembers their sporting hunts."
"955","Items","Boss Souls","Soul of Consumed Oceiros","https://darksouls3.wiki.fextralife.com/Soul+of+Consumed+Oceiros","Soul of Oceiros, the Consumed King. One of the twisted souls, steeped in strength. Use to acquire numerous souls, or transpose to extract its true strength. Oceiros went mad trying to harness his royal blood for a greater purpose, leading him to the heretics of the Grand Archives, where he discovered the twisted worship of Seath the paledrake."
"956","Items","Boss Souls","Soul of Champion Gundyr","https://darksouls3.wiki.fextralife.com/Soul+of+Champion+Gundyr","Soul of champion Gundyr. One of the twisted souls, steeped in strength. Use to acquire many souls, or transpose to extract its true strength. Once, a champion came late to the festivities, and was greeted by a shrine without fire, and a bell that would not toll."
"957","Items","Boss Souls","Soul of the Twin Princes","https://darksouls3.wiki.fextralife.com/Soul+of+the+Twin+Princes","Soul of the Twin Princes. One of the twisted souls, steeped in strength. Use to acquire numerous souls, or transpose to extract its true strength.The two princes rejected their duty to become Lords of Cinder, and settled down far, far away to watch the fire fade from a distance. A curse makes their souls nearly inseparable."
"958","Items","Boss Souls","Soul of the Nameless King","https://darksouls3.wiki.fextralife.com/Soul+of+the+Nameless+King","Soul of the Nameless King. One of the twisted souls, steeped in strength.Use to acquire many souls, or transpose to extract its true strength.The Nameless King was once a dragon-slaying god of war, before he sacrificed everything to ally himself with the ancient dragons."
"959","Items","Boss Souls","Soul of a Stray Demon","https://darksouls3.wiki.fextralife.com/Soul+of+a+Stray+Demon","Soul of the stray demon. One of the twisted souls, steeped in strength. Use to acquire numerous souls, or transpose to extract its true strength. The Stray Demon, now lacking even a trace of flame, was once the gatekeeper of Lothric."
"960","Items","Boss Souls","Soul of the Lords","https://darksouls3.wiki.fextralife.com/Soul+of+the+Lords","Soul of the Lords.One of the twisted souls, steeped in strength. Use to acquire numerous souls, or transpose to extract its true strength. Since Lord Gwyn, the first Lord of Cinder, many exalted lords have linked the First Flame, and it is their very souls that have manifested themselves as defender of the flame."
"961","Items","Boss Souls","Soul of Sister Friede","https://darksouls3.wiki.fextralife.com/Soul+of+Sister+Friede","Soul of Sister Friede.One of the twisted souls, steeped in strength.Use to acquire numerous souls, or transpose to extract its true strength.Friede was the first Ash to enter the painting, but together with the good Father, they chose rot over fire."
"962","Items","Boss Souls","Soul of the Demon Prince","https://darksouls3.wiki.fextralife.com/Soul+of+the+Demon+Prince","The demons, birthed from a common Chaos, share almost everything between them, even the pride of their prince, and his nearly-faded flame. So that the last demon standing may rekindle it."
"963","Items","Boss Souls","Soul of Darkeater Midir","https://darksouls3.wiki.fextralife.com/Soul+of+Darkeater+Midir","Soul of Darkeater Midir.One of the twisted souls, steeped in strength. Use to acquire many souls, or transpose to extract its true strength. Midir, descendant of Archdragons, was raised by the gods, and owing to his immortality was given a duty to eternally battle the dark, a duty that he would never forget, even after the gods perished."
"964","Items","Boss Souls","Soul of Slave Knight Gael","https://darksouls3.wiki.fextralife.com/Soul+of+Slave+Knight+Gael","Soul of Slave Knight Gael.One of the twisted souls, steeped in strength. Use to acquire many souls, or transpose to extract its true strength. The red-hooded, wandering slave knight Gael sought the blood of the dark soul as pigment for the Painted World. But Gael knew he was no Champion, that the dark soul would likely ruin him and that he had little hope of a safe return."
"965","Items","Ore","Profaned Coal","https://darksouls3.wiki.fextralife.com/Profaned+Coal","Coal used for weapon infusion.Remnants of the fire that burned down the Profaned Capital, preserved in an icy skull. Give to the blacksmith in the shrine to allow the use of gems for dark, blood, and Hollow infusion."
"966","Items","Ore","Farron Coal","https://darksouls3.wiki.fextralife.com/Farron+Coal","Coal used for weapon infusion. Long ago, used to forge the greatswords of the Undead Legion of Farron. Give to the blacksmith in the shrine to allow the use of gems for heavy, sharp and poison infusion."
"967","Items","Ore","Sage's Coal","https://darksouls3.wiki.fextralife.com/Sage's+Coal","Coal used for weapon infusion.The white magic flame produced by this coal was given to the Undead Legion long ago by one of the Crystal Sage twins.Give to the blacksmith in the shrine to allow the use of gems for crystal, blessed, and deep infusion."
"968","Items","Ore","Giant's Coal","https://darksouls3.wiki.fextralife.com/Giant's+Coal","Coal used for weapon infusion.It is said that the giant blacksmith of Anor Londo was once the blacksmith of the gods.Give to the blacksmith in the shrine to allow the use of gems for lightning, simple, and chaos infusion."
"969","Items","Ore","Titanite Shard","https://darksouls3.wiki.fextralife.com/Titanite+Shard","""Titanite shard for weapon reinforcement. Reinforces weapons to +3. Titanite shards are fragments of the Legendary Slabs. Titanite is etched into weapons to reinforce."""
"970","Items","Ore","Large Titanite Shard","https://darksouls3.wiki.fextralife.com/Large+Titanite+Shard","""Large Titanite Shard for weapon reinforcement. Reinforces weapons to +6. Large Titanite Shards are fragments of the Legendary Slabs. Titanite is etched into weapons to reinforce."""
"971","Items","Ore","Titanite Chunk","https://darksouls3.wiki.fextralife.com/Titanite+Chunk","Titanite chunk for weapon reinforcement. Reinforces weapons to +9.Few records of chunks exist, and once one was discovered in Lothric, the race to locate Legendary Slabs began, but there have been no reports of success."
"972","Items","Ore","Titanite Slab","https://darksouls3.wiki.fextralife.com/Titanite+Slab","Titanite slab for weapon reinforcement, said to once belong to the gods. Reinforces weapons to their highest level.Titanite slabs are smithing materials of the gods, and weapons reinforced with slabs will be admired no less than their previous legendary weapons."
"973","Items","Ore","Twinkling Titanite","https://darksouls3.wiki.fextralife.com/Twinkling+Titanite","""Twinkling titanite for weapon reinforcement.Reinforce weapons steeped in strength to +4.These unique weapons cannot be reinforced with ordinary titanite, nor can they be infused. Unless one uses this twinkling titanite, which reinforces these weapons without unraveling their inherent strength."""
"974","Items","Ore","Titanite Scale","https://darksouls3.wiki.fextralife.com/Titanite+Scale","Titanite altered by a soul. Reinforces soul-transposed weapons to +4. Weapons forged by souls transposition can only be reinforced by titanite of the same kind. In rare cases, Crystal Lizards devour souls, growing to monstrous proportion and leaving these great scales."""
"975","Items","Ore","Fire Gem","https://darksouls3.wiki.fextralife.com/Fire+Gem","A gem of infused titanite. Found in rare cases inside demons. Fire weapons inflict fire damage, but lose scaling effects."
"976","Items","Ore","Refined Gem","https://darksouls3.wiki.fextralife.com/Refined+Gem","""A gem of infused titanite. Forged in the weapons of Lothric knights. Used in infusion to create refined weapons. Refined weapons are difficult to wield properly, and scale effectively with strength and dexterity."""
"977","Items","Ore","Transposing Kiln","https://darksouls3.wiki.fextralife.com/Transposing+Kiln","An old transposing kiln from Courland, crafted with stitched crystal lizard hide Give to Ludleth, Lord of Cinder to conduct soul transposition. This kiln can transpose twisted souls to craft special items with their concentrated essence. Deemed forbidden by those unable to make proper use of it."
"978","Items","Ore","Heavy Gem","https://darksouls3.wiki.fextralife.com/Heavy+Gem","A gem of infused titanite. Famously used to forge Farron greatswords.Used in infusion to create heavy weapons.A warrior can appreciate a heavy weapon, for they scale effectively with strength."
"979","Items","Ore","Raw Gem","https://darksouls3.wiki.fextralife.com/Raw+Gem","A gem of infused titanite. Forged the weapons of Lothric foot soldiers. Used in infusion to create raw weapons. Raw weapons are easily wielded and have higher attack, but lose scaling effects."
"980","Items","Ore","Shriving Stone","https://darksouls3.wiki.fextralife.com/Shriving+Stone","A gem of infused titanite. Also known as stark stone.Reverses weapon infusion.Has the benefit of undoing the effects of infusion without reducing the reinforcement level."
"981","Items","Ore","Crystal Gem","https://darksouls3.wiki.fextralife.com/Crystal+Gem","A gem of infused titanite. Introduced to Lothric by the Crystal Sages. Used in infusion to create crystal weapons. Crystal weapons inflict magic damage, and scale effectively with intelligence."
"982","Items","Ore","Hollow Gem","https://darksouls3.wiki.fextralife.com/Hollow+Gem","A gem of infused titanite. A stone plentiful in Londor, land of Hollows. Used in infusion to create Hollow weapons. Hollow weapons are said to peer into the essence of its wielder, whose luck boosts attack."
"983","Items","Ore","Deep Gem","https://darksouls3.wiki.fextralife.com/Deep+Gem","A gem of infused titanite. Found in the dregs of the Cathedral of the deep. Used in infusion to deep weapons. Deep weapons inflict dark damage, but lose scaling effects. There is a darkness that lies beyond human ken."
"984","Items","Ore","Blessed Gem","https://darksouls3.wiki.fextralife.com/Blessed+Gem","A gem of infused titanite. commonly known as a charm kept by saints. Used in infusion to create blessed weapons. Special blessed weapons gradually restore HP and heavily damage reanimated foes."
"985","Items","Ore","Poison Gem","https://darksouls3.wiki.fextralife.com/Poison+Gem","A gem of infused titanite. Discovered in the rotted forest of Farron.Used in infusion to create poison weapons.Such weapons inflict poison-laced damage that gradually eats away at foes."
"986","Items","Ore","Sharp Gem","https://darksouls3.wiki.fextralife.com/Sharp+Gem",NA
"987","Items","Ore","Chaos Gem","https://darksouls3.wiki.fextralife.com/Chaos+Gem","A gem of infused titanite. Relics of land scorched by the Chaos Flame.Used in infusion to create chaos weapons.Chaos weapons inflict fire damage, and scale with intelligence and faith."
"988","Items","Ore","Lightning Gem","https://darksouls3.wiki.fextralife.com/Lightning+Gem","A gem of infused titanite. Found in the aftermath of dragon hunts.Used in infusion to create lightning weapons.Lightning weapons inflict lightning damage, and scale with faith."
"989","Items","Ore","Blood Gem","https://darksouls3.wiki.fextralife.com/Blood+Gem","A gem of infused titanite. Slurped by Irithyll slaves.Used in infusion to create lacerating weapons.Such weapons inflict lacerating damage. Most effective with sharp or spiked weapons."
"990","Items","Ore","Simple Gem","https://darksouls3.wiki.fextralife.com/Simple+Gem","A gem of infused titanite, said to be an object of infatuation for victims of stunted development.Used in infusion to create simple weapons.Simple weapons inflict magic damage and restore FP very gradually, to help even a simpleton muster some mettle."
"991","Items","Ore","Dark Gem","https://darksouls3.wiki.fextralife.com/Dark+Gem","A gem of infused titanite. Born of disembodied humanity.Used in infusion to create dark weapons.Dark weapons inflict dark damage, and scale with intelligence and faith."
