"","item_name","group","subcategory","url","path","description","scrape_status"
"1","Antiquated Dress","ARMOR","Chest Armor","https://darksouls.wiki.fextralife.com/Antiquated+Dress","/Antiquated+Dress","""A dress from the ancient fallen land of Oolacile. Its ivory-colored silk features elaborate embroidery and is imbued with ancient magic power. One cannot expect any physical protection from this garment, as it was not meant to be worn in battle.""","ok_blockquote"
"2","Armor of Artorias","ARMOR","Chest Armor","https://darksouls.wiki.fextralife.com/Armor+of+Artorias","/Armor+of+Artorias","Armor of Artorias the Abysswalker, one of Gwyn's four knights. The death of the armor's owner can be surmised from the corrosive Dark of the Abyss, and the tattered azure-blue cape, once a symbol of pride and glory.""","ok_blockquote"
"3","Armor of Thorns","ARMOR","Chest Armor","https://darksouls.wiki.fextralife.com/Armor+of+Thorns","/Armor+of+Thorns","""Armor of Kirk, knight of Thorns and notorious member of the Darkwraiths. A dense patch of thorns grows from its surface. It is a fitting item for the murderous Kirk, for by simply wearing it and rolling, one can damage enemies.""","ok_blockquote"
"4","Armor of the Glorious","ARMOR","Chest Armor","https://darksouls.wiki.fextralife.com/Armor+of+the+Glorious","/Armor+of+the+Glorious","""Strange armor from the ancient land of Zena, birthplace of the curious dealer Domhnall. The many medals are believed to symbolize glory.""","ok_blockquote"
"5","Armor of the Sun","ARMOR","Chest Armor","https://darksouls.wiki.fextralife.com/Armor+of+the+Sun","/Armor+of+the+Sun","""Armor of Solaire of Astora, Knight of Sunlight. The large holy symbol of the Sun, while powerless, was painted by Solaire himself. Solaire's incredible prowess must have come from rigorous training alone, for his equipment exhibits no special traits.""","ok_blockquote"
"6","Balder Armor","ARMOR","Chest Armor","https://darksouls.wiki.fextralife.com/Balder+Armor","/Balder+Armor","Armor worn by the knights of the ancient kingdom of Balder. It is made from thick iron plates. Balder was the homeland of the Knight King Rendal, but it came to ruin after a great many Undead were spawned.""","ok_blockquote"
"7","Black Cleric Robe","ARMOR","Chest Armor","https://darksouls.wiki.fextralife.com/Black+Cleric+Robe","/Black+Cleric+Robe","""Robe worn by pardoners serving Velka, the Goddess of Sin. The pardoners' attire is uniformly black in color and said to be imbued with Velka's mystical power, which provides resistance against all manner of magic.""","ok_blockquote"
"8","Black Iron Armor","ARMOR","Chest Armor","https://darksouls.wiki.fextralife.com/Black+Iron+Armor","/Black+Iron+Armor","Armor of Black Iron Tarkus, a knight known for his great strength. Built of a special black iron and providing strong defense, notably against fire, but so terrible heavy to be unwieldy to all but Tarkus himself.""","ok_blockquote"
"9","Black Knight Armor","ARMOR","Chest Armor","https://darksouls.wiki.fextralife.com/Black+Knight+Armor","/Black+Knight+Armor","Armor of the Black Knight who haunt Lordran. The knights followed Lord Gwyn when he departed to link the flame, but they were burned to ashes in newly kindled fire, wandering the world as disembodied spirits ever after.","ok_blockquote"
"10","Black Leather Armor","ARMOR","Chest Armor","https://darksouls.wiki.fextralife.com/Black+Leather+Armor","/Black+Leather+Armor","""This armor is made of smooth black leather is extremely quiet, a good thing for those who hide in the shadows. The leather itself is thick, offering a decent level of protection.""","ok_blockquote"
"11","Black Sorcerer Cloak","ARMOR","Chest Armor","https://darksouls.wiki.fextralife.com/Black+Sorcerer+Cloak","/Black+Sorcerer+Cloak","""Cloak worn by the secret sorcerers at Vinheim Dragon School. They secretly work with sound-based spells, and never reveal themselves.""","ok_blockquote"
"12","Brass Armor","ARMOR","Chest Armor","https://darksouls.wiki.fextralife.com/Brass+Armor","/Brass+Armor","""Armor of the Darkmoon Knightess, Fire Keeper of Anor Londo. After becoming Undead, she visited the Dark Sun Gwyndolin at the Mausoleum of the Spiral Depths, became a Blade of Darkmoon, and assumed the flame-keeping duty. She received this armor, which hides her hideous form and helps her hunt the guilty.""","ok_blockquote"
"13","Brigand Armor","ARMOR","Chest Armor","https://darksouls.wiki.fextralife.com/Brigand+Armor","/Brigand+Armor","""Worn by the brigands who raid mountain hamlets and attack travelers. Worn by the brigands who raid mountain hamlets and attack travelers""","ok_blockquote"
"14","Catarina Armor","ARMOR","Chest Armor","https://darksouls.wiki.fextralife.com/Catarina+Armor","/Catarina+Armor","Distinctively shaped armor worn by the Knights of Catarina. Outside of Catarina, it is often ridiculed for their onion-like shape, infuriating the proud knights, but the masterfully forged curved design makes it very effective for parrying.","ok_blockquote"
"15","Chain Armor","ARMOR","Chest Armor","https://darksouls.wiki.fextralife.com/Chain+Armor","/Chain+Armor","""Chainmail armor of thin interlinking rings of steel. It is common throughout the human world since it can be easily produced, is not too heavy, and offers good defense. Knights may favor flashy armor, but for warriors on the battlefield, anything is fine as long as it keeps them alive.""","ok_blockquote"
"16","Chester's Long Coat","ARMOR","Chest Armor","https://darksouls.wiki.fextralife.com/Chester's+Long+Coat","/Chester's+Long+Coat","""Black leather long coat hat worn by Marvellous Chester, a man of mystery lost in the past. This exquisitely sewn aristocratic suit allows its wearer to move in silence, lending well to stealth.""","ok_blockquote"
"17","Cleric Armor","ARMOR","Chest Armor","https://darksouls.wiki.fextralife.com/Cleric+Armor","/Cleric+Armor","Armor worn by the warrior clerics of the Way of White, who are famous for being unyielding in battle. It is rather substantial in size and weight, making its wearer look even bigger than he actually is.","ok_blockquote"
"18","Crimson Robe","ARMOR","Chest Armor","https://darksouls.wiki.fextralife.com/Crimson+Robe","/Crimson+Robe","""Robe of the sorcerers who flooded New Londo to seal away the Dark wraiths, and the Four Kings who descended into Dark. The Sealers were once known as healers, and the bright crimson was a symbol of that.""","ok_blockquote"
"19","Crystalline Armor","ARMOR","Chest Armor","https://darksouls.wiki.fextralife.com/Crystalline+Armor","/Crystalline+Armor","""Armor worn by a Hollowed knight, who was partially crystallized. The crystal provides powerful defense, but it cannot be used for long because it is easily broken and cannot be repaired.""","ok_blockquote"
"20","Dark Armor","ARMOR","Chest Armor","https://darksouls.wiki.fextralife.com/Dark+Armor","/Dark+Armor","Armor of the Darkwraiths, former knights of New Londo who descended into Dark. Their armor transformed, and remains a symbol of the Dark servants and their diabolical art of Lifedrain.","ok_blockquote"
"21","Dingy Robe","ARMOR","Chest Armor","https://darksouls.wiki.fextralife.com/Dingy+Robe","/Dingy+Robe","""Worn by the Fire Keeper at Firelink Shrine. It is thought to have once been the white robe of a maiden, but smoke and ashes from bonfires darkened it over the years.""","ok_blockquote"
"22","Eastern Armor","ARMOR","Chest Armor","https://darksouls.wiki.fextralife.com/Eastern+Armor","/Eastern+Armor","""A distinctive armor made in an Eastern land. Exquisitely crafted, this armor offers excellent defense, particularly versus slash attacks, which are one of the main threats in battles in the East.""","ok_blockquote"
"23","Elite Knight Armor","ARMOR","Chest Armor","https://darksouls.wiki.fextralife.com/Elite+Knight+Armor","/Elite+Knight+Armor","""Armor of a nameless knight, perhaps an elite knight of Astora, based on the fire-warding heraldic symbol on its blue surcoat. Although he was loath to give up on his Undead mission, he perished at the Undead Asylum, and went Hollow.""","ok_blockquote"
"24","Embraced Armor of Favor","ARMOR","Chest Armor","https://darksouls.wiki.fextralife.com/Embraced+Armor+of+Favor","/Embraced+Armor+of+Favor","""Armor of Lautrec the Embraced, representing the goddess Fina's love. The goddess's arms wrap around it, as if to embrace the wearer.""","ok_blockquote"
"25","Giant Armor","ARMOR","Chest Armor","https://darksouls.wiki.fextralife.com/Giant+Armor","/Giant+Armor","Armor of the giant sentinels of Anor Londo. Made from ancient brass, it also offers protection versus non-physical attacks, but due to its giant size, it is extremely heavy for humans, and impedes stamina recovery.","ok_blockquote"
"26","Gold-Hemmed Black Cloak","ARMOR","Chest Armor","https://darksouls.wiki.fextralife.com/Gold-Hemmed+Black+Cloak","/Gold-Hemmed+Black+Cloak","""Worn by the witch Quelana of Izalith, mother of pyromancy and Daughter of Chaos. She wore this gold-hemmed black cloak before even the Age of Fire, and it offers strong resistance versus fire, poison, and other perils.""","ok_blockquote"
"27","Golem Armor","ARMOR","Chest Armor","https://darksouls.wiki.fextralife.com/Golem+Armor","/Golem+Armor","Body of the Iron Golem, guardian of the ancient Sen's Fortress, slayer of heroes who ventured forth to Anor Londo. Without its core, it is a mere hunk of iron, and can be equipped as solid protective gear, but its immense weight hinders stamina recovery.","ok_blockquote"
"28","Gough's Armor","ARMOR","Chest Armor","https://darksouls.wiki.fextralife.com/Gough's+Armor","/Gough's+Armor","Armor of Hawkeye Gough, one of Gwyn's Four Knights. Armor donned by Gough since his days as a dragonslayer. The medallion, bequeathed by the Lord Himself, and the dragon bone pauldrons are symbols of the highest honors.","ok_blockquote"
"29","Guardian Armor","ARMOR","Chest Armor","https://darksouls.wiki.fextralife.com/Guardian+Armor","/Guardian+Armor","Armor of the stone knights, guardians of the forest sanctuary. The stone knights are golems animated by magic, and their enchanted armor is oppressively heavy.""","ok_blockquote"
"30","Hard Leather Armor","ARMOR","Chest Armor","https://darksouls.wiki.fextralife.com/Hard+Leather+Armor","/Hard+Leather+Armor","""Armor made of thick leather. Very common type of protective gear, they provide a sound level of defense.""","ok_blockquote"
"31","Havel's Armor","ARMOR","Chest Armor","https://darksouls.wiki.fextralife.com/Havel's+Armor","/Havel's+Armor","Armor worn by Havel the Rock's warriors. Carved from solid rock, its tremendous weight is matched only by the defense it provides. Havel's warriors never flinched nor retreated from battle. Those unfortunate enough to face them were inevitably beaten to a pulp.","ok_blockquote"
"32","Hollow Soldier Armor","ARMOR","Chest Armor","https://darksouls.wiki.fextralife.com/Hollow+Soldier+Armor","/Hollow+Soldier+Armor","""Armor worn by Hollow soldiers. It may be old and battered, but its iron construction makes it quite sturdy.""","ok_blockquote"
"33","Hollow Thief's Leather Armor","ARMOR","Chest Armor","https://darksouls.wiki.fextralife.com/Hollow+Thief's+Leather+Armor","/Hollow+Thief's+Leather+Armor","""Leather armor worn by Hollow thieves. It stifles noise and helps its wear hide in the shadows.""","ok_p_tag"
"34","Hollow Warrior Armor","ARMOR","Chest Armor","https://darksouls.wiki.fextralife.com/Hollow+Warrior+Armor","/Hollow+Warrior+Armor","""Armor worn by Hollow warriors. It is made of thick leather that is tattered with age.""","ok_blockquote"
"35","Holy Robe","ARMOR","Chest Armor","https://darksouls.wiki.fextralife.com/Holy+Robe","/Holy+Robe","""Robe donned by men of the cloth. Though plain to the eye, its hardy fabric repels rain and keeps the body warm. Those dissatisfied with church teachings must test their faith by going on a spiritual journey. Such is the ritual self-purification of the Way of White.""","ok_blockquote"
"36","Knight Armor","ARMOR","Chest Armor","https://darksouls.wiki.fextralife.com/Knight+Armor","/Knight+Armor","""Armor equipment of a lower a rank knight. Despite the thin metal used, the grooved texture gives them added protection.""","ok_blockquote"
"37","Leather Armor","ARMOR","Chest Armor","https://darksouls.wiki.fextralife.com/Leather+Armor","/Leather+Armor","""Made of soft leather. Very common type of protective gear.""","ok_blockquote"
"38","Lord's Blade Robe","ARMOR","Chest Armor","https://darksouls.wiki.fextralife.com/Lord's+Blade+Robe","/Lord's+Blade+Robe","""Robe of the Lord's Blade Ciaran, one of Gwyn's Four Knights. A robe common to all of the Lord's Blades, These deadly women shift nimbly between layers of darkness, etching streaks of gold into the night air, and planting visions of terror into the minds of their targets.""","ok_blockquote"
"39","Maiden Robe","ARMOR","Chest Armor","https://darksouls.wiki.fextralife.com/Maiden+Robe","/Maiden+Robe","""White robe worn by traveling maidens. It is part of their formal attire, regardless of rank. It is soft and well-made, but does not offer much in the way of defense, making it ill- suited to use in battle.""","ok_blockquote"
"40","Moonlight Robe","ARMOR","Chest Armor","https://darksouls.wiki.fextralife.com/Moonlight+Robe","/Moonlight+Robe","""Robe of the Dark Sun Gwyndolin, protector of the forsaken city of Anor Londo. The power of the moon was strong in Gwyndolin, and thus he was raised as a daughter. His magic garb is silk-thin and hardly provides any physical defense.""","ok_blockquote"
"41","Ornstein's Armor","ARMOR","Chest Armor","https://darksouls.wiki.fextralife.com/Ornstein's+Armor","/Ornstein's+Armor","""Armor of the dragonslayer Ornstein, who guards the cathedral in the forsaken city of Anor Londo. Ornstein is believed to be the captain of the Four Knights. His golden lion armor is imbued with the power of lightning and should provide good protection against it.""","ok_blockquote"
"42","Painting Guardian Robe","ARMOR","Chest Armor","https://darksouls.wiki.fextralife.com/Painting+Guardian+Robe","/Painting+Guardian+Robe","""Robe worn by the alabaster-clothed guardians of the paintings in Anor Londo. Offer substantial protection versus magic. They have guarded the Great Painting of Ariamis for ages, passing their duty down through generations, but the reason for doing so passed from all memory long ago.""","ok_blockquote"
"43","Paladin Armor","ARMOR","Chest Armor","https://darksouls.wiki.fextralife.com/Paladin+Armor","/Paladin+Armor","Armor of Leeroy, Paladin of the Catacombs. Long ago, the Way of the White produced its first Undead, a paladin in golden armor. With the legendary treasures Grant and Sanctus, Leeroy set out for Lordran, Land of the Gods, in the first Undead mission of the Way of White.","ok_blockquote"
"44","Robe of the Channelers","ARMOR","Chest Armor","https://darksouls.wiki.fextralife.com/Robe+of+the+Channelers","/Robe+of+the+Channelers","""Robe of the Channelers, sorcerers that serve Seath the Scaleless. Even after the onset of Seath's madness, the ""snatchers"" as they were often called, ventured to far lands to find suitable human specimens. The heaviest of protective gear for sorcerers, and imbued with magic.""","ok_blockquote"
"45","Robe of the Great Lord","ARMOR","Chest Armor","https://darksouls.wiki.fextralife.com/Robe+of+the+Great+Lord","/Robe+of+the+Great+Lord","""Robe of Gwyn, Lord of Cinder, who linked the First Flame. Lord Gwyn, bearer of the ultimate soul,divided that power among his clan before linking the flame. When he departed, he left only with his greatsword, his garb, and the crown, now bereft of power.""","ok_blockquote"
"46","Sage Robe","ARMOR","Chest Armor","https://darksouls.wiki.fextralife.com/Sage+Robe","/Sage+Robe","""Robe worn by Big Hat Logan. It is said to have been from his apprentice days at Dragon School, but it is so worn out, no one knows what it originally looked like. Logan, who cared little for his appearance, no doubt ever bothered to change out of it.""","ok_blockquote"
"47","Shadow Garb","ARMOR","Chest Armor","https://darksouls.wiki.fextralife.com/Shadow+Garb","/Shadow+Garb","""Black cloth garb worn by spooks from an Eastern land. Designed so as not to hinder their unique form of martial arts. White it sacrifices defense for the sake of greater mobility, it does offer resistance to bleeding and poison among other things, perhaps due to the nature of espionage.""","ok_blockquote"
"48","Silver Knight Armor","ARMOR","Chest Armor","https://darksouls.wiki.fextralife.com/Silver+Knight+Armor","/Silver+Knight+Armor","Armor of the Silver Knights who protect Anor Londo. When Lord Gwyn departed to link the Fire, his knights split into two groups. The Silver Knights remained in the forsaken capital in the service of their goddess.","ok_blockquote"
"49","Smough's Armor","ARMOR","Chest Armor","https://darksouls.wiki.fextralife.com/Smough's+Armor","/Smough's+Armor","Armor of Smough, the Executioner, protector of the cathedral at the forsaken city of Anor Londo. It offers extremely high defense and can be worn by humans, but not without great difficulty.","ok_blockquote"
"50","Sorcerer Cloak","ARMOR","Chest Armor","https://darksouls.wiki.fextralife.com/Sorcerer+Cloak","/Sorcerer+Cloak","""Cloak worn by proper sorcerers who studied at Vinheim Dragon School. The majority take pride in having studied at the academy and look down on breaking the formal dress code established for sorcerers.""","ok_blockquote"
"51","Steel Armor","ARMOR","Chest Armor","https://darksouls.wiki.fextralife.com/Steel+Armor","/Steel+Armor","Armor of the Knights of Berenike, known for their heavy armaments and armor. Countless Knights of Berenike, once extolled as the mightiest of mighty, became Undead and ventured to Lordran. But their journey was for naught, as they went Hollow, and became a threat to all Undead.""","ok_blockquote"
"52","Stone Armor","ARMOR","Chest Armor","https://darksouls.wiki.fextralife.com/Stone+Armor","/Stone+Armor","""Moss-covered armor of the Stone Knight, defender of the Darkroot Garden. The Stone Knight is a product of ancient magic, and although this armor is also imbued with magic, it is incredibly heavy.""","ok_blockquote"
"53","Tattered Cloth Robe","ARMOR","Chest Armor","https://darksouls.wiki.fextralife.com/Tattered+Cloth+Robe","/Tattered+Cloth+Robe","""Robe worn by the pyromancers of the Great Swamp. Though it appears tattered, it is actually quite strong. Their attire offers substantial protection against poison, fire, and other forces of nature out in the hinterlands where they were driven.""","ok_blockquote"
"54","Wanderer Coat","ARMOR","Chest Armor","https://darksouls.wiki.fextralife.com/Wanderer+Coat","/Wanderer+Coat","""Coat of an aimless traveler. Made from sturdy leather and quilting. Battle comes with the territory when one wanders the land, and this coat provides a certain degree of protection..""","ok_blockquote"
"55","Witch Cloak","ARMOR","Chest Armor","https://darksouls.wiki.fextralife.com/Witch+Cloak","/Witch+Cloak","""Cloak of the rogue witch Beatrice. Almost all magic users that employ catalysts studied at Dragon School, but Beatrice is one of the few exceptions. She braved the Abyss but did not live to tell of her ordeal.""","ok_blockquote"
"56","Xanthous Overcoat","ARMOR","Chest Armor","https://darksouls.wiki.fextralife.com/Xanthous+Overcoat","/Xanthous+Overcoat","""A mysterious item once worn by the Xanthous King Jeremiah, the legendary exile. No one knows where it came from. It may be tattered, but its bright yellow color still stings the eyes.""","ok_blockquote"
"57","Antiquated Gloves","ARMOR","Gauntlets","https://darksouls.wiki.fextralife.com/Antiquated+Gloves","/Antiquated+Gloves","Gloves from the ancient fallen land of Oolacile. Their ivory-colored silk features elaborate embroidery and are imbued with ancient magic power. One cannot expect any physical protection from these, as they were not meant to be worn in battle.","ok_blockquote"
"58","Balder Gauntlets","ARMOR","Gauntlets","https://darksouls.wiki.fextralife.com/Balder+Gauntlets","/Balder+Gauntlets","""Gauntlets worn by the knights of the ancient kingdom of Balder. It is made from thick iron plates. Balder was the homeland of the Knight King Rendal, but it came to ruin after a great many Undead were spawned.""","ok_p_tag"
"59","Black Iron Gauntlets","ARMOR","Gauntlets","https://darksouls.wiki.fextralife.com/Black+Iron+Gauntlets","/Black+Iron+Gauntlets","""Gauntlets of Black Iron Tarkus, a knight known for his great strength. Built of a special black iron and providing strong defense, notably against fire, but so terrible heavy to be unwieldy to all but Tarkus himself.""","ok_p_tag"
"60","Black Knight Gauntlets","ARMOR","Gauntlets","https://darksouls.wiki.fextralife.com/Black+Knight+Gauntlets","/Black+Knight+Gauntlets","""Gauntlets of the Black Knights who haunt Lordran. The knights followed Lord Gwyn when he departed to link the flame, but they were burned to ashes in newly kindled fire, wandering the world as disembodied spirits ever after.""","ok_p_tag"
"61","Black Leather Gloves","ARMOR","Gauntlets","https://darksouls.wiki.fextralife.com/Black+Leather+Gloves","/Black+Leather+Gloves","""This armor is made of smooth black leather is extremely quiet, a good thing for those who hide in the shadows. The leather itself is thick, offering a decent level of protection.""","ok_blockquote"
"62","Black Manchette","ARMOR","Gauntlets","https://darksouls.wiki.fextralife.com/Black+Manchette","/Black+Manchette","Manchette worn by pardoners serving Velka, the Goddess of Sin. The pardoners' attire is uniformly black in color and said to be imbued with Velka's mystical power, which provides resistance against all manner of magic","ok_blockquote"
"63","Black Sorcerer Gauntlets","ARMOR","Gauntlets","https://darksouls.wiki.fextralife.com/Black+Sorcerer+Gauntlets","/Black+Sorcerer+Gauntlets","Gauntlets worn by the secret sorcerers at Vinheim Dragon School. They secretly work with sound-based spells, and never reveal themselves.","ok_blockquote"
"64","Bracelet of the Great Lord","ARMOR","Gauntlets","https://darksouls.wiki.fextralife.com/Bracelet+of+the+Great+Lord","/Bracelet+of+the+Great+Lord","Bracelet of Gwyn, Lord of Cinder, who linked the First Flame. Lord Gwyn, bearer of the ultimate soul, divided that power among his clan before linking the flame. When he departed, he left only with his greatsword, his garb, and the crown, now bereft of power.","ok_blockquote"
"65","Brass Gauntlets","ARMOR","Gauntlets","https://darksouls.wiki.fextralife.com/Brass+Gauntlets","/Brass+Gauntlets","""Gauntlets of the Darkmoon Knightess, Fire Keeper of Anor Londo. After becoming Undead, she visited the Dark Sun Gwyndolin at the Mausoleum of the Spiral Depths, became a Blade of Darkmoon, and assumed the flame-keeping duty. She received these gauntlets, which hide her hideous form and help her hunt the guilty.""","ok_p_tag"
"66","Brigand Gauntlets","ARMOR","Gauntlets","https://darksouls.wiki.fextralife.com/Brigand+Gauntlets","/Brigand+Gauntlets","""Worn by the brigands who raid mountain hamlets and attack travelers. The addition of metal over a base of cloth and leather offers good mobility and defense""","ok_blockquote"
"67","Catarina Gauntlets","ARMOR","Gauntlets","https://darksouls.wiki.fextralife.com/Catarina+Gauntlets","/Catarina+Gauntlets","""Distinctively shaped gauntlets worn by the Knights of Catarina. Outside of Catarina, they are often ridiculed for their onion-like shape, infuriating the proud knights, but the masterfully forged curved design makes it very effective for parrying.""","ok_p_tag"
"68","Chester's Gloves","ARMOR","Gauntlets","https://darksouls.wiki.fextralife.com/Chester's+Gloves","/Chester's+Gloves","Leather gloves worn by Marvellous Chester, a man of mystery lost in the past. These gloves have no distinguishing features, but are of extremely high quality.","ok_blockquote"
"69","Crimson Gloves","ARMOR","Gauntlets","https://darksouls.wiki.fextralife.com/Crimson+Gloves","/Crimson+Gloves","""Gloves of the sorcerers who flooded New Londo to seal away the Dark wraiths, and the Four Kings who descended into Dark. The Sealers were once known as healers, and the bright crimson was a symbol of that.""","ok_blockquote"
"70","Crystalline Gauntlets","ARMOR","Gauntlets","https://darksouls.wiki.fextralife.com/Crystalline+Gauntlets","/Crystalline+Gauntlets","""Gauntlets worn by a Hollowed knight, who was partially crystallized. The crystal provides strong defense, but they cannot be used for long because they are easily broken and cannot be repaired.""","ok_p_tag"
"71","Dark Gauntlets","ARMOR","Gauntlets","https://darksouls.wiki.fextralife.com/Dark+Gauntlets","/Dark+Gauntlets","""Gauntlets of the Darkwraiths, former knights of New Londo who descended into Dark. Their gauntlets transformed, and remain symbol of the Dark servants and their diabolical art of Lifedrain.""","ok_p_tag"
"72","Dingy Gloves","ARMOR","Gauntlets","https://darksouls.wiki.fextralife.com/Dingy+Gloves","/Dingy+Gloves","Worn by the Fire Keeper at Firelink Shrine. They are thought to have once been the white gloves of a maiden, but smoke and ashes from bonfires darkened them over the years.","ok_blockquote"
"73","Eastern Gauntlets","ARMOR","Gauntlets","https://darksouls.wiki.fextralife.com/Eastern+Gauntlets","/Eastern+Gauntlets","""Distinctive gauntlets made in an Eastern land. Exquisitely crafted, these gauntlets offer excellent defense, particularly versus slash attacks, which are one of the main threats in battles in the East.""","ok_p_tag"
"74","Elite Knight Gauntlets","ARMOR","Gauntlets","https://darksouls.wiki.fextralife.com/Elite+Knight+Gauntlets","/Elite+Knight+Gauntlets","""Gauntlets of a nameless knight, perhaps an elite knight of Astora. Although he was loath to give up on his Undead mission, he perished at the Undead Asylum, and went Hollow.""","ok_p_tag"
"75","Gauntlets of Artorias","ARMOR","Gauntlets","https://darksouls.wiki.fextralife.com/Gauntlets+of+Artorias","/Gauntlets+of+Artorias","""Gauntlets of Artorias the Abysswalker, one of Gwyn's four knights. The death of the their owner can be surmised from the corrosive Dark of the Abyss, which has compromised their protective utility.""","ok_p_tag"
"76","Gauntlets of Favor","ARMOR","Gauntlets","https://darksouls.wiki.fextralife.com/Gauntlets+of+Favor","/Gauntlets+of+Favor","""Gauntlets of Lautrec the Embraced, representing the goddess Fina's love. During his solitude, he forsook everything, for he believed in the goddess's love for him.""","ok_p_tag"
"77","Gauntlets of Thorns","ARMOR","Gauntlets","https://darksouls.wiki.fextralife.com/Gauntlets+of+Thorns","/Gauntlets+of+Thorns","""Gauntlets of Kirk, knight of Thorns and notorious member of the Darkwraiths. A dense patch of thorns grows from their surface. They are a fitting item for the murderous Kirk, for by simply wearing them and rolling, one can damage enemies.""","ok_p_tag"
"78","Gauntlets of the Channelers","ARMOR","Gauntlets","https://darksouls.wiki.fextralife.com/Gauntlets+of+the+Channelers","/Gauntlets+of+the+Channelers","Gauntlets of the Channelers, sorcerers that serve Seath the Scaleless. Even after the onset of Seath's madness, the ""snatchers"" as they were often called, ventured to far lands to find suitable human specimens. The heaviest of protective gear for sorcerers, and imbued with magic.","ok_blockquote"
"79","Gauntlets of the Vanquisher","ARMOR","Gauntlets","https://darksouls.wiki.fextralife.com/Gauntlets+of+the+Vanquisher","/Gauntlets+of+the+Vanquisher","""Strange gauntlets from the ancient land of Zena, birthplace of the curious dealer Domhnall. They gold bracelets symbolize a vanquisher.""","ok_p_tag"
"80","Giant Gauntlets","ARMOR","Gauntlets","https://darksouls.wiki.fextralife.com/Giant+Gauntlets","/Giant+Gauntlets","""Gauntlets of the giant sentinels of Anor Londo. Made from ancient brass, they also offer protection versus non-physical attacks, but due to their giant size, they are extremely heavy for humans, and impede stamina recovery.""","ok_p_tag"
"81","Gold-Hemmed Black Gloves","ARMOR","Gauntlets","https://darksouls.wiki.fextralife.com/Gold-Hemmed+Black+Gloves","/Gold-Hemmed+Black+Gloves","Worn by the witch Quelana of Izalith, mother of pyromancy and Daughter of Chaos. She wore these gold lined black gloves before even the Age of Fire, and they offer strong resistance versus fire, poison, and other perils.","ok_blockquote"
"82","Golem Gauntlets","ARMOR","Gauntlets","https://darksouls.wiki.fextralife.com/Golem+Gauntlets","/Golem+Gauntlets","""Arms of the Iron Golem, guardian of the ancient Sen's Fortress, slayer of heroes who ventured forth to Anor Londo. Without its core, they are mere hunks of iron, and can be equipped as solid protective gear, but their immense weight hinders stamina recovery.""","ok_p_tag"
"83","Gough's Gauntlets","ARMOR","Gauntlets","https://darksouls.wiki.fextralife.com/Gough's+Gauntlets","/Gough's+Gauntlets","""Gauntlets of Hawkeye Gough, one of Gwyn's Four Knights. Received as a decoration of honor. Crafted of similar material to the gauntlets worn by the Silver Knights.""","ok_p_tag"
"84","Guardian Gauntlets","ARMOR","Gauntlets","https://darksouls.wiki.fextralife.com/Guardian+Gauntlets","/Guardian+Gauntlets","""Gauntlets of the stone knights, guardians of the forest sanctuary. The stone knights are golems animated by magic, and their enchanted gauntlets are oppressively heavy.""","ok_p_tag"
"85","Hard Leather Gauntlets","ARMOR","Gauntlets","https://darksouls.wiki.fextralife.com/Hard+Leather+Gauntlets","/Hard+Leather+Gauntlets","Gauntlets made of thick leather. Very common type of protective gear, they provide a sound level of defense.","ok_blockquote"
"86","Havel's Gauntlets","ARMOR","Gauntlets","https://darksouls.wiki.fextralife.com/Havel's+Gauntlets","/Havel's+Gauntlets","""Gauntlets worn by Havel the Rock's warriors. Carved from solid rock, their tremendous weight is matched only by the defense it provides. Havel's warriors never flinched nor retreated from battle. Those unfortunate enough to face them were inevitably beaten to a pulp.""","ok_p_tag"
"87","Iron Bracelet","ARMOR","Gauntlets","https://darksouls.wiki.fextralife.com/Iron+Bracelet","/Iron+Bracelet","""Bracelets of Solaire of Astora, Knight of Sunlight. Of high quality, but lacking any particular powers. Solaire's incredible prowess must have come from rigorous training alone, for his equipment exhibits no special traits.""","ok_p_tag"
"88","Knight Gauntlets","ARMOR","Gauntlets","https://darksouls.wiki.fextralife.com/Knight+Gauntlets","/Knight+Gauntlets","Gauntlets equipment of a lower a rank knight. Despite the thin metal used, the grooved texture gives them added protection.","ok_blockquote"
"89","Leather Gauntlets","ARMOR","Gauntlets","https://darksouls.wiki.fextralife.com/Leather+Gauntlets","/Leather+Gauntlets","""Gauntlets made of soft leather. One of the more common kinds of protective gear.""","ok_blockquote"
"90","Leather Gloves","ARMOR","Gauntlets","https://darksouls.wiki.fextralife.com/Leather+Gloves","/Leather+Gloves","""Made of soft leather. Very common type of protective gear.""","ok_blockquote"
"91","Lord's Blade Gloves","ARMOR","Gauntlets","https://darksouls.wiki.fextralife.com/Lord's+Blade+Gloves","/Lord's+Blade+Gloves","""Gloves worn by the Lord's Blade Ciaran, one of Gwyn's four knights. Gloves common to all of the Lord's Blades. These deadly women shift nimbly between layers of darkness, etching streaks of gold into the night air, and planting visions of terror into the minds of their targets.""","ok_p_tag"
"92","Maiden Gloves","ARMOR","Gauntlets","https://darksouls.wiki.fextralife.com/Maiden+Gloves","/Maiden+Gloves","""White gloves worn by traveling maidens. It is part of their formal attire, regardless of rank. It is soft and well-made, but does not offer much in the way of defense, making it ill- suited to use in battle.""","ok_blockquote"
"93","Moonlight Gloves","ARMOR","Gauntlets","https://darksouls.wiki.fextralife.com/Moonlight+Gloves","/Moonlight+Gloves","Gloves of the Dark Sun Gwyndolin, protector of the forsaken city of Anor Londo. The power of the moon was strong inGwyndolin, and thus he was raised as a daughter. His magic garb is silk-thin, and hardly provides any physical defense","ok_blockquote"
"94","Orntein's Gauntlets","ARMOR","Gauntlets","https://darksouls.wiki.fextralife.com/Orntein's+Gauntlets","/Orntein's+Gauntlets","""Gauntlets of the dragonslayer Ornstein, who guards the cathedral in the forsaken city of Anor Londo. Ornstein is believed to be the captain of the Four Knights. His golden lion gauntlets are imbued with the power of lightning and should provide good protection against it.""","ok_p_tag"
"95","Painting Guardian Gloves","ARMOR","Gauntlets","https://darksouls.wiki.fextralife.com/Painting+Guardian+Gloves","/Painting+Guardian+Gloves","Gloves worn by the alabaster-clothed guardians of the paintings in Anor Londo. Offer substantial protection versus magic. They have guarded the Great Painting of Ariamis for ages, passing their duty down through generations, but the reason for doing so passed from all memory long ago.","ok_blockquote"
"96","Paladin Gauntlets","ARMOR","Gauntlets","https://darksouls.wiki.fextralife.com/Paladin+Gauntlets","/Paladin+Gauntlets","""Gauntlets of Leeroy, Paladin of the Catacombs. Long ago, the Way of the White produced its first Undead, a paladin in golden armor. With the legendary treasures Grant and Sanctus, Leeroy set out for Lordran, Land of the Gods, in the first Undead mission of the Way of White.""","ok_p_tag"
"97","Shadow Gauntlets","ARMOR","Gauntlets","https://darksouls.wiki.fextralife.com/Shadow+Gauntlets","/Shadow+Gauntlets","Black cloth gauntlets worn by spooks from an Eastern land. Designed so as not to hinder their unique form of martial arts. White they sacrifice defense for the sake of greater mobility, they do offer resistance to bleeding and poison among other things, perhaps due to the nature of espionage.","ok_blockquote"
"98","Silver Knight Gauntlets","ARMOR","Gauntlets","https://darksouls.wiki.fextralife.com/Silver+Knight+Gauntlets","/Silver+Knight+Gauntlets","""Gauntlets of the Silver Knights who protect Anor Londo. When Lord Gwyn departed to link the Fire, his knights split into two groups. The Silver Knights remained in the forsaken capital in the service of their goddess.""","ok_p_tag"
"99","Smough's Gauntlets","ARMOR","Gauntlets","https://darksouls.wiki.fextralife.com/Smough's+Gauntlets","/Smough's+Gauntlets","""Gauntlets of Smough, the Executioner, protector of the cathedral at the forsaken city of Anor Londo. It offers extremely high defense and can be worn by humans, but not without great difficulty.""","ok_p_tag"
"100","Sorcerer Gauntlets","ARMOR","Gauntlets","https://darksouls.wiki.fextralife.com/Sorcerer+Gauntlets","/Sorcerer+Gauntlets","""Gauntlets worn by proper sorcerers who studied at Vinheim Dragon School. The majority take pride in having studied at the academy and look down on breaking the formal dress code established for sorcerers.""","ok_blockquote"
"101","Steel Gauntlets","ARMOR","Gauntlets","https://darksouls.wiki.fextralife.com/Steel+Gauntlets","/Steel+Gauntlets","""Gauntlets of the Knights of Berenike, known for their heavy armaments and armor Countless Knights of Berenike, once extolled as the mightiest of mighty, became Undead and ventured to Lordran. But their journey was for naught, as they went Hollow, and became a threat to all Undead.""","ok_p_tag"
"102","Stone Gauntlets","ARMOR","Gauntlets","https://darksouls.wiki.fextralife.com/Stone+Gauntlets","/Stone+Gauntlets","""Moss-covered gauntlets of the Stone Knight, defender of the Darkroot Garden. The Stone Knight is a product of ancient magic, and although these gauntlets are also imbued with magic, they are incredibly heavy.""","ok_p_tag"
"103","Tattered Cloth Manchette","ARMOR","Gauntlets","https://darksouls.wiki.fextralife.com/Tattered+Cloth+Manchette","/Tattered+Cloth+Manchette","Manchette worn by the pyromancers of the Great Swamp. Though it appears tattered, it is actually quite strong. Their attire offers substantial protection against poison, fire, and other forces of nature out in the hinterlands where they were driven.","ok_blockquote"
"104","Travelling Gloves","ARMOR","Gauntlets","https://darksouls.wiki.fextralife.com/Travelling+Gloves","/Travelling+Gloves","Thick, sturdy gloves made for travelers on extended journeys.","ok_blockquote"
"105","Wanderer Manchette","ARMOR","Gauntlets","https://darksouls.wiki.fextralife.com/Wanderer+Manchette","/Wanderer+Manchette","Manchette of an aimless wanderer. Made from sturdy leather and protects the hands. Boots of an aimless traveler. Made from sturdy leather. A must-have for long journeys.","ok_blockquote"
"106","Witch Gloves","ARMOR","Gauntlets","https://darksouls.wiki.fextralife.com/Witch+Gloves","/Witch+Gloves","Gloves of the rogue witch Beatrice. Almost all magic users that employ catalysts studied at Dragon School, but Beatrice is one of the few exceptions. She braved the Abyss but did not live to tell of her ordeal.","ok_blockquote"
"107","Xanthous Gloves","ARMOR","Gauntlets","https://darksouls.wiki.fextralife.com/Xanthous+Gloves","/Xanthous+Gloves","Mysterious items once worn by the Xanthous King Jeremiah, the legendary exile. No one knows where it came from. They may be tattered, but its bright yellow color still stings the eyes.","ok_blockquote"
"108","Balder Helm","ARMOR","Helms","https://darksouls.wiki.fextralife.com/Balder+Helm","/Balder+Helm","Helm worn by the knights of the ancient kingdom of Balder. It is made from thick iron plates. Balder was the homeland of the Knight King Rendal, but it came to ruin after a great many Undead were spawned","ok_blockquote"
"109","Big Hat","ARMOR","Helms","https://darksouls.wiki.fextralife.com/Big+Hat","/Big+Hat","""Gigantic hat worn by the great sorcerer Logan. It completely hid his face, which led to his nickname ""Big Hat."" Famously antisocial, Logan used it to block out noise and people's stares so he could focus on his own thoughts, but it does not possess any special magic powers.""","ok_blockquote"
"110","Black Iron Helm","ARMOR","Helms","https://darksouls.wiki.fextralife.com/Black+Iron+Helm","/Black+Iron+Helm","""Helm of Black Iron Tarkus, a knight known for his great strength. Built of a special black iron and providing strong defense, notably against fire, but so terrible heavy to be unwieldy to all but Tarkus himself.""","ok_blockquote"
"111","Black Knight Helm","ARMOR","Helms","https://darksouls.wiki.fextralife.com/Black+Knight+Helm","/Black+Knight+Helm","Helm of the Black Knight who haunt Lordran. The knights followed Lord Gwyn when he departed to link the flame, but they were burned to ashes in newly kindled fire, wandering the world as disembodied spirits ever after.","ok_blockquote"
"112","Black Sorcerer Hat","ARMOR","Helms","https://darksouls.wiki.fextralife.com/Black+Sorcerer+Hat","/Black+Sorcerer+Hat","Hat worn by the secret sorcerers at Vinheim Dragon School. They secretly work with sound-based spells, and never reveal themselves.","ok_blockquote"
"113","Bloated Head","ARMOR","Helms","https://darksouls.wiki.fextralife.com/Bloated+Head","/Bloated+Head","""The head of an Oolacile resident whose humanity went wild after being devoured by the Dark of Manus, Father of the Abyss. The bloated head is fissured, the cracks lined with innumerable tiny red eyeballs with a hard outside and mucous-filled inside, no sane person could ever wear it.""","ok_blockquote"
"114","Bloated Sorcerer Head","ARMOR","Helms","https://darksouls.wiki.fextralife.com/Bloated+Sorcerer+Head","/Bloated+Sorcerer+Head","""The head of an Oolacile resident whose humanity went wild after being devoured by the Dark of Manus, Father of the Abyss. The bloated head is fissured, the cracks lined with innumerable tiny red eyeballs and accented by protuding brain parts. It is lightly enchanted, suggesting that it may have belonged to a sorcerer.""","ok_blockquote"
"115","Brass Helm","ARMOR","Helms","https://darksouls.wiki.fextralife.com/Brass+Helm","/Brass+Helm","""Helm of the Darkmoon Knightess, Fire Keeper of Anor Londo. After becoming Undead, she visited the Dark Sun Gwyndolin at the Mausoleum of the Spiral Depths, became a Blade of Darkmoon, and assumed the flame-keeping duty. She received this helm, which hides her hideous form and helps her hunt the guilty.""","ok_blockquote"
"116","Brigand Hood","ARMOR","Helms","https://darksouls.wiki.fextralife.com/Brigand+Hood","/Brigand+Hood","Worn by the brigands who raid mountain hamlets and attack travelers. In addition to protecting against the blazing sun, dust, and sand, it helps them tell friend from foe in the heat of battle.","ok_blockquote"
"117","Catarina Helm","ARMOR","Helms","https://darksouls.wiki.fextralife.com/Catarina+Helm","/Catarina+Helm","""Distinctively shaped helm worn by the Knights of Catarina. Outside Catarina, it is often ridiculed for their onion-like shape, infuriating the proud knights, but the masterfully forged curved design makes it very effective for parrying.""","ok_blockquote"
"118","Chain Helm","ARMOR","Helms","https://darksouls.wiki.fextralife.com/Chain+Helm","/Chain+Helm","""A chainmail helm of thin interlinking rings of steel. It is common throughout the human world since it can be easily produced, it is not too heavy, and offers good defense. Knights may favor flashy armor, but for warriors on the battlefield, anything is fine as long as it keeps them alive.""","ok_blockquote"
"119","Cleric Helm","ARMOR","Helms","https://darksouls.wiki.fextralife.com/Cleric+Helm","/Cleric+Helm","Helm worn by the warrior clerics of the Way of White, who are famous for being unyielding in battle. It is rather substantial in size and weight, making its wearer look even bigger than he actually is.","ok_blockquote"
"120","Crown of Dusk","ARMOR","Helms","https://darksouls.wiki.fextralife.com/Crown+of+Dusk","/Crown+of+Dusk","Special magic crown bestowed upon Dusk, Princess of Oolacile, upon her birth. Its wearer is blessed by all manner of magic. This raises the power and effect of the wearer's magic, but damage suffered by magic attack also rises.","ok_blockquote"
"121","Crown of the Dark Sun","ARMOR","Helms","https://darksouls.wiki.fextralife.com/Crown+of+the+Dark+Sun","/Crown+of+the+Dark+Sun","Crown of the Dark Sun Gwyndolin, protector of the forsaken city of Anor Londo. This crown of the gods demands faith immeasurable of its wearer, but it is imbued with Darkmoon power that enhances all magic. The image of the sun manifests Gwyndolin's deep adoration of the sun.""","ok_blockquote"
"122","Crown of the Great Lord","ARMOR","Helms","https://darksouls.wiki.fextralife.com/Crown+of+the+Great+Lord","/Crown+of+the+Great+Lord","Crown of Gwyn, Lord of Cinder, who linked the First Flame. Lord Gwyn, bearer of the ultimate soul, divided that power among his great clan before linking the flame. But he did keep his crown, perhaps to preserve a symbol of the monarch, for its actual power had fully subsided.","ok_blockquote"
"123","Crystalline Helm","ARMOR","Helms","https://darksouls.wiki.fextralife.com/Crystalline+Helm","/Crystalline+Helm","""Helm worn by a Hollowed knight, who was partially crystallized. The crystal power provides powerful defense, but it cannot be used for long because it is easily broken and cannot be repaired.""","ok_blockquote"
"124","Dark Mask","ARMOR","Helms","https://darksouls.wiki.fextralife.com/Dark+Mask","/Dark+Mask","Mask of the Darkwraiths, former knights of New Londo who descended into Dark. Some say the skeletal mask of an ancient Darkwraith is partially fused with the flesh of its face.","ok_blockquote"
"125","Dingy Hood","ARMOR","Helms","https://darksouls.wiki.fextralife.com/Dingy+Hood","/Dingy+Hood","Worn by the Fire Keeper at Firelink Shrine. It is thought to have once been the white hood of a maiden, but smoke and ashes from bonfires darkened it over the years.","ok_blockquote"
"126","Eastern Helm","ARMOR","Helms","https://darksouls.wiki.fextralife.com/Eastern+Helm","/Eastern+Helm","A distinctive helm made in an Eastern land. Exquisitely crafted, this helm offers excellent defense, particularly versus slash attacks, which are one of the main threats in battles in the East.","ok_blockquote"
"127","Elite Knight Helm","ARMOR","Helms","https://darksouls.wiki.fextralife.com/Elite+Knight+Helm","/Elite+Knight+Helm","Helm of a nameless knight, perhaps an elite knight of Astora. Although he was loath to give up on his Undead mission, he perished at the Undead Asylum, and went Hollow.","ok_blockquote"
"128","Fang Boar Helm","ARMOR","Helms","https://darksouls.wiki.fextralife.com/Fang+Boar+Helm","/Fang+Boar+Helm","""Severed head of the fully-armored Fang Boar taken by the one who killed it as proof of his victory, just as the Gods once did with the head of the ancient dragon. Can be worn on the head as a surprisingly sound piece of protective gear.""","ok_blockquote"
"129","Gargoyle Helm","ARMOR","Helms","https://darksouls.wiki.fextralife.com/Gargoyle+Helm","/Gargoyle+Helm","""Helm of the gargoyle, an enchanted creature that guarded the Bell of Awakening in the belfry of the Undead Church. This bronze helm was for mere appearance's sake, as gargoyle skin is naturally hard. Little in the way of defense can be expected from it.""","ok_blockquote"
"130","Giant Helm","ARMOR","Helms","https://darksouls.wiki.fextralife.com/Giant+Helm","/Giant+Helm","""Helm of the giant sentinels of Anor Londo. Made from ancient brass, it also offers protection versus non-physical attacks, but due to its giant size, it is extremely heavy for humans, and impedes stamina recovery.""","ok_blockquote"
"131","Gold-Hemmed Black Hood","ARMOR","Helms","https://darksouls.wiki.fextralife.com/Gold-Hemmed+Black+Hood","/Gold-Hemmed+Black+Hood","Worn by the witch Quelana of Izalith, mother of pyromancy and Daughter of Chaos.She wore this gold-hemmed black hood before even the Age of Fire, and it offers strong resistance versus fire, poison, and other perils.","ok_blockquote"
"132","Golem Helm","ARMOR","Helms","https://darksouls.wiki.fextralife.com/Golem+Helm","/Golem+Helm","""Head of the Iron Golem, guardian of the ancient Sen's Fortress, slayer of heroes who ventured forth to Anor Londo. Without its core, it is a mere hunk of iron, and can be equipped as solid protective gear, but its immense weight hinders stamina recovery.""","ok_blockquote"
"133","Gough's Helm","ARMOR","Helms","https://darksouls.wiki.fextralife.com/Gough's+Helm","/Gough's+Helm","""Helm of Hawkeye Gough, one of Gwyn's Four Knights. Received as a decoration of knightly honor. A helm crafted especially for the honorable Hawkeye Gough, only the eye holes were packed with tree resin by those who dismissed Gough as a brutish giant.""","ok_blockquote"
"134","Guardian Helm","ARMOR","Helms","https://darksouls.wiki.fextralife.com/Guardian+Helm","/Guardian+Helm","""Helm of the stone knights, guardians of the forest sanctuary. The stone knights are golems animated by magic, and their enchanted helms are oppressively heavy.""","ok_blockquote"
"135","Havel's Helm","ARMOR","Helms","https://darksouls.wiki.fextralife.com/Havel's+Helm","/Havel's+Helm","Helm worn by Havel the Rock's warriors. Carved from solid rock, its tremendous weight is matched only by the defense it provides. Havel's warriors never flinched nor retreated from battle. Those unfortunate enough to face them were inevitably beaten to a pulp.","ok_blockquote"
"136","Helm of Artorias","ARMOR","Helms","https://darksouls.wiki.fextralife.com/Helm+of+Artorias","/Helm+of+Artorias","""Helm of Artorias the Abysswalker, one of Gwyn's four knights. The death of the helm's owner can be surmised from the corrosive Dark of the Abyss, and the musty azure-blue tassel, once a symbol of pride and glory.""","ok_blockquote"
"137","Helm of Favor","ARMOR","Helms","https://darksouls.wiki.fextralife.com/Helm+of+Favor","/Helm+of+Favor","""Helm of Lautrec the Embraced, representing the goddess Fina's love. During his solitude, he forsook everything, for he believed in the goddess's love for him.""","ok_blockquote"
"138","Helm of Thorns","ARMOR","Helms","https://darksouls.wiki.fextralife.com/Helm+of+Thorns","/Helm+of+Thorns","Helm of Kirk, knight of Thorns and notorious member of the Darkwraiths. A dense patch of thorns grows from its surface. It is a fitting item for the murderous Kirk, for by simply wearing it and rolling, one can damage enemies.","ok_blockquote"
"139","Helm of the Wise","ARMOR","Helms","https://darksouls.wiki.fextralife.com/Helm+of+the+Wise","/Helm+of+the+Wise","A strange helm from the ancient land of Zena, birthplace of the curious dealer Domhnall. The two horns are believed to symbolize wisdom.""","ok_blockquote"
"140","Hollow Soldier Helm","ARMOR","Helms","https://darksouls.wiki.fextralife.com/Hollow+Soldier+Helm","/Hollow+Soldier+Helm","Helm worn by Hollow soldiers. It may be old and battered, but its iron construction makes it quite sturdy. It is wise to wear a sturdy form of head protection against arrows and other physical threats.""","ok_blockquote"
"141","Hollow Thief's Hood","ARMOR","Helms","https://darksouls.wiki.fextralife.com/Hollow+Thief's+Hood","/Hollow+Thief's+Hood","Hood worn by Hollow thieves. Used to hide a guilty countenance.","ok_blockquote"
"142","Hollow Warrior Helm","ARMOR","Helms","https://darksouls.wiki.fextralife.com/Hollow+Warrior+Helm","/Hollow+Warrior+Helm","Helm worn by Hollow warriors. Although it is made of iron, it is old, battered and worn out. It is wise to wear a sturdy form of head protection against arrows and other physical threats.","ok_blockquote"
"143","Iron Helm","ARMOR","Helms","https://darksouls.wiki.fextralife.com/Iron+Helm","/Iron+Helm","Helm of Solaire of Astora, Knight of Sunlight. Of high quality, but lacking any particular powers. Solaire's incredible prowess must have come from rigorous training alone, for his equipment exhibits no special traits.","ok_blockquote"
"144","Knight Helm","ARMOR","Helms","https://darksouls.wiki.fextralife.com/Knight+Helm","/Knight+Helm","Helm equipment of a lower rank knight. Despite the thin metal used, the grooved texture gives them added protection.","ok_blockquote"
"145","Maiden Hood","ARMOR","Helms","https://darksouls.wiki.fextralife.com/Maiden+Hood","/Maiden+Hood","White hood worn by traveling maidens. It is part of their formal attire, regardless of rank. It is soft and well-made, but does not offer much in the way of defense, making it ill-suited to use in battle.","ok_blockquote"
"146","Mask of Velka","ARMOR","Helms","https://darksouls.wiki.fextralife.com/Mask+of+Velka","/Mask+of+Velka","Mask worn by pardoners serving Velka, the Goddess of Sin. The pardoners listen to the confessions ofsinners, urging reflection and salvation. Their masks symbolize separation from worldly desires.","ok_blockquote"
"147","Mask of the Child","ARMOR","Helms","https://darksouls.wiki.fextralife.com/Mask+of+the+Child","/Mask+of+the+Child","""One of the three masks of the Pinwheel, the necromancer who stole the power of the Gravelord, and reigns over the Catacombs. This mask, belonging to the naive child, slightly raises stamina recovery speed.""","ok_blockquote"
"148","Mask of the Father","ARMOR","Helms","https://darksouls.wiki.fextralife.com/Mask+of+the+Father","/Mask+of+the+Father","""One of the three masks of the Pinwheel, the necromancer who stole the power of the Gravelord, and reigns over the Catacombs. This mask, belonging to the valiant father, slightly raises equipment load.""","ok_blockquote"
"149","Mask of the Mother","ARMOR","Helms","https://darksouls.wiki.fextralife.com/Mask+of+the+Mother","/Mask+of+the+Mother","""One of the three masks of the Pinwheel, the necromancer who stole the power of the Gravelord, and reigns over the Catacombs. This mask, belonging to the kindly mother, slightly raises HP.""","ok_blockquote"
"150","Mask of the Sealer","ARMOR","Helms","https://darksouls.wiki.fextralife.com/Mask+of+the+Sealer","/Mask+of+the+Sealer","Mask of the sorcerers who flooded New Londo to seal away the Darkwraiths, and the Four Kings who descended into Dark. It symbolizes their resolve to keep the seal shut forever and their atonement for all who were sacrificed, but two of the three forsook New Londo upon tiring of their duty.","ok_blockquote"
"151","Ornstein's Helm","ARMOR","Helms","https://darksouls.wiki.fextralife.com/Ornstein's+Helm","/Ornstein's+Helm","""Helm of the dragonslayer Ornstein, who guards the cathedral in the forsaken city of Anor Londo. Ornstein is believed to be the captain of the Four Knights. His golden lion helm is imbued with the power of lightning and should provide good protection against it.""","ok_blockquote"
"152","Painting Guardian Hood","ARMOR","Helms","https://darksouls.wiki.fextralife.com/Painting+Guardian+Hood","/Painting+Guardian+Hood","Hood worn by the alabaster-clothed guardians of the paintings in Anor Londo. Offer substantial protection versus magic. They have guarded the Great Painting of Ariamis for ages, passing their duty down through generations, but the reason for doing so passed from all memory long ago.","ok_blockquote"
"153","Paladin Helm","ARMOR","Helms","https://darksouls.wiki.fextralife.com/Paladin+Helm","/Paladin+Helm","Helm of Leeroy, Paladin of the Catacombs. Long ago, the Way of the White produced its first Undead, a paladin in golden armor. With the legendary treasures Grant and Sanctus, Leeroy set out for Lordran, Land of the Gods, in the first Undead mission of the Way of White.","ok_blockquote"
"154","Pharis's Hat","ARMOR","Helms","https://darksouls.wiki.fextralife.com/Pharis's+Hat","/Pharis's+Hat","Broad-brimmed hat favored by the archer hero Pharis. Pharis was an accomplished archer, and though he was human, he ranked alongside Hawkeye Gough, one of the Four Knights of Lord Gwyn. His hat is universally popular among children.","ok_blockquote"
"155","Porcelain Mask","ARMOR","Helms","https://darksouls.wiki.fextralife.com/Porcelain+Mask","/Porcelain+Mask","Mask of the Lord's Blade Ciaran, one of Gwyn's Four Knights. The cyclops headpiece is common to all of the Lord's Blades, but Ciaran was determined to earn this soft porcelain mask as a unique decoration of honor. The mask is lined with ivory locks of hair.","ok_blockquote"
"156","Priest's Hat","ARMOR","Helms","https://darksouls.wiki.fextralife.com/Priest's+Hat","/Priest's+Hat","Distinctive hat worn only by Way of White priests in Thorolund. It is simply meant to show their position within the hierarchy. It holds almost no meaning in the land of Lordran.","ok_blockquote"
"157","Royal Helm","ARMOR","Helms","https://darksouls.wiki.fextralife.com/Royal+Helm","/Royal+Helm","""Helm of Vamos, skeleton blacksmith of the Catacombs. Partially made of gold, and confers high resistance overall. The helm is believed to belong to an ancient royal line, but only Vamos would know for sure, and he shall never speak again.""","ok_blockquote"
"158","Sack","ARMOR","Helms","https://darksouls.wiki.fextralife.com/Sack","/Sack","""Bloodstained patchwork sack by the Undead man-eating cook lurking in the Depths. Two eyeholes have been haphazardly cut out. It is unexpectedly soft and comfortable to wear, but it is probably near meaningless in terms of defense.""","ok_blockquote"
"159","Shadow Mask","ARMOR","Helms","https://darksouls.wiki.fextralife.com/Shadow+Mask","/Shadow+Mask","Black cloth mask worn by spooks from an Eastern land. Designed so as not to hinder their unique form of martial arts. While it sacrifices defense for the sake of greater mobility, it does offer resistance to bleeding and poison among other things, perhaps due to the nature of their duty.","ok_blockquote"
"160","Silver Knight Helm","ARMOR","Helms","https://darksouls.wiki.fextralife.com/Silver+Knight+Helm","/Silver+Knight+Helm","""Helm of the Silver Knights who protect Anor Londo. When Lord Gwyn departed to link the Fire, his knights split into two groups. The Silver Knights remained in the forsaken capital in the service of their goddess.""","ok_blockquote"
"161","Six-Eyed Helm of the Channelers","ARMOR","Helms","https://darksouls.wiki.fextralife.com/Six-Eyed+Helm+of+the+Channelers","/Six-Eyed+Helm+of+the+Channelers","Helm of the Channelers, sorcerers that serve Seath the Scaleless. The six eyes arranged in two vertical columns compensate for Seath's lack of sight. The heaviest of protective gear for sorcerers, and imbued with magic.","ok_blockquote"
"162","Smough's Helm","ARMOR","Helms","https://darksouls.wiki.fextralife.com/Smough's+Helm","/Smough's+Helm","""Helm of Smough, the Executioner, protector of the cathedral at the forsaken city of Anor Londo. It offers extremely high defense and can be worn by humans, but not without great difficulty.""","ok_blockquote"
"163","Snickering Top Hat","ARMOR","Helms","https://darksouls.wiki.fextralife.com/Snickering+Top+Hat","/Snickering+Top+Hat","Black top hat worn by Marvellous Chester, a man of mystery lost in the past. The wearer of this top hat cracks a dubious, permanent grin. The Curse of Chester!","ok_blockquote"
"164","Sorcerer Hat","ARMOR","Helms","https://darksouls.wiki.fextralife.com/Sorcerer+Hat","/Sorcerer+Hat","Hat worn by proper sorcerers who studied at Vinheim Dragon School. The majority take pride in having studied at the academy and look down on breaking the formal dress code established for sorcerers.","ok_blockquote"
"165","Standard Helm","ARMOR","Helms","https://darksouls.wiki.fextralife.com/Standard+Helm","/Standard+Helm","A sturdy helm made of iron with armor made of thick leather. Very common type of protective gear, it provides a sound level of defense. It is wise to wear a sturdy form of head protection against arrows and other physical threats.","ok_blockquote"
"166","Steel Helm","ARMOR","Helms","https://darksouls.wiki.fextralife.com/Steel+Helm","/Steel+Helm","""Helm of the Knights of Berenike, known for their heavy armaments and armor. Countless Knights of Berenike, once extolled as the mightiest of mighty, became Undead and ventured to Lordran. But their journey was for naught, as they went Hollow, and became a threat to all Undead.""","ok_blockquote"
"167","Stone Helm","ARMOR","Helms","https://darksouls.wiki.fextralife.com/Stone+Helm","/Stone+Helm","""Moss-covered helm of the Stone Knight, defender of the Darkroot Garden. The Stone Knight is a product of ancient magic, and although this helm is also imbued with magic, it is incredibly heavy.""","ok_blockquote"
"168","Sunlight Maggot","ARMOR","Helms","https://darksouls.wiki.fextralife.com/Sunlight+Maggot","/Sunlight+Maggot","A loathsome parasite that inhabits Lost Izalith. It is completely immobile, yet still lives. When worn on the head, it emanates blinding light, which is why it is known as a Sunlight Maggot.""","ok_blockquote"
"169","Symbol of Avarice","ARMOR","Helms","https://darksouls.wiki.fextralife.com/Symbol+of+Avarice","/Symbol+of+Avarice","""Monster head resembling a treasure chest. Once an ancient god, it is said this is the symbol of shame imposed on a long lost clan, exiled for the sin of avarice. Wearing this slightly raises soul absorption and item discovery, but also affects its wearer with the curse of the branded.""","ok_blockquote"
"170","Tattered Cloth Hood","ARMOR","Helms","https://darksouls.wiki.fextralife.com/Tattered+Cloth+Hood","/Tattered+Cloth+Hood","Hood worn by the pyromancers of the Great Swamp. Though it appears tattered, it is actually quite strong. Their attire offers substantial protection against poison, fire, and other forces of nature out in the hinterlands where they were driven.","ok_blockquote"
"171","Thief Mask","ARMOR","Helms","https://darksouls.wiki.fextralife.com/Thief+Mask","/Thief+Mask","Mask of sinners. They hide their faces, stifle their voices and hide in the shadows. It does not provide much in the way of defense.","ok_blockquote"
"172","Wanderer Hood","ARMOR","Helms","https://darksouls.wiki.fextralife.com/Wanderer+Hood","/Wanderer+Hood","Hood of an aimless traveler. Made from sturdy leather, it offers protection versus wind and rain.","ok_blockquote"
"173","Witch Hat","ARMOR","Helms","https://darksouls.wiki.fextralife.com/Witch+Hat","/Witch+Hat","Hat of the Rogue Witch Beatrice.Almost all magic users that employ catalysts studied at Dragon School, but Beatrice is one of the few exceptions. She braved the Abyss but did not live to tell of her ordeal.","ok_blockquote"
"174","Xanthous Crown","ARMOR","Helms","https://darksouls.wiki.fextralife.com/Xanthous+Crown","/Xanthous+Crown","A mysterious item once worn by the Xanthous King Jeremiah, the legendary exile. No one knows where it came from. The crown bears high-quality cloth which is quite soft to the touch, but its bright yellow color stings the eyes, and it is clearly far too big.""","ok_blockquote"
"175","Anklet of the Great Lord","ARMOR","Leg Armor","https://darksouls.wiki.fextralife.com/Anklet+of+the+Great+Lord","/Anklet+of+the+Great+Lord","""Anklet of Gwyn, Lord of Cinder, who linked the First Flame. Lord Gwyn, bearer of the ultimate soul, divided that power among his clan before linking the flame. When he departed, he left only with his greatsword, his garb, and the crown, now bereft of power.""","ok_p_tag"
"176","Antiquated Skirt","ARMOR","Leg Armor","https://darksouls.wiki.fextralife.com/Antiquated+Skirt","/Antiquated+Skirt","""A skirt from the ancient fallen land of Oolacile. Its ivory-colored silk features elaborate embroidery and is imbued with ancient magic power. One cannot expect any physical protection from this garment, as it was not meant to be worn in battle.""","ok_p_tag"
"177","Balder Leggings","ARMOR","Leg Armor","https://darksouls.wiki.fextralife.com/Balder+Leggings","/Balder+Leggings","""Leggings worn by the knights of the ancient kingdom of Balder. It is made from thick iron plates. Balder was the homeland of the Knight King Rendal, but it came to ruin after a great many Undead were spawned .""","ok_p_tag"
"178","Black Iron Leggings","ARMOR","Leg Armor","https://darksouls.wiki.fextralife.com/Black+Iron+Leggings","/Black+Iron+Leggings","""Leggings of Black Iron Tarkus, a knight known for his great strength. Built of a special black iron and providing strong defense, notably against fire, but so terrible heavy to be unwieldy to all but Tarkus himself.""","ok_p_tag"
"179","Black Knight Leggings","ARMOR","Leg Armor","https://darksouls.wiki.fextralife.com/Black+Knight+Leggings","/Black+Knight+Leggings","""Leggings of the Black Knights who haunt Lordran. The knights followed Lord Gwyn when he departed to link the flame, but they were burned to ashes in newly kindled fire, wandering the world as disembodied spirits ever after .""","ok_p_tag"
"180","Black Leather Boots","ARMOR","Leg Armor","https://darksouls.wiki.fextralife.com/Black+Leather+Boots","/Black+Leather+Boots","""This armor is made of smooth black leather is extremely quiet, a good thing for those who hide in the shadows. The leather itself is thick, offering a decent level of protection.""","ok_p_tag"
"181","Black Sorcerer Boots","ARMOR","Leg Armor","https://darksouls.wiki.fextralife.com/Black+Sorcerer+Boots","/Black+Sorcerer+Boots","""Boots worn by the secret sorcerers at Vinheim Dragon School. They secretly work with sound-based spells, and never reveal themselves.""","ok_p_tag"
"182","Black Tights","ARMOR","Leg Armor","https://darksouls.wiki.fextralife.com/Black+Tights","/Black+Tights","""Tights worn by pardoners serving Velka, the Goddess of Sin. The pardoners' attire is uniformly black in color and said to be imbued with Velka's mystical power, which provides resistance against all manner of magic.""","ok_p_tag"
"183","Blood-Stained Skirt","ARMOR","Leg Armor","https://darksouls.wiki.fextralife.com/Blood-Stained+Skirt","/Blood-Stained+Skirt","""Worn by the Fire Keeper at Firelink Shrine. It is thought to have once been the white skirt of a maiden, but its true origin is lost in patches of blood. Perhaps its former wearer was maimed to prevent escape?""","ok_p_tag"
"184","Boots of the Explorer","ARMOR","Leg Armor","https://darksouls.wiki.fextralife.com/Boots+of+the+Explorer","/Boots+of+the+Explorer","""Strange boots from the ancient land of Zena, birthplace of the curious dealer Domhnall. The inlaid silver rings symbolize an explorer.""","ok_p_tag"
"185","Brass Leggings","ARMOR","Leg Armor","https://darksouls.wiki.fextralife.com/Brass+Leggings","/Brass+Leggings","""Leggings of the Darkmoon Knightess, Fire Keeper of Anor Londo. After becoming Undead, she visited the Dark Sun Gwyndolin at the Mausoleum of the Spiral Depths, became a Blade of Darkmoon, and assumed the flame-keeping duty. She received these leggings, which hides her hideous form and help her hunt the guilty.""","ok_p_tag"
"186","Brigand Trousers","ARMOR","Leg Armor","https://darksouls.wiki.fextralife.com/Brigand+Trousers","/Brigand+Trousers","""Worn by the brigands who raid mountain hamlets and attack travelers. The addition of metal over a base of cloth and leather offers good mobility and defense.""","ok_p_tag"
"187","Catarina Leggings","ARMOR","Leg Armor","https://darksouls.wiki.fextralife.com/Catarina+Leggings","/Catarina+Leggings","""Distinctively shaped leggings worn by the Knights of Catarina. Outside of Caterina, they are often ridiculed for their onion-like shape, infuriating the proud knights, but the masterfully forged curved design makes it very effective for parrying.""","ok_p_tag"
"188","Chain Leggings","ARMOR","Leg Armor","https://darksouls.wiki.fextralife.com/Chain+Leggings","/Chain+Leggings","""Chainmail leggings of thin interlinking rings of steel. It is common throughout the human world since it can be easily produced, it is not too heavy, and offers good defense. Knights may favor flashy armor, but for warriors on the battlefield, anything is fine as long as it keeps them alive.""","ok_p_tag"
"189","Chester's Trousers","ARMOR","Leg Armor","https://darksouls.wiki.fextralife.com/Chester's+Trousers","/Chester's+Trousers","""Black leather trousers worn by Marvellous Chester, a man of mystery lost in the past. These exquisitely sewn trousers are decorated with silver trinkets of varying sizes, and have straps on the inner legs for carrying crossbow bolts.""","ok_p_tag"
"190","Crimson Waistcloth","ARMOR","Leg Armor","https://darksouls.wiki.fextralife.com/Crimson+Waistcloth","/Crimson+Waistcloth","""Waistcloth of the sorcerers who flooded New Londo to seal away the Darkwraiths, and the Four Kings who descended into Dark. The Sealers were once known as healers, and the bright crimson was a symbol of that.""","ok_p_tag"
"191","Crystalline Leggings","ARMOR","Leg Armor","https://darksouls.wiki.fextralife.com/Crystalline+Leggings","/Crystalline+Leggings","""Leggings worn by a Hollowed knight, who was partially crystallized. The crystal power provides good defense, but they cannot be used for long because they are easily broken and cannot be repaired.""","ok_p_tag"
"192","Dark Leggings","ARMOR","Leg Armor","https://darksouls.wiki.fextralife.com/Dark+Leggings","/Dark+Leggings","""Leggings of the Darkwraiths, former knights of New Londo who descended into Dark. Their leggings transformed, and remain a symbol of the Dark servants and their diabolical art of Lifedrain.""","ok_p_tag"
"193","Eastern Leggings","ARMOR","Leg Armor","https://darksouls.wiki.fextralife.com/Eastern+Leggings","/Eastern+Leggings","""Distinctive leggings made in an Eastern land. Exquisitely crafted, these leggings offer excellent defense, particularly versus slash attacks, which are one of the main threats in battles in the East.""","ok_p_tag"
"194","Elite Knight Leggings","ARMOR","Leg Armor","https://darksouls.wiki.fextralife.com/Elite+Knight+Leggings","/Elite+Knight+Leggings","""Leggings of a nameless knight, perhaps an elite knight of Astora. Although he was loath to give up on his Undead mission, he perished at the Undead Asylum, and went Hollow.""","ok_p_tag"
"195","Giant Leggings","ARMOR","Leg Armor","https://darksouls.wiki.fextralife.com/Giant+Leggings","/Giant+Leggings","""Leggings of the giant sentinels of Anor Londo. Made from ancient brass, they also offer protection versus non-physical attacks, but due to their giant size, they are extremely heavy for humans, and impede stamina recovery.""","ok_p_tag"
"196","Gold-Hemmed Black Skirt","ARMOR","Leg Armor","https://darksouls.wiki.fextralife.com/Gold-Hemmed+Black+Skirt","/Gold-Hemmed+Black+Skirt","""Worn by the witch Quelana of Izalith, mother of pyromancy and Daughter of Chaos. She wore this gold-hemmed black skirt before even the Age of Fire, and it offers strong resistance versus fire, poison, and other perils.""","ok_p_tag"
"197","Golem Leggings","ARMOR","Leg Armor","https://darksouls.wiki.fextralife.com/Golem+Leggings","/Golem+Leggings","""Legs of the Iron Golem, guardian of the ancient Sen's Fortress, slayer of heroes who ventured forth to Anor Londo. Without its core, they are mere hunks of iron, and can be equipped as solid protective gear, but their immense weight hinders stamina recovery.""","ok_p_tag"
"198","Gough's Leggings","ARMOR","Leg Armor","https://darksouls.wiki.fextralife.com/Gough's+Leggings","/Gough's+Leggings","""Leggings of Hawkeye Gough, one of Gwyn's Four Knights. Received as a decoration of honor. Crafted of similar material to the gauntlets worn by the Silver Knights.""","ok_p_tag"
"199","Guardian Leggings","ARMOR","Leg Armor","https://darksouls.wiki.fextralife.com/Guardian+Leggings","/Guardian+Leggings","""Leggings of the stone knights, guardians of the forest sanctuary. The stone knights are golems animated by magic, and their enchanted leggings are oppressively heavy.""","ok_p_tag"
"200","Hard Leather Boots","ARMOR","Leg Armor","https://darksouls.wiki.fextralife.com/Hard+Leather+Boots","/Hard+Leather+Boots","""Boots made of thick leather. Very common type of protective gear, they provide a sound level of defense.""","ok_p_tag"
"201","Havel's Leggings","ARMOR","Leg Armor","https://darksouls.wiki.fextralife.com/Havel's+Leggings","/Havel's+Leggings","""Leggings worn by Havel the Rock's warriors. Carved from solid rock, their tremendous weight is matched only by the defense it provides. Havel's warriors never flinched nor retreated from battle. Those unfortunate enough to face them were inevitably beaten to a pulp.""","ok_p_tag"
"202","Heavy Boots","ARMOR","Leg Armor","https://darksouls.wiki.fextralife.com/Heavy+Boots","/Heavy+Boots","""Boots made of thick leather. The boots of the pyromancers are incredibly tough, on account of the rugged grasslands and treacherous swamps they must traverse. Their soles are nearly impenetrable.""","ok_p_tag"
"203","Hollow Soldier Waistcloth","ARMOR","Leg Armor","https://darksouls.wiki.fextralife.com/Hollow+Soldier+Waistcloth","/Hollow+Soldier+Waistcloth","""Waistcloth worn by Hollow soldiers. It is so tattered that it barely serves its purpose anymore.""","ok_p_tag"
"204","Hollow Thief's Tights","ARMOR","Leg Armor","https://darksouls.wiki.fextralife.com/Hollow+Thief's+Tights","/Hollow+Thief's+Tights","""Tights worn by Hollow thieves. They stifle noise and help their wearer hide in the shadows.""","ok_p_tag"
"205","Hollow Warrior Waistcloth","ARMOR","Leg Armor","https://darksouls.wiki.fextralife.com/Hollow+Warrior+Waistcloth","/Hollow+Warrior+Waistcloth","""Waistcloth worn by Hollow Warriors. It is so tattered that it barely serves its purpose anymore.""","ok_p_tag"
"206","Holy Trousers","ARMOR","Leg Armor","https://darksouls.wiki.fextralife.com/Holy+Trousers","/Holy+Trousers","""Trousers donned by men of the cloth. Though plain to the eye, its hardy fabric repels rain and keeps the body warm. Those dissatisfied with church teachings must test their faith by going on a spiritual journey. Such is the ritual self-purification of the Way of White.""","ok_p_tag"
"207","Iron Leggings","ARMOR","Leg Armor","https://darksouls.wiki.fextralife.com/Iron+Leggings","/Iron+Leggings","""Leggings of Solaire of Astora, Knight of Sunlight. Of high quality, but lacking any particular powers. Solaire's incredible prowess must have come from rigorous training alone, for his equipment exhibits no special traits.""","ok_p_tag"
"208","Knight Leggings","ARMOR","Leg Armor","https://darksouls.wiki.fextralife.com/Knight+Leggings","/Knight+Leggings","""Legging sequipment of a lower a rank knight. Despite the thin metal used, the grooved texture gives them added protection.""","ok_p_tag"
"209","Leather Boots","ARMOR","Leg Armor","https://darksouls.wiki.fextralife.com/Leather+Boots","/Leather+Boots","""Made of soft leather. Very common type of protective gear.""","ok_p_tag"
"210","Leggings of Artorias","ARMOR","Leg Armor","https://darksouls.wiki.fextralife.com/Leggings+of+Artorias","/Leggings+of+Artorias","""Leggings of Artorias the Abysswalker, one of Gwyn's four knights. The death of the their owner can be surmised from the corrosive Dark of the Abyss, which has compromised their protective utility.""","ok_p_tag"
"211","Leggings of Favor","ARMOR","Leg Armor","https://darksouls.wiki.fextralife.com/Leggings+of+Favor","/Leggings+of+Favor","""Leggings of Lautrec the Embraced, representing the goddess Fina's love. During his solitude, he forsook everything, for he believed in the goddess's love for him.""","ok_p_tag"
"212","Leggings of Thorns","ARMOR","Leg Armor","https://darksouls.wiki.fextralife.com/Leggings+of+Thorns","/Leggings+of+Thorns","""Leggings of Kirk, knight of Thorns and notorious member of the Darkwraiths. A dense patch of thorns grows from their surface. They are a fitting item for the murderous Kirk, for by simply wearing them and rolling, one can damage enemies.""","ok_p_tag"
"213","Lord's Blade Waistcloth","ARMOR","Leg Armor","https://darksouls.wiki.fextralife.com/Lord's+Blade+Waistcloth","/Lord's+Blade+Waistcloth","""Waistcloth worn by the Lord's Blade Ciaran, one of Gwyn's four knights. Waistcloth common to all of the Lord's Blades. These deadly women shift nimbly between layers of darkness, etching streaks of gold into the night air, and planting visions of terror into the minds of their targets.""","ok_p_tag"
"214","Maiden Skirt","ARMOR","Leg Armor","https://darksouls.wiki.fextralife.com/Maiden+Skirt","/Maiden+Skirt","""White skirt worn by traveling maidens. It is part of their formal attire, regardless of rank. It is soft and well-made, but does not offer much in the way of defense, making it ill- suited to use in battle.""","ok_p_tag"
"215","Moonlight Waistcloth","ARMOR","Leg Armor","https://darksouls.wiki.fextralife.com/Moonlight+Waistcloth","/Moonlight+Waistcloth","""Waistcloth of the Dark Sun Gwyndolin, protector of the forsaken city of Anor Londo. The power of the moon was strong in Gwyndolin, and thus he was raised as a daughter. His magic garb is silk-thin, and hardly provides any physical defense.""","ok_p_tag"
"216","Ornstein's Leggings","ARMOR","Leg Armor","https://darksouls.wiki.fextralife.com/Ornstein's+Leggings","/Ornstein's+Leggings","""Leggings of the dragonslayer Ornstein, who guards the cathedral in the forsaken city of Anor Londo. Ornstein is believed to be the captain of the Four Knights. His golden lion leggings are imbued with the power of lightning and should provide good protection against it..""","ok_p_tag"
"217","Painting Guardian Waistcloth","ARMOR","Leg Armor","https://darksouls.wiki.fextralife.com/Painting+Guardian+Waistcloth","/Painting+Guardian+Waistcloth","""Waistcloth worn by the alabaster-clothed guardians of the paintings in Anor Londo. Offer substantial protection versus magic. They have guarded the Great Painting of Ariamis for ages, passing their duty down through generations, but the reason for doing so passed from all memory long ago.""","ok_p_tag"
"218","Paladin Leggings","ARMOR","Leg Armor","https://darksouls.wiki.fextralife.com/Paladin+Leggings","/Paladin+Leggings","""Leggings of Leeroy, Paladin of the Catacombs. Long ago, the Way of the White produced its first Undead, a paladin in golden armor. With the legendary treasures Grant and Sanctus, Leeroy set out for Lordran, Land of the Gods, in the first Undead mission of the Way of White.""","ok_p_tag"
"219","Shadow Leggings","ARMOR","Leg Armor","https://darksouls.wiki.fextralife.com/Shadow+Leggings","/Shadow+Leggings","""Black cloth leggings worn by spooks from an Eastern land. Designed so as not to hinder their unique form of martial arts. White they sacrifice defense for the sake of greater mobility, they do offer resistance to bleeding and poison among other things, perhaps due to the nature of espionage.""","ok_p_tag"
"220","Silver Knight Leggings","ARMOR","Leg Armor","https://darksouls.wiki.fextralife.com/Silver+Knight+Leggings","/Silver+Knight+Leggings","""Leggings of the Silver Knights who protect Anor Londo. When Lord Gwyn departed to link the Fire, his knights split into two groups. The Silver Knights remained in the forsaken capital in the service of their goddess.""","ok_p_tag"
"221","Smough's Leggings","ARMOR","Leg Armor","https://darksouls.wiki.fextralife.com/Smough's+Leggings","/Smough's+Leggings","""Leggings of Smough, the Executioner, protector of the cathedral at the forsaken city of Anor Londo. It offers extremely high defense and can be worn by humans, but not without great difficulty.""","ok_p_tag"
"222","Sorcerer Boots","ARMOR","Leg Armor","https://darksouls.wiki.fextralife.com/Sorcerer+Boots","/Sorcerer+Boots","""Hat worn by proper sorcerers who studied at Vinheim Dragon School. The majority take pride in having studied at the academy and look down on breaking the formal dress code established for sorcerers.""","ok_p_tag"
"223","Steel Leggings","ARMOR","Leg Armor","https://darksouls.wiki.fextralife.com/Steel+Leggings","/Steel+Leggings","""Leggings of the Knights of Berenike, known for their heavy armaments and armor Countless Knights of Berenike, once extolled as the mightiest of mighty, became Undead and ventured to Lordran. But their journey was for naught, as they went Hollow, and became a threat to all Undead.""","ok_p_tag"
"224","Stone Leggings","ARMOR","Leg Armor","https://darksouls.wiki.fextralife.com/Stone+Leggings","/Stone+Leggings","""Moss-covered leggings of the Stone Knight, defender of the Darkroot Garden. The Stone Knight is a product of ancient magic, and although these leggings are also imbued with magic, they are incredibly heavy.""","ok_p_tag"
"225","Travelling Boots","ARMOR","Leg Armor","https://darksouls.wiki.fextralife.com/Travelling+Boots","/Travelling+Boots","""Boots worn by Big Hat Logan. They are indistinguishable from the ordinary kind worn by travelers.""","ok_p_tag"
"226","Waistcloth of the Channelers","ARMOR","Leg Armor","https://darksouls.wiki.fextralife.com/Waistcloth+of+the+Channelers","/Waistcloth+of+the+Channelers","""Waistcloth of the Channelers, sorcerers that serve Seath the Scaleless. Even after the onset of Seath's madness, the ""snatchers"" as they were often called, ventured to far lands to find suitable human specimens. The heaviest of protective gear for sorcerers, and imbued with magic.""","ok_p_tag"
"227","Wanderer Boots","ARMOR","Leg Armor","https://darksouls.wiki.fextralife.com/Wanderer+Boots","/Wanderer+Boots","""Boots of an aimless traveler. Made from sturdy leather. A must-have for long journeys.""","ok_p_tag"
"228","Witch Skirt","ARMOR","Leg Armor","https://darksouls.wiki.fextralife.com/Witch+Skirt","/Witch+Skirt","""Skirt of the rogue witch Beatrice. Almost all magic users that employ catalysts studied at Dragon School, but Beatrice is one of the few exceptions. She braved the Abyss but did not live to tell of her ordeal.""","ok_p_tag"
"229","Xanthous Waistcloth","ARMOR","Leg Armor","https://darksouls.wiki.fextralife.com/Xanthous+Waistcloth","/Xanthous+Waistcloth","""A mysterious item once worn by the Xanthous King Jeremiah, the legendary exile. No one knows where it came from. It may be tattered, but its bright yellow color still stings the eyes.""","ok_p_tag"
"230","Egg Head","ARMOR","Unique Armor","https://darksouls.wiki.fextralife.com/Egg+Head","/Egg+Head","An egg implanted on the head by a type of parasite bearing eggs on its back.The nightmare begins with a slight itch on the head, and soon the parasite will be siphoning the souls of slain enemies.Unless you find this amusing, quickly use Egg Vermifuge to purge it.","ok_blockquote"
"231","Dragonslayer Arrow","ITEMS","Ammunition","https://darksouls.wiki.fextralife.com/Dragonslayer+Arrow","/Dragonslayer+Arrow","Giant dragon-hunting arrows, resembling iron spears. Used by Hawkeye Gough and his Dragonslayers, they puncture human flesh easily. Dragonslayer Arrows can only be used with the Dragonslayer Greatbow, and vice-versa.","ok_blockquote"
"232","Feather Arrow","ITEMS","Ammunition","https://darksouls.wiki.fextralife.com/Feather+Arrow","/Feather+Arrow","Red feather arrows of the Lord's hunters. Their long range makes them effective for sniping.","ok_blockquote"
"233","Fire Arrow","ITEMS","Ammunition","https://darksouls.wiki.fextralife.com/Fire+Arrow","/Fire+Arrow","Arrows fired with flaming tips. Inflicts fire damage.","ok_blockquote"
"234","Gough's Great Arrow","ITEMS","Ammunition","https://darksouls.wiki.fextralife.com/Gough's+Great+Arrow","/Gough's+Great+Arrow","Great arrow used by Hawkeye Gough, one of Lord Gwyn's Four Knights, for dragon slaying. Requires Greatbow. Gough personally crafts each stone tip, and wraps the shaft tightly with tree bark.","ok_blockquote"
"235","Heavy Bolt","ITEMS","Ammunition","https://darksouls.wiki.fextralife.com/Heavy+Bolt","/Heavy+Bolt","Large bolt. Used mainly with the Heavy Crossbow. These weighty bolts inflict high damage, but have reduced range.","ok_blockquote"
"236","Large Arrow","ITEMS","Ammunition","https://darksouls.wiki.fextralife.com/Large+Arrow","/Large+Arrow","Large arrow. Heavier arrows cause more damage, but have a shorter range.","ok_blockquote"
"237","Lightning Bolt","ITEMS","Ammunition","https://darksouls.wiki.fextralife.com/Lightning+Bolt","/Lightning+Bolt","Special bolts imbued with lightning, crafted by the giant blacksmith of Anor Londo. The giant blacksmith has never seen a crossbow, but remembers the specifications of the bolts requested by ancient warriors","ok_blockquote"
"238","Moonlight Arrow","ITEMS","Ammunition","https://darksouls.wiki.fextralife.com/Moonlight+Arrow","/Moonlight+Arrow","Arrow granted to those bound by Covenant to the Dark Sun Gwyndolin, Lord Gwyn's lastborn. Moonlight Arrows glow silver, and inflict magic damage.","ok_blockquote"
"239","Poison Arrow","ITEMS","Ammunition","https://darksouls.wiki.fextralife.com/Poison+Arrow","/Poison+Arrow","Arrow with point dipped in poison. Ensures the demise of prey in a hunt, or the target in an assassination. Once an enemy is poisoned, one need only wait.","ok_blockquote"
"240","Sniper Bolt","ITEMS","Ammunition","https://darksouls.wiki.fextralife.com/Sniper+Bolt","/Sniper+Bolt","Red feather bolts used with the Sniper Crossbow. Their long range makes them effective for sniping.","ok_blockquote"
"241","Standard Arrow","ITEMS","Ammunition","https://darksouls.wiki.fextralife.com/Standard+Arrow","/Standard+Arrow","Standard arrow. Arrows must be equipped to be fired.","ok_blockquote"
"242","Standard Bolt","ITEMS","Ammunition","https://darksouls.wiki.fextralife.com/Standard+Bolt","/Standard+Bolt","Standard crossbow bolt. Used mainly with the Light Crossbow. Equip crossbow with a bolt to fire","ok_blockquote"
"243","Wood Bolt","ITEMS","Ammunition","https://darksouls.wiki.fextralife.com/Wood+Bolt","/Wood+Bolt","Basic wood bolt. These bolts do not fly particularly far, nor do they inflict a terrible amount of damage, but their cheap cost makes them useful when volume is required.","ok_blockquote"
"244","Wooden Arrow","ITEMS","Ammunition","https://darksouls.wiki.fextralife.com/Wooden+Arrow","/Wooden+Arrow","Standard arrow. These arrows do not fly particularly far, nor do they inflict a terrible amount of damage, but their cheap cost makes them useful when volume is required.","ok_blockquote"
"245","Bloodred Moss Clump","ITEMS","Consumables","https://darksouls.wiki.fextralife.com/Bloodred+Moss+Clump","/Bloodred+Moss+Clump","Medicinal red moss clump. Reduces bleeding build-up.Bleeding builds up when attacked by sharp blades or spikes, and once triggered causes severe damage. Use this moss clump before it reaches that point.","ok_blockquote"
"246","Blooming Purple Moss Clump","ITEMS","Consumables","https://darksouls.wiki.fextralife.com/Blooming+Purple+Moss+Clump","/Blooming+Purple+Moss+Clump","Potently medicinal moss clump with a flower. Reduces poison and toxin. Restores status. Toxin is a more vicious form of poison which quickly leads to death. Moss clumps without a flower are useless against toxin, and a lack of these moss clumps could lead to an early demise.","ok_blockquote"
"247","Charcoal Pine Resin","ITEMS","Consumables","https://darksouls.wiki.fextralife.com/Charcoal+Pine+Resin","/Charcoal+Pine+Resin","Black charcoal-like pine resin. Applies fire to right-hand weapon. Affected weapon inflicts fire damage for a short time. Particularly effective against corporeal creatures and Undead, who have an instinctual fear of fire.","ok_blockquote"
"248","Divine Blessing","ITEMS","Consumables","https://darksouls.wiki.fextralife.com/Divine+Blessing","/Divine+Blessing","Holy water from Goddess Gwynevere. Fully restore HP and undo irregularities. The Goddess of Sunlight Gwynevere, daughter of the great Lord of Sunlight Gwyn, is cherished by all as the symbol of bounty and fertility.","ok_blockquote"
"249","Egg Vermifuge","ITEMS","Consumables","https://darksouls.wiki.fextralife.com/Egg+Vermifuge","/Egg+Vermifuge","Bitter, sour chestnut. Removes parasitic egg from body. The egg-bearers have chosen to serve the Flame of Chaos, and the eggs symbolize this selfless choice. Naturally these chestnuts are forbidden, but are allowed under special circumstances.","ok_blockquote"
"250","Elizabeth's Mushroom","ITEMS","Consumables","https://darksouls.wiki.fextralife.com/Elizabeth's+Mushroom","/Elizabeth's+Mushroom","Large medicinal mushroom of Elizabeth, keeper of the sanctuary.Eating this mushroom invigorates the flesh, and greatly restores HP for a limited duration.Its dramatic effect can make the difference between a warrior's life and death.","ok_blockquote"
"251","Estus Flask","ITEMS","Consumables","https://darksouls.wiki.fextralife.com/Estus+Flask","/Estus+Flask","The Undead treasure these dull green flasks. Fill with Estus at Bonfire. Fills HP. The Estus Flasks are linked to the Fire Keepers. The Dark Tales also make reference: An emerald flask, from the Keeper's soul. She lives to protect the flame, and dies to protect it further","ok_blockquote"
"252","Fire Keeper Soul","ITEMS","Consumables","https://darksouls.wiki.fextralife.com/Fire+Keeper+Soul","/Fire+Keeper+Soul","Soul of a long-lost Fire Keeper. Each Fire Keeper is a corporeal manifestation of her bonfire, and a draw for the humanity which is offered to her. Her soul is gnawed by infinite humanity, and can boost the power of the precious Estus Flasks. It can be used to gain Humanity and restore HP at the cost of losing the Fire Keeper soul to reinforce the Estus Flasks.","ok_blockquote"
"253","Gold Pine Resin","ITEMS","Consumables","https://darksouls.wiki.fextralife.com/Gold+Pine+Resin","/Gold+Pine+Resin","Rare pine resin which emits golden sparks. Applies lightning to right-hand weapon.Affected weapon inflicts rare lightning damage, making it effective against targets which are resilient to both magic and fire. Very effective against dragon family foes","ok_blockquote"
"254","Green Blossom","ITEMS","Consumables","https://darksouls.wiki.fextralife.com/Green+Blossom","/Green+Blossom","Green weed, shaped like a flower. Temporary boost to stamina recovery speed.This uniquely bitter, biting herb is sometimes harvested in large quantities, but normally it is an annual plant found near water.","ok_blockquote"
"255","Homeward Bone","ITEMS","Consumables","https://darksouls.wiki.fextralife.com/Homeward+Bone","/Homeward+Bone","Bone fragment reduced to white ash. Return to last bonfire used for resting.Bonfires are fueled by bones of the Undead. In rare cases, the strong urge of their previous owner's to seek bonfires enchants their bones with a homeward instinct.","ok_blockquote"
"256","Humanity","ITEMS","Consumables","https://darksouls.wiki.fextralife.com/Humanity(Consumable)","/Humanity(Consumable)","Rare tiny black sprite found on corpses. Use to gain 1 humanity and restore a large amount of HP. This black sprite is called humanity, but little is known about its true nature.If the soul is the source of all life, then what distinguishes the humanity we hold within ourselves?","ok_blockquote"
"257","Prism Stone","ITEMS","Consumables","https://darksouls.wiki.fextralife.com/Prism+Stone","/Prism+Stone","Warm pebble emitting a beautiful phasing aura of seven colors, with a very rare eight.The rainbow stone does nothing special, but can serve as a path marker, and can be dropped off a cliff to judge height by the sound of descent.If a loud noise is heard upon its landing, then a fall off the ledge is surely lethal.","ok_blockquote"
"258","Purging Stone","ITEMS","Consumables","https://darksouls.wiki.fextralife.com/Purging+Stone","/Purging+Stone","Ash-colored stone encasing a skull. Secret treasure of Arstor, the Earl of Carim. Reduces curse build-up and breaks curse.Humans are helpless against curses, and can only redirect their influence.The Purging Stone does not dispel curses, but receives them as a surrogate. The stone itself was once a person or some other being.","ok_blockquote"
"259","Purple Moss Clump","ITEMS","Consumables","https://darksouls.wiki.fextralife.com/Purple+Moss+Clump","/Purple+Moss+Clump","Medicinal purple moss clump. Reduces poison build-up. Cures poison.Poison builds up in the body, and when it breaks out, it causes gradual damage over a period of time.Poison can be exasperating, so be certain to carry the needed quantity of these moss clumps when destined for an afflicted area.","ok_blockquote"
"260","Repair Powder","ITEMS","Consumables","https://darksouls.wiki.fextralife.com/Repair+Powder","/Repair+Powder","Lightly enchanted golden powder. Repairs weapon equipped in right hand.Use of a weapon depletes its durability, eventually rendering it ineffective.Repair Powder is a precious method of repair on the battlefield, as it obviates the need for a Repairbox.","ok_blockquote"
"261","Rotten Pine Resin","ITEMS","Consumables","https://darksouls.wiki.fextralife.com/Rotten+Pine+Resin","/Rotten+Pine+Resin","Rotten pine resin that has gained poison. Adds poison effect to right-hand weapon.Hits with affected weapon build up enemy poison level. If enemy is poisoned, damage will be inflicted for a period of time","ok_blockquote"
"262","Transient Curse","ITEMS","Consumables","https://darksouls.wiki.fextralife.com/Transient+Curse","/Transient+Curse","Limb of the victim of a curse. Temporary curse allows engagement with ghosts.The only way to fight back against ghosts, who are cursed beings, is to become cursed oneself.The safest method, however dreadful, is to cut off an arm of the dead.","ok_blockquote"
"263","Twin Humanities","ITEMS","Consumables","https://darksouls.wiki.fextralife.com/Twin+Humanities","/Twin+Humanities","Rare tiny black sprite found on corpses. Very unusual twin humanity. Use to gain 2 humanity and restore a large amount of HP.This black sprite is called humanity, but little is known about its true nature.If the soul is the source of all life, then what distinction is left for humanity?","ok_blockquote"
"264","Chaos Flame Ember","ITEMS","Embers","https://darksouls.wiki.fextralife.com/Chaos+Flame+Ember","/Chaos+Flame+Ember","Ember required for weapon ascension. Chaos Flame Ember is an art of the lost city of Izalith. Handled only by blacksmiths knowledgeable in ancient methods. Ascends +5 flame weapon to chaos weapon. (chaos weapon can be reinforced to +5) Chaos weapons are demon weapons augmented by humanity which inflict fire damage.","ok_blockquote"
"265","Crystal Ember","ITEMS","Embers","https://darksouls.wiki.fextralife.com/Crystal+Ember","/Crystal+Ember","Ember required for weapon ascension. The Crystal ember was created by Seath the Scaleless. Can only be handled by the giant God's blacksmiths. Ascends +10 standard weapon to Crystal weapon; Crystal weapons can be reinforced to +5. Crystal weapons are powerful but brittle, and cannot be repaired.","ok_blockquote"
"266","Dark Ember","ITEMS","Embers","https://darksouls.wiki.fextralife.com/Dark+Ember","/Dark+Ember","Ember required for weapon ascension. The church long hid the forbidden black ember, and no living blacksmith knows of it.Ascends +5 divine weapon to occult weapon. (occult weapon can be reinforced to +5)Occult weapons were used to hunt the Gods, and are effective against their followers and kin.","ok_blockquote"
"267","Divine Ember","ITEMS","Embers","https://darksouls.wiki.fextralife.com/Divine+Ember","/Divine+Ember","Ember required for weapon ascension. Divine embers are property of the church, and intended for divine blacksmiths. Ascends +5 standard wpn to divine weapon.(divine weapon can be reinforced to +5) Divine weapons are for Undead hunting. Use against Undead and the pawns of necromancers.","ok_blockquote"
"268","Enchanted Ember","ITEMS","Embers","https://darksouls.wiki.fextralife.com/enchanted+ember","/enchanted+ember","Ember required for weapon ascension. This enchanted ember, a form of sorcery, is a vestige of the lost land of Oolacile. Ascends +5 magic wpn to enchanted weapon.(enchanted weapon can be magic reinforced to +5) The sorcerer's enchanted weapon that inflicts magic damage and is boosted by intelligence.","ok_blockquote"
"269","Large Divine Ember","ITEMS","Embers","https://darksouls.wiki.fextralife.com/Large+Divine+Ember","/Large+Divine+Ember","Ember required for weapon ascension. Large divine ember, of secret church rites. Intended for select divine blacksmiths. Ascends +5 divine weapon. Allows reinforcements to +10,on par with the very weapons of the Gods.","ok_blockquote"
"270","Large Ember","ITEMS","Embers","https://darksouls.wiki.fextralife.com/Large+Ember","/Large+Ember","Ember required for weapon ascension. A large, high-quality ember. Handled by the blacksmith of Astora. Ascension for +5 standard weapon. Allows reinforcement to +10. Also, can ascend +5 std wpn to raw wpn. (raw weapon can be reinforced to +5)","ok_blockquote"
"271","Large Flame Ember","ITEMS","Embers","https://darksouls.wiki.fextralife.com/Large+Flame+Ember","/Large+Flame+Ember","Ember required for weapon ascension. Large flame ember used in ancient rites. Handled only by blacksmiths knowledgeable in ancient methods.Ascends +5 fire weapon. Allows reinforcement to +10, the most powerful level for fire weapons","ok_blockquote"
"272","Large Magic Ember","ITEMS","Embers","https://darksouls.wiki.fextralife.com/Large+Magic+Ember","/Large+Magic+Ember","Ember required for weapon ascension. Large magic ember, a form of sorcery. Handled only by the Vinheim blacksmiths.Ascends +5 magic weapons. Allows reinforcement to +10, the most powerful level for magic weapons","ok_blockquote"
"273","Very Large Ember","ITEMS","Embers","https://darksouls.wiki.fextralife.com/Very+Large+Ember","/Very+Large+Ember","Ember required for weapon ascension. Huge ember of highest quality. Handled by the blacksmiths of Astora. Ascension for +10 standard weapon. Allows reinforcement to +15,on par with the greatest weapons of legend.","ok_blockquote"
"274","Armor Smithbox","ITEMS","Key Bonfire Items","https://darksouls.wiki.fextralife.com/armor+smithbox","/armor+smithbox","Tool used to etch titanite into armor for reinforcement.Rest at a bonfire to make armor reinforcement possible","ok_blockquote"
"275","Bottomless Box","ITEMS","Key Bonfire Items","https://darksouls.wiki.fextralife.com/Bottomless+Box","/Bottomless+Box","A peculiar bottomless wooden box. Its origins are unknown. Some deride it as a symbol of unbridled avarice.Any number of items can be deposited into the box, and items can be managed while resting at a bonfire","ok_blockquote"
"276","Lordvessel","ITEMS","Key Bonfire Items","https://darksouls.wiki.fextralife.com/Lordvessel","/Lordvessel","Lordvessel bestowed upon the chosen Undead who is destined to succeed Lord Gwyn.The chosen Undead is granted the art of warping between bonfires.To open the final door, place this vessel on the Firelink Altar, and fill it with powerful souls.","ok_blockquote"
"277","Repairbox","ITEMS","Key Bonfire Items","https://darksouls.wiki.fextralife.com/repairbox","/repairbox","Specialized mortar used to repair weapons and armor by grinding repair powder.Rest at a bonfire to make weapon and armor repair possible. Repair powder is fragile, and cannot be taken along","ok_blockquote"
"278","Rite of Kindling","ITEMS","Key Bonfire Items","https://darksouls.wiki.fextralife.com/Rite+of+Kindling","/Rite+of+Kindling","This secret rite allows bonfires to be bolstered further with Kindling, so that even more Estus can be collected.Kindling was a sacred rite passed down among clerics, but all Undead can imitate the process, in the same manner that they restore their Hollowing with humanity.How peculiar that humans had found little use for humanity until they turned Undead.","ok_blockquote"
"279","Soul of Bed of Chaos","ITEMS","Key Bonfire Items","https://darksouls.wiki.fextralife.com/Soul+of+Bed+of+Chaos","/Soul+of+Bed+of+Chaos","Soul of the Bed of Chaos and the mother of all demons. This Lord Soul was found at the dawn of the Age of Fire.The Witch of Izalith attempted to duplicate the First Flame from a soul, but instead created a distorted being of chaos and fire. Its power formed a bed of life which would become the source for all demons, and is more than enough to satiate the Lordvessel","ok_blockquote"
"280","Soul of Four Kings","ITEMS","Key Bonfire Items","https://darksouls.wiki.fextralife.com/Soul+of+Four+Kings","/Soul+of+Four+Kings","Soul of one of the Four Kings, who fell to Dark. A fragment of a Lord Souls discovered at the dawn of the Age of Fire Lord Gwyn recognized the foresight of these four great leaders of New Londo, and granted them their ranks and the fragments of a great soul. Although this is not a full Lord Soul, it can still satiate the Lord Vessel","ok_blockquote"
"281","Soul of Gravelord Nito","ITEMS","Key Bonfire Items","https://darksouls.wiki.fextralife.com/Soul+of+Gravelord+Nito","/Soul+of+Gravelord+Nito","Soul of Gravelord Nito, first of the dead. This Lord Soul was discovered at the dawn of the Age of Fire.Gravelord Nito administers the death of all manner of beings. The power of this soul is so great that it satiates the Lordvessel, despite the fact that much of its energy has already been offered to death.","ok_blockquote"
"282","Soul of Seath the Scaleless","ITEMS","Key Bonfire Items","https://darksouls.wiki.fextralife.com/Soul+of+Seath+the+Scaleless","/Soul+of+Seath+the+Scaleless","Soul of the albino Seath the Scaleless. A fragment of a Lord Soul discovered at the dawn of the Age of Fire. Seath allied with Lord Gwyn and turned upon the dragons, and for this he was awarded Dukedom, embraced by the royalty, and given a fragment of a great soul. Although just a piece, it will still satiate the Lordvessel.","ok_blockquote"
"283","Weapon Smithbox","ITEMS","Key Bonfire Items","https://darksouls.wiki.fextralife.com/Weapon+Smithbox","/Weapon+Smithbox","Tool used to etch titanite into weapons for reinforcement.Rest at a bonfire to make weapon reinforcement possible","ok_blockquote"
"284","Annex Key","ITEMS","Keys","https://darksouls.wiki.fextralife.com/Annex+Key","/Annex+Key","Key to the annex in the Painted World of Ariamis.In the wintery painted world, there is a structure resembling an old cathedral; its annex serves as a type of storehouse","ok_blockquote"
"285","Archive Prison Extra Key","ITEMS","Keys","https://darksouls.wiki.fextralife.com/Archive+Prison+Extra+Key","/Archive+Prison+Extra+Key","Extra key to a cell in the Duke's Archive Tower.Perhaps the serpent men were careless, for there are several keys scattered about which fit Archive Tower cells.","ok_blockquote"
"286","Archive Tower Cell Key","ITEMS","Keys","https://darksouls.wiki.fextralife.com/Archive+Tower+Cell+Key","/Archive+Tower+Cell+Key","Key to the cell of the Duke's Archive Tower.The Archive Tower, once a trove of precious tomes and letters, became a prison after the onset of Seath's madness. The serpent men who guard the prison know not the value of what they hide. In the basement of the tower are the writhing ""mistakes"" of the terrifying experiments which were conducted there","ok_blockquote"
"287","Archive Tower Giant Cell Key","ITEMS","Keys","https://darksouls.wiki.fextralife.com/Archive+Tower+Giant+Cell+Key","/Archive+Tower+Giant+Cell+Key","Key to the giant cell below the Duke's Archives Tower. The giant cell once imprisoned countless maidens, but is now empty, save for a few key persons. They struggle to uphold their sanity, as the horde of ""mistakes"" writhe at a fearfully close proximity","ok_blockquote"
"288","Archive Tower Giant Door Key","ITEMS","Keys","https://darksouls.wiki.fextralife.com/Archive+Tower+Giant+Door+Key","/Archive+Tower+Giant+Door+Key","Key to the giant door leading out from the uppermost floor of Archive Tower, which now serves as a prison.The key's design resembles not the key of a prison; indeed, the tower was once no prison at all, but a trove of precious tomes","ok_blockquote"
"289","Basement Key","ITEMS","Keys","https://darksouls.wiki.fextralife.com/Basement+Key","/Basement+Key","Opens the narrow passage leading below at the far face of the great bridge in the Undead Burg.The lower Undead Burg is a treacherous place. Do not turn your back on the wily thieves, or the wild dogs who serve the Capra Demon","ok_blockquote"
"290","Big Pilgrim's Key","ITEMS","Keys","https://darksouls.wiki.fextralife.com/Big+Pilgrim's+Key","/Big+Pilgrim's+Key","Key to the inner door of the Undead Asylum main hall. Big key belonging to a chosen Undead pilgrim. But this Chosen Undead knows not what this pilgrimage has in store","ok_blockquote"
"291","Blighttown Key","ITEMS","Keys","https://darksouls.wiki.fextralife.com/Blighttown+Key","/Blighttown+Key","Key to Blighttown from the Depths of the Undead Burg. Swallowed by the Gaping Dragon.As its name suggests, Blighttown is a place of great pestilence. Even the polluted inhabitants of the Depths are aware of its dangers, and built this mighty door in hopes that they could remain safely separated.","ok_blockquote"
"292","Broken Pendant","ITEMS","Keys","https://darksouls.wiki.fextralife.com/Broken+Pendant","/Broken+Pendant","Half of a broken stone pendant. The vine appears to originate from Oolacile.A powerful magic can be sensed from this ancient stone. Yet men of this time can neither manipulate nor sense its power, which has a distinct air consisting of both reverence and nostalgia.","ok_blockquote"
"293","Cage Key","ITEMS","Keys","https://darksouls.wiki.fextralife.com/Cage+Key","/Cage+Key","Key to the hanging cage in Sen's Fortress. If a hapless adventurer becomes fatigued during an imprudent attempt to overcome the fortress, the serpent men will not kill him, but lock him up in a lonely cage. Eventually, unless they have forgotten, they drag the victim off to who-knows-where.","ok_blockquote"
"294","Crest Key","ITEMS","Keys","https://darksouls.wiki.fextralife.com/Crest+Key","/Crest+Key","The grooves of the crest are enchanted, the door sealed with a powerful spell.","ok_blockquote"
"295","Crest of Artorias","ITEMS","Keys","https://darksouls.wiki.fextralife.com/Crest+of+Artorias","/Crest+of+Artorias","This crest opens a door in the Darkroot Garden sealed by ancient magic. The door leads to the grave of Sir Artorias the Abysswalker. Many adventurers have left for the grave, but none have returned, for they make easy prey for local bandits. With such dangers, the crest can do more harm than good in the hands of the uninitiated","ok_blockquote"
"296","Dungeon Cell Key","ITEMS","Keys","https://darksouls.wiki.fextralife.com/Dungeon+Cell+Key","/Dungeon+Cell+Key","Key to the dungeon of the Undead Asylum to the North.A mysterious knight, without saying a word, shoved a corpse down into the cell, and on its person was this key. Who was this knight? And what was his purpose? There may be no answers, but one must still forge ahead.","ok_blockquote"
"297","Key to Depths","ITEMS","Keys","https://darksouls.wiki.fextralife.com/Key+to+Depths","/Key+to+Depths","Key opening the door from the lower Undead Burg to the Depths. Those banished from the Undead Burg eke out their existence in the Depths, a damp lair with no trace of sunlight. Nearly half of the Depths form a perilous flooded labyrinth.","ok_blockquote"
"298","Key to New Londo Ruins","ITEMS","Keys","https://darksouls.wiki.fextralife.com/Key+to+New+Londo+Ruins","/Key+to+New+Londo+Ruins","Key to the iron bars separating the ruins of New Londo and Drake Valley.The ruins of New Londo were blocked off, for the cursed ghosts posed danger to life and spirit, and the legends speak of a terrible Dark which was sealed away","ok_blockquote"
"299","Key to the Seal","ITEMS","Keys","https://darksouls.wiki.fextralife.com/Key+to+the+Seal","/Key+to+the+Seal","Key to the floodgates of New Londs, which seal away the Four Kings who fell to Dark.The Sealers flooded New Londo to banish the Darkwraiths and the Four Kings. The agonizing decision was made with the realization that countless lives, and the robust culture of the city, would be lost. The victims now roam the ruins as ghosts","ok_blockquote"
"300","Master Key","ITEMS","Keys","https://darksouls.wiki.fextralife.com/Master+Key","/Master+Key","This universal key opens any basic lock. Tool of the trade for thieves.But in the cursed land of the Undead, most doors are better left unopened.","ok_blockquote"
"301","Mystery Key","ITEMS","Keys","https://darksouls.wiki.fextralife.com/Mystery+Key","/Mystery+Key","The purpose of this key is unknown. It appears to be a basic prison cell key","ok_blockquote"
"302","Peculiar Doll","ITEMS","Keys","https://darksouls.wiki.fextralife.com/Peculiar+Doll","/Peculiar+Doll","A strange doll in strange dress. There once was an abomination who had no place in this world. She clutched this doll tightly, and eventually was drawn into a cold and lonely painted world","ok_blockquote"
"303","Residence Key","ITEMS","Keys","https://darksouls.wiki.fextralife.com/Residence+Key","/Residence+Key","Key to a residence in the Undead Burg. Simple, sturdy design of the locks in the Burg keep out unwanted visitors.But this is a standard key in these parts, and will open several residences","ok_blockquote"
"304","Sewer Chamber Key","ITEMS","Keys","https://darksouls.wiki.fextralife.com/Sewer+Chamber+Key","/Sewer+Chamber+Key","Key to the sewer chamber in the Depths. In any community, a few bad apples are sure to exhibit insatiable greed. If they were turned Undead, and banished to the Depths, would they reconsider their ways? Use this key to see for yourself","ok_blockquote"
"305","Undead Asylum F2 East Key","ITEMS","Keys","https://darksouls.wiki.fextralife.com/Undead+Asylum+F2+East+Key","/Undead+Asylum+F2+East+Key","Key to the iron bars on the east side of the second floor of the North Undead Asylum. The Undead Asylum is a giant Undead prison, segmented by countless iron bars. Even if an Undead were to escape from a cell, passage to the outside world would not be gained easily","ok_blockquote"
"306","Undead Asylum F2 West Key","ITEMS","Keys","https://darksouls.wiki.fextralife.com/Undead+Asylum+F2+West+Key","/Undead+Asylum+F2+West+Key","Key to the iron bars on the west side of the second floor of the Northern Undead Asylum. The Undead Asylum is a giant Undead prison, segmented by countless iron bars. But even if a hero found a key in Lordran to liberate this prison, would he have the means, or the heart, to ever come back?","ok_blockquote"
"307","Watchtower Basement Key","ITEMS","Keys","https://darksouls.wiki.fextralife.com/Watchtower+Basement+Key","/Watchtower+Basement+Key","Key to the basement of the watchtower in the Undead Burg.The basement of the watchtower forms a stone cell. There are rumors of a hero turned Hollow who was locked away by a dear friend. For his own good, of course.","ok_blockquote"
"308","Black Separation Crystal","ITEMS","Multiplayer Items","https://darksouls.wiki.fextralife.com/Black+Separation+Crystal","/Black+Separation+Crystal","This black crystal, long a symbol of farewell, is granted to banished Undead.The crytal sends phantoms back to their homes, or sends you back to yours.Beware of fickle use of this item if you intend to nurture relations","ok_blockquote"
"309","Blue Eye Orb","ITEMS","Multiplayer Items","https://darksouls.wiki.fextralife.com/Blue+Eye+Orb","/Blue+Eye+Orb","Online play item. Invade world of player in Book of the Guilty. Subdue player to acquire Souvenir of Reprisal. (Only Covenanter can use the item) These mystical orbs are granted to Blades of the Darkmoon, knights who serve the Dark Sun Gwyndolin, so that they may serve the Gods in meting out vengeance.","ok_blockquote"
"310","Book of the Guilty","ITEMS","Multiplayer Items","https://darksouls.wiki.fextralife.com/Book+of+the+Guilty","/Book+of+the+Guilty","The goddess of Sin, Velka, oversees this list of the guilty, who have disrespected the Gods or their covenants, and shall one day face the wrath of the Blades of the Darkmoon.","ok_blockquote"
"311","Cracked Red Eye Orb","ITEMS","Multiplayer Items","https://darksouls.wiki.fextralife.com/Cracked+Red+Eye+Orb","/Cracked+Red+Eye+Orb","Invade another world. (Hollows cannot use the item)Defeat the master of the world you have invaded to acquire humanity.The Cracked Red Eye Orb allows players to temporarily imitate this ability normally limited to the Darkwraiths of Kaathe.","ok_blockquote"
"312","Dragon Eye","ITEMS","Multiplayer Items","https://darksouls.wiki.fextralife.com/Dragon+Eye","/Dragon+Eye","Online play item. Find a player who has acquired a Dragon Scale and invade that player's world to pillage it.An art of the transcendent apostles who pray to the ancient dragons. To be alive is to be vulnerable, and the fiery Gods are no exception. The apostles seek another plane of existence, which transcends life","ok_blockquote"
"313","Dried Finger","ITEMS","Multiplayer Items","https://darksouls.wiki.fextralife.com/Dried+Finger","/Dried+Finger","Dried finger with multiple knuckles.Shriveled but still warm. With this many knuckles, surely it cannot belong to anything human.","ok_blockquote"
"314","Eye Of Death","ITEMS","Multiplayer Items","https://darksouls.wiki.fextralife.com/Eye+of+Death","/Eye+of+Death","Online play item. Lure phantoms from other worlds. (Only Covenanter can use this item while Hollows cannot)The dreadful Eyes of Death spread disaster across neighboring worlds. Phantoms lured to the host world may end up as victims, allowing the Eyes of Death to multiply, and leading to further proliferation of bane.","ok_blockquote"
"315","Indictment","ITEMS","Multiplayer Items","https://darksouls.wiki.fextralife.com/indictment","/indictment","Slip sold by bishop of Velka, Goddess of Sin. If you are killed by an invader, use this to report the crime of that trespasser.The indicted player will be added to a list of unfortunate souls who will one day face the wrath of the Blades of the Darkmoon","ok_blockquote"
"316","Orange Guidance Soapstone","ITEMS","Multiplayer Items","https://darksouls.wiki.fextralife.com/Orange+Guidance+Soapstone","/Orange+Guidance+Soapstone","Online play item. Write/view/rate message.Messages transmit to other worlds, where they are rated. Also, rate messages of others.In Lordran, the flow of time is distorted, and messages allow Undead to assist (or deceive) one another","ok_blockquote"
"317","Purple Coward's Crystal","ITEMS","Multiplayer Items","https://darksouls.wiki.fextralife.com/Purple+Coward's+Crystal","/Purple+Coward's+Crystal","Online play item.Quit battle of Stoicism.(Session ends if host leaves)Victory in the battle once led to ancient Anor Londo, but even in the absence of its overseer, capitulation is a disgrace. In the name of a warrior's honor, do not quickly resort to use of this crystal.","ok_blockquote"
"318","Red Eye Orb","ITEMS","Multiplayer Items","https://darksouls.wiki.fextralife.com/Red+Eye+Orb","/Red+Eye+Orb","Online play item. Invade another world. Defeat the master of the world you have invaded to acquire humanity.The Darkwraiths of Kaathe use this orb to seek humanity and plunge further into dark. Perhaps they are more human than we?","ok_blockquote"
"319","Red Sign Soapstone","ITEMS","Multiplayer Items","https://darksouls.wiki.fextralife.com/Red+Sign+Soapstone","/Red+Sign+Soapstone","Be summoned to another world as a dark spirit, and defeat the summoner to acquire humanity.Certain Darkwraiths resist their descent into dark and preserve along the honorable path. The Red Soapstone is for them.","ok_blockquote"
"320","Servant Roster","ITEMS","Multiplayer Items","https://darksouls.wiki.fextralife.com/Servant+Roster","/Servant+Roster","Online play item. Check servants of the Daughters of Chaos. Egg-bearer Eingyi keeps this roster of those who serve his master, a Daughter of Chaos. Eingyi praises those who offer significant humanity to alleviate his master's suffering. But what is praise from Eingyi really worth?","ok_blockquote"
"321","Souvenir of Reprisal","ITEMS","Multiplayer Items","https://darksouls.wiki.fextralife.com/Souvenir+of+Reprisal","/Souvenir+of+Reprisal","Blood-drained, shrunken ear. Souvenir taken from subduing the guilty.The knights called the Blades of the Darkmoon punish the guilty-soaked offenders of the Gods and take this as proof of their conquest. The earless corpses of the guilty will be left behind as a warning to others, inspiring both fear and respect for the Gods. Such is the eternal mandate of the Dark Sun","ok_blockquote"
"322","Sunlight Medal","ITEMS","Multiplayer Items","https://darksouls.wiki.fextralife.com/Sunlight+Medal","/Sunlight+Medal","This faintly warm medal, engraved with the symbol of the Sun, is the ultimate honor, awarded to show those who summon the Warrior of Sunlight and complete a goal.The symbol represents Lord Gwyn's firstborn, who lost his deity status and was expunged from the annals. But the old God of War still watches closely over his warriors.","ok_blockquote"
"323","White Sign Soapstone","ITEMS","Multiplayer Items","https://darksouls.wiki.fextralife.com/White+Sign+Soapstone","/White+Sign+Soapstone","Online play item. Leave summon sign.Be summoned to another world as a phantom through your sign, and defeat the area boss to acquire humanity.In Lordran, the flow of time is distorted, and the White Sign Soapstone allows Undead to assist one another","ok_blockquote"
"324","Blue Titanite Chunk","ITEMS","Ore","https://darksouls.wiki.fextralife.com/Blue+Titanite+Chunk","/Blue+Titanite+Chunk","Titanite chunk for weapon reinforcement. Blue titanite has powerful magic energy.Reinforces magic weapons to +9, and enchanted weapons to +4.With the discovery of chunks in Lordran, the race to locate the Legendary Slabs has begun. But could they be mere myth?","ok_blockquote"
"325","Blue Titanite Slab","ITEMS","Ore","https://darksouls.wiki.fextralife.com/Blue+Titanite+Slab","/Blue+Titanite+Slab","Blue titanite slab for weapon reinforcement. Legendary Slabs were the domain of the Gods.Reinforces magic weapons to +10, and enchanted weapons to +5.Legendary Slabs are the heirlooms of a nameless blacksmith deity, who forged the weapons of other Gods. Weapons forged with this slab become rare legendary weapons.","ok_blockquote"
"326","Demon Titanite","ITEMS","Ore","https://darksouls.wiki.fextralife.com/Demon+Titanite","/Demon+Titanite","Special titanite stolen from a faceless stone beast known as a Titanite Demon.When the nameless blacksmith deity passed, from several Slabs, great beasts arose.The power of titanite remains within them, and they still roam Lordran today.","ok_blockquote"
"327","Dragon Scale","ITEMS","Ore","https://darksouls.wiki.fextralife.com/Dragon+Scale","/Dragon+Scale","Dragon scale for reinforcing dragon weapons. Peeled from an ancient dragon.A dragon is inseparable from its scales, and the transcendent apostles, who seek the perpetuity of the ancient dragons, have crossed the very end of the earth to seek this invaluable treasure.","ok_blockquote"
"328","Green Titanite Shard","ITEMS","Ore","https://darksouls.wiki.fextralife.com/Green+Titanite+Shard","/Green+Titanite+Shard","Titanite shard for weapon reinforcement.Green titanite imbued with a special power.Reinforces magic, divine, fire weapons to +5. ""Titanite shards are fragments of the Legendary Slabs.Titanite is etched into weapons to reinforce.""","ok_blockquote"
"329","Large Titanite Shard","ITEMS","Ore","https://darksouls.wiki.fextralife.com/Large+Titanite+Shard","/Large+Titanite+Shard","Titanite shard for weapon reinforcement. Larger titanite material.Reinforces standard weapons to +10, and raw weapons to +5. Titanite shards are fragments of the Legendary Slabs. Titanite is etched into weapons to reinforce.","ok_blockquote"
"330","Red Titanite Chunk","ITEMS","Ore","https://darksouls.wiki.fextralife.com/Red+Titanite+Chunk","/Red+Titanite+Chunk","Titanite chunk for weapon reinforcement. Red titanite has powerful fire energy.Reinforces fire weapons to +9, and chaos weapons to +4.With the discovery of chunks in Lordran, the race to locate the Legendary Slabs has begun. But could they be mere myth","ok_blockquote"
"331","Red Titanite Slab","ITEMS","Ore","https://darksouls.wiki.fextralife.com/Red+Titanite+Slab","/Red+Titanite+Slab","Red titanite slab for weapon reinforcement. Legendary Slabs were the domain of the Gods. Reinforces fire weapons to +10, and chaos weapons to +5. Legendary Slabs are the heirlooms of a nameless blacksmith deity, who forged the weapons of other Gods. Weapons forged with this slab become rare legendary weapons.","ok_blockquote"
"332","Titanite Chunk","ITEMS","Ore","https://darksouls.wiki.fextralife.com/Titanite+Chunk","/Titanite+Chunk","Titanite chunk for weapon reinforcement. Not found outside of Lordran.Reinforces standard weapons to +14, and crystal, lightning weapons to +4.With the discovery of chunks in Lordran, the race to locate the Legendary Slabs has begun. But could they be mere myth","ok_blockquote"
"333","Titanite Shard","ITEMS","Ore","https://darksouls.wiki.fextralife.com/Titanite+Shard","/Titanite+Shard","Titanite shard for weapon reinforcement. Most common titanite material. Reinforces standard weapons to +5.Titanite shards are fragments of the Legendary Slabs. Titanite is etched into weapons to reinforce.","ok_blockquote"
"334","Titanite Slab","ITEMS","Ore","https://darksouls.wiki.fextralife.com/Titanite+Slab","/Titanite+Slab","Titanite slab for weapon reinforcement. Legendary Slabs were the domain of the Gods. Reinforces standard weapons to +15, and crystal or lightning weapons to +5. Legendary Slabs are the heirlooms of a nameless blacksmith deity, who forged the weapons of other Gods. Weapons forged with this slab become rare legendary weapons","ok_blockquote"
"335","Twinkling Titanite","ITEMS","Ore","https://darksouls.wiki.fextralife.com/Twinkling+Titanite","/Twinkling+Titanite","This weapon-reinforcing titanite is imbued with a particularly powerful energy.Reinforces weapons that cannot be reinforced normally to +5.After this titanite was peeled from its Slab, it is said that it received a special power, but its specific nature is not clear.","ok_blockquote"
"336","White Titanite Chunk","ITEMS","Ore","https://darksouls.wiki.fextralife.com/White+Titanite+Chunk","/White+Titanite+Chunk","Titanite chunk for weapon reinforcement.White titanite has powerful magic energy.Reinforces divine weapons to +9,and occult weapons to +4.With the discovery of chunks in Lordran,the race to locate the Legendary Slabshas begun. But could they be mere myth?","ok_blockquote"
"337","White Titanite Slab","ITEMS","Ore","https://darksouls.wiki.fextralife.com/White+Titanite+Slab","/White+Titanite+Slab","White titanite slab for weapon reinforcement. Legendary Slabs were the domain of the Gods.Reinforces divine weapons to +10, and occult weapons to +5. Legendary Slabs are the heirlooms of a nameless blacksmith deity, who forged the weapons of other Gods. Weapons forged with this slab become rare legendary weapons.","ok_blockquote"
"338","Alluring Skull","ITEMS","Projectiles","https://darksouls.wiki.fextralife.com/Alluring+Skull","/Alluring+Skull","A skull with meekly lingering souls. Throw to shatter and spread souls to attract certain types of enemiesSouls are a concentration of life, and the life-starved Hollows are lured by its power. Not effective for all enemies.","ok_blockquote"
"339","Black Firebomb","ITEMS","Projectiles","https://darksouls.wiki.fextralife.com/Black+Firebomb","/Black+Firebomb","Black bisque urn filled with black powder. Explodes, inflicting fire damage.Powerful ranged weapon, especially in situations called for fire damage. A very precious item at low levels.Black Firebombs are especially destructive.","ok_blockquote"
"340","Dung Pie","ITEMS","Projectiles","https://darksouls.wiki.fextralife.com/Dung+Pie","/Dung+Pie","Atrocious fecal waste material. Throw at enemy to build up toxins, but also builds up your toxicity.Although the stench makes it difficult to carry on one's person, turning an enemy toxic inflicts high damage over a period of time","ok_blockquote"
"341","Firebomb","ITEMS","Projectiles","https://darksouls.wiki.fextralife.com/Firebomb","/Firebomb","Bisque urn filled with black powder. Explodes, inflicting fire damage.Relatively powerful ranged weapon, especially in situations called for fire damage. A very precious item at low levels.Many warriors use these to augment their strategic repertoire","ok_blockquote"
"342","Lloyd's Talisman","ITEMS","Projectiles","https://darksouls.wiki.fextralife.com/Lloyd's+Talisman","/Lloyd's+Talisman","Talisman utilized by Allfather Lloyd's cleric knights to hunt down the Undead. Blocks Estus recovery within a limited area. In the outside world, the Undead are accursed creatures, and Lloyd's cleric knights are widely praised for their Undead hunts. This blessed talisman blocks Undead recovery, allowing the knights to fight with impunity.","ok_blockquote"
"343","Poison Throwing Knife","ITEMS","Projectiles","https://darksouls.wiki.fextralife.com/Poison+Throwing+Knife","/Poison+Throwing+Knife","Throwing Knife. Coated with poison.Throwing knives have limited range and accuracy compared to arrows, but offer a quick -and-easy ranged attack.When a foe is poisoned, it will continually take damage over a period of time.","ok_blockquote"
"344","Throwing Knife","ITEMS","Projectiles","https://darksouls.wiki.fextralife.com/Throwing+Knife","/Throwing+Knife","Throwing Knife. Used as a projectile.Throwing knives have limited range and accuracy compared to arrows, but offer a quick-and-easy ranged attack.Undead who lack other means of ranged attacks will do well to stock a few of them","ok_blockquote"
"345","Core of an Iron Golem","ITEMS","Souls","https://darksouls.wiki.fextralife.com/Core+of+an+Iron+Golem","/Core+of+an+Iron+Golem","Soul serving as the core of the Iron Golem, guardian of Sen's Fortress, and slayer of countless heroes seeking Anor Londo. Originally a bone of an everlasting dragon. Use to acquire a huge amount of souls, or to create a unique weapon.","ok_blockquote"
"346","Guardian Soul","ITEMS","Souls","https://darksouls.wiki.fextralife.com/Guardian+Soul","/Guardian+Soul","Soul of the white winged lion sanctuary watchkeeper, who dreaded the spread of the Abyss.The Guardian exhibited traits of several animals other than lions, suggesting that it was no ordinary beast, but rather closer to the beings known as Demons.","ok_blockquote"
"347","Large Soul of a Brave Warrior","ITEMS","Souls","https://darksouls.wiki.fextralife.com/Large+Soul+of+a+Brave+Warrior","/Large+Soul+of+a+Brave+Warrior","Large soul of a brave Undead warrior who has long ago gone Hollow. Use to acquire a large amount of souls.Souls are the source of all life, and whether Undead, or even Hollow, one continues to seek them","ok_blockquote"
"348","Large Soul of a Lost Undead","ITEMS","Souls","https://darksouls.wiki.fextralife.com/Large+Soul+of+a+Lost+Undead","/Large+Soul+of+a+Lost+Undead","Large soul of a lost Undead who has long ago gone Hollow. Use to acquire souls.Souls are the source of all life, and whether Undead, or even Hollow, one continues to seek them.","ok_blockquote"
"349","Large Soul of a Nameless Soldier","ITEMS","Souls","https://darksouls.wiki.fextralife.com/Large+Soul+of+a+Nameless+Soldier","/Large+Soul+of+a+Nameless+Soldier","Large soul of a nameless Undead soldier who has long ago gone Hollow. Use to acquire many souls.Souls are the source of all life, and whether Undead, or even Hollow, one continues to seek them.","ok_blockquote"
"350","Large Soul of a Proud Knight","ITEMS","Souls","https://darksouls.wiki.fextralife.com/Large+Soul+of+a+Proud+Knight","/Large+Soul+of+a+Proud+Knight","Large soul of a proud Undead knight who has long ago gone Hollow. Use to acquire many souls.Souls are the source of all life, and whether Undead, or even Hollow, one continues to seek them.","ok_blockquote"
"351","Soul of (Great Wolf) Sif","ITEMS","Souls","https://darksouls.wiki.fextralife.com/Soul+of+(Great+Wolf)+Sif","/Soul+of+(Great+Wolf)+Sif","Soul of Sif the Great Grey Wolf, who guards the grave of Artorias the Abysswalker. Special beings have special souls. Use the soul of Sif, who inherited the divine knightsword, to acquire a huge amount of souls, or to create a unique weapon.","ok_blockquote"
"352","Soul of Artorias","ITEMS","Souls","https://darksouls.wiki.fextralife.com/Soul+of+Artorias","/Soul+of+Artorias","Soul of Lord Gwyn's Knight Artorias, who was consumed by the Abyss.The Legend that Artorias repelled the Abyss only told half of the story.It seems that he was defeated, and his honor preserved, by some unsung hero, who is the true victor over the Abyss.","ok_blockquote"
"353","Soul of Gwyn, Lord of Cinder","ITEMS","Souls","https://darksouls.wiki.fextralife.com/Soul+of+Gwyn,+Lord+of+Cinder","/Soul+of+Gwyn,+Lord+of+Cinder","Soul of Gwyn, Lord of Sunlight and Cinder, who linked the First Flame.Lord Gwyn bequeathed most of his power to the Gods, and burned as a cinder for the First Flame, but even so, Lord Gwyn's soul is a powerful thing indeed.","ok_blockquote"
"354","Soul of Gwyndolin","ITEMS","Souls","https://darksouls.wiki.fextralife.com/Soul+of+Gwyndolin","/Soul+of+Gwyndolin","Soul of Darkmoon Gywndolin, god of the Dark Sun and guardian of deserted Anor Londo.Special beings have special souls. Use the soul of Gywn's lastborn to acquire a huge amount of souls, or to create a unique weapon.","ok_blockquote"
"355","Soul of Manus","ITEMS","Souls","https://darksouls.wiki.fextralife.com/Soul+of+Manus","/Soul+of+Manus","Soul of Manus, Father of the Abyss. This extraordinary soul is a viscous, lukewarm lump of gentle humanity.Ancient Manus was clearly once human. But he became the Father of the Abyss after his humanity went wild, eternally seeking his precious broken pendant.","ok_blockquote"
"356","Soul of Ornstein","ITEMS","Souls","https://darksouls.wiki.fextralife.com/Soul+of+Ornstein","/Soul+of+Ornstein","Soul of Ornstein, Dragonslayer Knight who guards the cathedral in the forsaken city of Anor Londo.Special beings have special souls. Lord Gywn granted this soul to his four most trusted knights. Use to acquire a huge amount of souls, or to create a unique weapon.","ok_blockquote"
"357","Soul of Priscilla","ITEMS","Souls","https://darksouls.wiki.fextralife.com/Soul+of+Priscilla","/Soul+of+Priscilla","Soul of Priscilla the Crossbreed, trapped inside the painted world of Ariamis. Special beings have special souls. Use the soul of this crossbreed bastard child and antithesis to all life to acquire a huge amount of souls, or to create a unique weapon.","ok_blockquote"
"358","Soul of Quelaag","ITEMS","Souls","https://darksouls.wiki.fextralife.com/soul+of+Quelaag","/soul+of+Quelaag","Soul of Quelaag, once daughter of the Witch of Izalith, but now a chaos demon. Special beings have special souls, and Quelaag's soul contains all aspects of Chaos. Use it to acquire a huge amount of souls, or to create a unique weapon.","ok_blockquote"
"359","Soul of Smough","ITEMS","Souls","https://darksouls.wiki.fextralife.com/Soul+of+Smough","/Soul+of+Smough","Soul of Smough the Executioner, who guards the cathedral in the forsaken city of Anor Londo. Special beings have special souls. Use the soul of this eerily gleeful executioner to acquire a huge amount of souls, or to create a unique weapon.","ok_blockquote"
"360","Soul of a Brave Warrior","ITEMS","Souls","https://darksouls.wiki.fextralife.com/Soul+of+a+Brave+Warrior","/Soul+of+a+Brave+Warrior","Soul of a brave Undead warrior who has long ago gone Hollow. Use to acquire a large amount of souls.Souls are the source of all life, and whether Undead, or even Hollow, one continues to seek them.","ok_blockquote"
"361","Soul of a Great Hero","ITEMS","Souls","https://darksouls.wiki.fextralife.com/Soul+of+a+Great+Hero","/Soul+of+a+Great+Hero","Great soul of a hero of legend who has long ago gone Hollow. Use to acquire an incredible amount of souls.Souls are the source of all life, and whether Undead, or even Hollow, one continues to seek them.","ok_blockquote"
"362","Soul of a Hero","ITEMS","Souls","https://darksouls.wiki.fextralife.com/Soul+of+a+Hero","/Soul+of+a+Hero","Soul of a hero of legend who has long ago gone Hollow. Use to acquire a large amount of souls.Souls are the source of all life, and whether Undead, or even Hollow, one continues to seek them.","ok_blockquote"
"363","Soul of a Lost Undead","ITEMS","Souls","https://darksouls.wiki.fextralife.com/Soul+of+a+Lost+Undead","/Soul+of+a+Lost+Undead","Soul of a lost Undead who has long ago gone Hollow. Use to acquire souls. Souls are the source of all life, and whether Undead, or even Hollow, one continues to seek them","ok_blockquote"
"364","Soul of a Nameless Soldier","ITEMS","Souls","https://darksouls.wiki.fextralife.com/Soul+of+a+Nameless+Soldier","/Soul+of+a+Nameless+Soldier","Soul of a nameless Undead soldier who has long ago gone Hollow. Use to acquire many souls.Souls are the source of all life, and whether Undead, or even Hollow, one continues to seek them.","ok_blockquote"
"365","Soul of a Proud Knight","ITEMS","Souls","https://darksouls.wiki.fextralife.com/Soul+of+a+Proud+Knight","/Soul+of+a+Proud+Knight","Soul of a proud Undead knight who has long ago gone Hollow Use to acquire many souls.Souls are the source of all life, and whether Undead, or even Hollow, one continues to seek them.","ok_blockquote"
"366","Soul of the Moonlight Butterfly","ITEMS","Souls","https://darksouls.wiki.fextralife.com/Soul+of+the+Moonlight+Butterfly","/Soul+of+the+Moonlight+Butterfly","Soul of the mystical Moonlight Butterfly, which flitters in the Darkroot Garden. Special beings have special souls. The butterfly's soul is a creation of Seath the Scaleless. Use to acquire a huge amount of souls, or to create a unique weapon.","ok_blockquote"
"367","Binoculars","ITEMS","Tools","https://darksouls.wiki.fextralife.com/Binoculars","/Binoculars","Binoculars made of Brass. Use to peer at distant scenery.This advanced device was built by a famous craftsman of Astora. Its utility is singular, but its applications many.The value of these specs depends greatly on the imagination of their owner","ok_blockquote"
"368","Black Eye Orb","ITEMS","Tools","https://darksouls.wiki.fextralife.com/Black+Eye+Orb","/Black+Eye+Orb","Mystical orb found on a Keeper's corpse.Invade the world of the murderer of a Fire Keeper, to defeat the perpetrator and reclaim the soul of the Fire Keeper.The Black Eye keeps constant watch on the city of the Gods, Anor Londo","ok_blockquote"
"369","Darksign","ITEMS","Tools","https://darksouls.wiki.fextralife.com/Darksign","/Darksign","The Darksign signifies an accursed Undead. Those branded with it are reborn after death, but will one day lose their mind and go hollow.Death triggers the Darksign, which returns its bearer to the last bonfire rested at, but at the cost of all humanity and souls.","ok_blockquote"
"370","Dragon Head Stone","ITEMS","Tools","https://darksouls.wiki.fextralife.com/Dragon+Head+Stone","/Dragon+Head+Stone","Stone imbued with the power of dragons. Rite of apostles of the ancient dragons. Gain head of dragon. Emit dragon breath.The dragon apostles seek ascendence of life itself, attainable by transformation into an ancient dragon.This rite is only one step, but it cannot be reversed until death","ok_blockquote"
"371","Dragon Torso Stone","ITEMS","Tools","https://darksouls.wiki.fextralife.com/Dragon+Torso+Stone","/Dragon+Torso+Stone","Stone imbued with the power of the dragons. Rite of apostles of the ancient dragons. Gain torso of dragon. Roar like a dragon.The dragon apostles seek transcendence of life itself, attainable by transformation into an ancient dragon. This rite is only one step, but it cannot be reversed until death","ok_blockquote"
"372","Silver Pendant","ITEMS","Tools","https://darksouls.wiki.fextralife.com/Silver+Pendant","/Silver+Pendant","""One of the ancient treasures of Anor Londo. Presented to Artorias for facing the Abyss.Effectively deflects the Dark of the Abyss, especially in its magic forms.""","ok_blockquote"
"373","Skull Lantern","ITEMS","Tools","https://darksouls.wiki.fextralife.com/Skull+Lantern","/Skull+Lantern","Skull Lantern of the Catacombs necromancer. Droops from his long beard locks. This lantern alights the Tomb of the Giants, Nito's light-devouring domain of death. Also serves as a fire damage strike weapon.","ok_blockquote"
"374","Copper Coin","ITEMS","Unequippable","https://darksouls.wiki.fextralife.com/Copper+Coin","/Copper+Coin","Coin made of copper. Its face shows an image of Old Man McLoyf, god of medicine and drink.Even coins of great value in the world of men have little value in Lordran, where the accepted currency is souls.Those who dream of returning to the outside world are fond of carrying these around","ok_blockquote"
"375","Gold Coin","ITEMS","Unequippable","https://darksouls.wiki.fextralife.com/Gold+Coin","/Gold+Coin","Coin made of gold, with Allfather Lloyd and his white halo shown on its face.Even coins of great value in the world of men have little value in Lordran, where the accepted currency is souls.Those who dream of returning to the outside world are fond of carrying these around.","ok_blockquote"
"376","Pendant","ITEMS","Unequippable","https://darksouls.wiki.fextralife.com/Pendant","/Pendant","A simple pendant with no effect. Even so, pleasant memories are crucial to survival on arduous journeys.""","ok_blockquote"
"377","Rubbish","ITEMS","Unequippable","https://darksouls.wiki.fextralife.com/Rubbish","/Rubbish","Rubbish with no value.Who in their right mind would bother carrying this around? Perhaps you need help.","ok_blockquote"
"378","Silver Coin","ITEMS","Unequippable","https://darksouls.wiki.fextralife.com/Silver+Coin","/Silver+Coin","Coin made of silver, with the portrait of the legendary Knight King Rendal on its face.Even coins of great value in the world of men have little value in Lordran, where the accepted currency is souls.Those who dream of returning to the outside world are fond of carrying these around","ok_blockquote"
"379","Bountiful Sunlight","MAGIC","Miracles","https://darksouls.wiki.fextralife.com/Bountiful+Sunlight","/Bountiful+Sunlight","Special miracle granted to the maidens of Gwynevere, Princess of the Sun. Gradual HP restoration for self and vicinity.The miracles of Gwynevere, the princess cherished by all, grant their blessing to a great many warriors.","ok_blockquote"
"380","Darkmoon Blade","MAGIC","Miracles","https://darksouls.wiki.fextralife.com/Darkmoon+Blade","/Darkmoon+Blade","Miracle granted to those bound by covenant to Gwyndolin, Lord Gwyn's lastborn. Boost right weapon with rays of Darkmoon. The power of the rays of the Darkmoon are manifested in vengeance, and the deeper the animus, the more devastating the attack.","ok_blockquote"
"381","Emit Force","MAGIC","Miracles","https://darksouls.wiki.fextralife.com/Emit+Force","/Emit+Force","Outland miracle, foreign to the Way of White. Emit Shockwave.Considered an alternative branching of Force. Emits an expanding shockwave orb.","ok_blockquote"
"382","Escape Death","MAGIC","Miracles","https://darksouls.wiki.fextralife.com/Escape+Death","/Escape+Death","Lost miracle, foreign to the Way of White. While active, no losses incurred upon death.The Way of White recognizes death itself, but admonishes the Undead. It is for this very reason that this miracle was lost..","ok_blockquote"
"383","Force","MAGIC","Miracles","https://darksouls.wiki.fextralife.com/Force","/Force","Common miracle among cleric knights. Create shockwave.This quickly-acting miracle inflicts no damage, but propels foes back and defends against arrows. Cleric knights use this miracle when charging into enemy mobs.","ok_blockquote"
"384","Gravelord Greatsword Dance","MAGIC","Miracles","https://darksouls.wiki.fextralife.com/Gravelord+Greatsword+Dance","/Gravelord+Greatsword+Dance","Miracle known only by the servants of the first dead, Gravelord Nito. Giant Gravelord swords jut out in vicinity.Many have died, and many eyes were claimed to realize the Greatsword Dance, a Gravelord ritual known only by his closest servants.","ok_blockquote"
"385","Gravelord Sword Dance","MAGIC","Miracles","https://darksouls.wiki.fextralife.com/Gravelord+Sword+Dance","/Gravelord+Sword+Dance","Miracle known only by the servants of the first dead, Gravelord Nito. Giant Gravelord swords jut out in vicinity.Nito sleeps deep within the Giant Catacombs, quietly overseeing all death, and waiting for his servants to usher in the Eye of Death.","ok_blockquote"
"386","Great Heal","MAGIC","Miracles","https://darksouls.wiki.fextralife.com/Great+Heal","/Great+Heal","Great miracle cast by advanced clerics. Restores high HP.Great Heal is a long tale, only learned by a select few. No caster will be disappointed by the bountiful life that it yields.","ok_blockquote"
"387","Great Heal Excerpt","MAGIC","Miracles","https://darksouls.wiki.fextralife.com/Great+Heal+Excerpt","/Great+Heal+Excerpt","Great miracle cast by advanced clerics. Restores high HP.Great Heal Excerpt borrows from only several verses of Great Heal. As a result, it can only be cast a stark few times.","ok_blockquote"
"388","Great Lightning Spear","MAGIC","Miracles","https://darksouls.wiki.fextralife.com/Great+Lightning+Spear","/Great+Lightning+Spear","Miracle passed down by those bound by the Warrior of Sunlight covenant. Hurl giant lightning spear.The weapon of the God of War, who inherited the sunlight of Lord Gwyn, but had respect only for arms, and nothing else.","ok_blockquote"
"389","Great Magic Barrier","MAGIC","Miracles","https://darksouls.wiki.fextralife.com/Great+Magic+Barrier","/Great+Magic+Barrier","Miracle of Bishop Havel the Rock. Cover body in powerful def. magic coating.Havel the Rock, an old battlefield compatriot of Lord Gwyn, was the sworn enemy of Seath the Scaleless. He despised magic, and made certain to devise means of counteraction.","ok_blockquote"
"390","Heal","MAGIC","Miracles","https://darksouls.wiki.fextralife.com/Heal","/Heal","Elementary miracle cast by clerics. Restores HP.To cast a miracle, the caster learns a tale of the Gods, and says a prayer to be blessed by its revelations.Heal is the shortest of such miraculous tales.","ok_blockquote"
"391","Homeward","MAGIC","Miracles","https://darksouls.wiki.fextralife.com/Homeward","/Homeward","Great miracle cast by advanced clerics. Return to the last bonfire rested at.Would normally link to one's homeland, only the curse of the Undead has distorted its power, redirecting casters to a bonfire.Or perhaps for Undead, this serves as home?","ok_blockquote"
"392","Karmic Justice","MAGIC","Miracles","https://darksouls.wiki.fextralife.com/Karmic+Justice","/Karmic+Justice","Miracle of the black-haired witch Velka. Temporary auto counter vs. heavy damage.For each sin there is a punishment, and it is the task of Goddess Velka to define the sin, and mete out the punishment.","ok_blockquote"
"393","Lightning Spear","MAGIC","Miracles","https://darksouls.wiki.fextralife.com/Lightning+Spear","/Lightning+Spear","Miracle passed down to those bound by the Warrior of Sunlight covenant. Hurl lightning spear.Lightning spears inflict rare lightning damage, and are very effective against magic, fire, and most of all, dragons.","ok_blockquote"
"394","Magic Barrier","MAGIC","Miracles","https://darksouls.wiki.fextralife.com/Magic+Barrier","/Magic+Barrier","Miracle of Bishop Havel the Rock. Cover body in defensive magic coating.This coating greatly boosts magic defense, assisting warriors who must face the magic which Bishop Havel countered so proficiently.","ok_blockquote"
"395","Replenishment","MAGIC","Miracles","https://darksouls.wiki.fextralife.com/Replenishment","/Replenishment","Common miracle amongst cleric knights. Gradual HP restoration.Beware of the cleric knight blessed by Replenishment, for he shall not fall easily.","ok_blockquote"
"396","Seek Guidance","MAGIC","Miracles","https://darksouls.wiki.fextralife.com/Seek+Guidance","/Seek+Guidance","Miracle of clerics on an Undead mission. Display more guidance from other worlds.Guidance facilitates communication between Undead, but their value varies greatly. A balance of faith and wisdom is required.","ok_blockquote"
"397","Soothing Sunlight","MAGIC","Miracles","https://darksouls.wiki.fextralife.com/Soothing+Sunlight","/Soothing+Sunlight","Special miracle granted to the maidens of Gwynevere, Princess of the Sun. Restores high HP for self and vicinity.The miracles of Gwynevere, the princess cherished by all, grant their blessing to a great many warriors.","ok_blockquote"
"398","Sunlight Blade","MAGIC","Miracles","https://darksouls.wiki.fextralife.com/Sunlight+Blade","/Sunlight+Blade","Miracle wielded by Lord Gwyn's firstborn. Boost right weapon with rays of Sun.The power of sunlight, manifested as lightning, is very effective against dragons. When the eldest son was stripped of his deific status, he left this on his father's coffin, perhaps as a final farewell.","ok_blockquote"
"399","Sunlight Spear","MAGIC","Miracles","https://darksouls.wiki.fextralife.com/Sunlight+Spear","/Sunlight+Spear","Miracle born from the fading soul of Gwyn. Hurl sunlight spear.In the war that marked the dawn of the Age of Fire, Gwyn wielded these rays of sunlight, which remains fierce even as they fade.","ok_blockquote"
"400","Tranquil Walk of Peace","MAGIC","Miracles","https://darksouls.wiki.fextralife.com/Tranquil+Walk+of+Peace","/Tranquil+Walk+of+Peace","Outland miracle, foreign to the Way of White. Slows all walking within effect area.This miracle is normally used to flee, as it slows walking but does not affect attacks, but nevertheless defines peace perfectly.","ok_blockquote"
"401","Vow of Silence","MAGIC","Miracles","https://darksouls.wiki.fextralife.com/Vow+of+Silence","/Vow+of+Silence","Secret rite of the black-haired witch Velka. Prevents casting of magic within effect area.Velka, the Goddess of Sin, is a rogue deity, but she is versed in arts both new and old, and is considered to have a great range of influence even as gods are concerned.","ok_blockquote"
"402","Wrath of the Gods","MAGIC","Miracles","https://darksouls.wiki.fextralife.com/Wrath+of+the+Gods","/Wrath+of+the+Gods","Primal form of Force. Create powerful shockwave.Wrath of the Gods was an epic tale that tattered over time and developed into the modern Force. This primal form of Force emits a shockwave that also inflicts damage.","ok_blockquote"
"403","Acid Surge","MAGIC","Pyromancies","https://darksouls.wiki.fextralife.com/Acid+Surge","/Acid+Surge","Pyromancy foreign to the Great Swamp. Emit acid which corrodes weapons and armor.Not all pyromancy originates in the Great Swamp. One hears rumors of unknown pyromancers inhabiting various lands, and this spell is the work of one such outlander.","ok_blockquote"
"404","Black Flame","MAGIC","Pyromancies","https://darksouls.wiki.fextralife.com/Black+Flame","/Black+Flame","A Pyromancy discovered from the Dark Abyss by a pyromancer who wandered into Oolacile. Conjure a great flame into one's palm.Black Flames are weighty and cause Physical damage. Enough to smack away the mightiest of shields.","ok_blockquote"
"405","Chaos Fire Whip","MAGIC","Pyromancies","https://darksouls.wiki.fextralife.com/Chaos+Fire+Whip","/Chaos+Fire+Whip","Art of the Flame of Chaos, which engulfed the Witch of Izalith and her daughters.Sweep foes with chaos fire whip which changes strength depending on humanity.The fire whip was wielded by the eldest of the Daughters of Chaos.","ok_blockquote"
"406","Chaos Storm","MAGIC","Pyromancies","https://darksouls.wiki.fextralife.com/Chaos+Storm","/Chaos+Storm","Art of the Flame of Chaos, which engulfed the Witch of Izalith and her daughters.Erect localized chaos fire pillars which change strength depending on humanity.The Witch of Izalith, in an ambitious attempt to copy the First Flame, created instead the Flame of Chaos, a twisted bed of life.","ok_blockquote"
"407","Combustion","MAGIC","Pyromancies","https://darksouls.wiki.fextralife.com/Combustion","/Combustion","Elementary pyromancy. Create powerful flame in hand.One of the most basic pyromancies. For this very reason, the flame thus created is fierce.","ok_blockquote"
"408","Fire Orb","MAGIC","Pyromancies","https://darksouls.wiki.fextralife.com/Fire+Orb","/Fire+Orb","Pyromancy which improves upon Fireball. Hurl fire orb.The flaming fire orb explodes upon impact, causing fire splash damage in a spectacle which seems to symbolize the strength of the fire-manipulating pyromancers.","ok_blockquote"
"409","Fire Surge","MAGIC","Pyromancies","https://darksouls.wiki.fextralife.com/Fire+Surge","/Fire+Surge","Pyromancy foreign to the Great Swamp. Create a surge of flame from palm of hand.Not all pyromancy originates in the Great Swamp. One hears rumors of unknown pyromancers inhabiting various lands, and this spell is the work of one such outlander.","ok_blockquote"
"410","Fire Tempest","MAGIC","Pyromancies","https://darksouls.wiki.fextralife.com/Fire+Tempest","/Fire+Tempest","Primal pyromancy of Quelana of Izalith. Erect giant fire pillars in vicinity.The tempestuous raging flames resemble those summoned by the Daughters of Chaos when they challenged the ancient dragons and scorched the very earth.","ok_blockquote"
"411","Fire Whip","MAGIC","Pyromancies","https://darksouls.wiki.fextralife.com/Fire+Whip","/Fire+Whip","Primal pyromancy taught by Quelana of Izalith. Sweep foes with fire whip.The root pyromancy of Combustion, but much more difficult to wield.","ok_blockquote"
"412","Fireball","MAGIC","Pyromancies","https://darksouls.wiki.fextralife.com/Fireball","/Fireball","Standard pyromancy of the Great Swamp. Hurl fireball.The fire damage caused by fireballs makes them effective against corporeal beasts and Undead, who by nature fear flame.","ok_blockquote"
"413","Firestorm","MAGIC","Pyromancies","https://darksouls.wiki.fextralife.com/Firestorm","/Firestorm","Primal pyromancy taught by Quelana of Izalith. Erect fire pillars in vicinity.The storm of flame is indiscriminate, and incinerates all nearby life.","ok_blockquote"
"414","Flash Sweat","MAGIC","Pyromancies","https://darksouls.wiki.fextralife.com/Flash+Sweat","/Flash+Sweat","Pyromancy of Carmina, who harnessed the power of flame to actualize the inner-self. Intense sweating reduces flame damage.Carmina, the most accomplished pupil of Salaman the Master Pyromancer, pioneered new directions for the art of pyromancy.","ok_blockquote"
"415","Great Chaos Fireball","MAGIC","Pyromancies","https://darksouls.wiki.fextralife.com/Great+Chaos+Fireball","/Great+Chaos+Fireball","Art of the Flame of Chaos, which engulfed the Witch of Izalith and her daughters.The Flame of Chaos can melt stone, producing a short-lived lava glob.","ok_blockquote"
"416","Great Combustion","MAGIC","Pyromancies","https://darksouls.wiki.fextralife.com/Great+Combustion","/Great+Combustion","Pyromancy which improves upon Combustion. Create powerful, giant flame in hand.Great Combustion creates a powerful flame, but many sorcerers mock the simplicity of this spell.","ok_blockquote"
"417","Great Fireball","MAGIC","Pyromancies","https://darksouls.wiki.fextralife.com/Great+Fireball","/Great+Fireball","Ultimate fireball pyromancy. Hurl a giant fireball.Salaman the Master Pyromancer, also called the Great Fireball after this spell, believed pyromancy was rooted in an adoration of fire. Those who acquire this spell usually agree.","ok_blockquote"
"418","Iron Flesh","MAGIC","Pyromancies","https://darksouls.wiki.fextralife.com/Iron+Flesh","/Iron+Flesh","Pyromancy of Carmina, who harnessed the power of flame to actualize the inner-self. Iron Flesh boosts defense and resilience.Use of this pyromancy requires caution, as the caster becomes exceedingly heavy and unable to move freely.","ok_blockquote"
"419","Poison Mist","MAGIC","Pyromancies","https://darksouls.wiki.fextralife.com/Poison+Mist","/Poison+Mist","Unique pyromancy crafted by Eingyi, considered a heretic even at the Great Swamp. Create poison mist.Eingyi became an egg-bearing Undead who serves a deformed young girl who speaks an untelligible tongue.","ok_blockquote"
"420","Power Within","MAGIC","Pyromancies","https://darksouls.wiki.fextralife.com/Power+Within","/Power+Within","Pyromancy of Carmina, who harnessed the power of flame to actualize the inner-self. Short strength/endurance boost, but lose HP.Excessive power eats away the life-force of its caster, and like all dangerous spells, Power Within was kept secret for eons.","ok_blockquote"
"421","Toxic Mist","MAGIC","Pyromancies","https://darksouls.wiki.fextralife.com/Toxic+Mist","/Toxic+Mist","Unique pyromancy crafted by Eingyi, considered a heretic even at the Great Swamp. Create intense poison mist.Why was Eingyi driven from the Great Swamp? One only need cast this pyromancy, a perverse diversion from the art of fire, to find out.","ok_blockquote"
"422","Undead Rapport","MAGIC","Pyromancies","https://darksouls.wiki.fextralife.com/Undead+Rapport","/Undead+Rapport","Advanced pyromancy of Quelana of Izalith. Charm undead and gain temporary allies.The living are lured by flame, and this relationship is part and parcel to the art of pyromancy. Can be used by either gender.","ok_blockquote"
"423","Aural Decoy","MAGIC","Sorceries","https://darksouls.wiki.fextralife.com/Aural+Decoy","/Aural+Decoy","Sorcery used by playful sorcerers. Lure enemies away by creating a sound originating in the distance.This spell is not the first choice for serious sorcerers, but it has a surprising amount of applications, some of them extremely effective.","ok_blockquote"
"424","Cast Light","MAGIC","Sorceries","https://darksouls.wiki.fextralife.com/Cast+Light","/Cast+Light","Ancient sorcery of the lost land of Oolacile. Cast a bright light upon surroundings. This light-producing sorcery is elementary but nonetheless demonstrates the achievements in mysticism of Oolacile. Such magic has not been developed even in Vinheim","ok_blockquote"
"425","Chameleon","MAGIC","Sorceries","https://darksouls.wiki.fextralife.com/Chameleon","/Chameleon","Ancient sorcery of the lost land of Oolacile. Transform into something inconspicuous.A separate stealth spell from Hidden Body. A skilled stealth sorcerer must be aware of his or her surrounding and of which objects are prime candidates for imitation.","ok_blockquote"
"426","Crystal Magic Weapon","MAGIC","Sorceries","https://darksouls.wiki.fextralife.com/Crystal+Magic+Weapon","/Crystal+Magic+Weapon","Sorcery boosted by the knowledge Logan acquired at the Regal Archives. High magic + crystallization: right weapon. Logan's trials were successful, and the crystal medium facilitated a stronger bond between weapon and soul.","ok_blockquote"
"427","Crystal Soul Spear","MAGIC","Sorceries","https://darksouls.wiki.fextralife.com/Crystal+Soul+Spear","/Crystal+Soul+Spear","Sorcery boosted by the knowledge Logan acquired at the Regal Archives. Fire piercing crystal soul spear.These pale magic spears, sharpened through crystallization, are on par with the armaments of the ancient lords.","ok_blockquote"
"428","Dark Bead","MAGIC","Sorceries","https://darksouls.wiki.fextralife.com/Dark+Bead","/Dark+Bead","Abyss sorcery discovered by an Oolacile sorcerer on the brink of madness. Fires successive Dark Orbs. In contrast to standard soul sorceries, Abyss sorcery is weighty and inflict physical damage. Perhaps a human soul is closer to matter in its humanity.","ok_blockquote"
"429","Dark Fog","MAGIC","Sorceries","https://darksouls.wiki.fextralife.com/Dark+Fog","/Dark+Fog","Abyss sorcery discovered by an Oolacile sorcerer on the brink of madness. Create a cloud of Dark fog. Although Dark Fog is, in theory relatively close to humanity it also happens to be a terrible poison for humans. Perhaps to reflect man's cruelty against his own.","ok_blockquote"
"430","Dark Orb","MAGIC","Sorceries","https://darksouls.wiki.fextralife.com/Dark+Orb","/Dark+Orb","Abyss sorcery discovered by an Oolacile sorcerer on the brink of madness. Fires Giant Dark Orb.In contrast to standard soul sorceries, Abyss sorcery is weighty and inflict physical damage. Perhaps a human soul is closer to matter in its humanity.","ok_blockquote"
"431","Fall Control","MAGIC","Sorceries","https://darksouls.wiki.fextralife.com/Fall+Control","/Fall+Control","Sorcery developed by a certain surreptitious sorcerer at Vinheim Dragon School. Reduce damage and noise from fall.This sorcery, along with Hush, explains the extravagant cost of hiring Vinheim spooks.","ok_blockquote"
"432","Great Heavy Soul Arrow","MAGIC","Sorceries","https://darksouls.wiki.fextralife.com/Great+Heavy+Soul+Arrow","/Great+Heavy+Soul+Arrow","Sorcery which improves upon Heavy Soul Arrow. Fire strong heavy soul arrow.As difficult to use as Heavy Soul Arrow, but powerful enough to make it well worth it. Adored by certain sorcerers.","ok_blockquote"
"433","Great Magic Weapon","MAGIC","Sorceries","https://darksouls.wiki.fextralife.com/Great+Magic+Weapon","/Great+Magic+Weapon","Sorcery which improves upon Magic Weapon. High magic augmentation: right weapon.At Vinheim Dragon School, only magic swordsmen on special orders are allowed to learn this spell which grants powerful augmentation to various weapons.","ok_blockquote"
"434","Great Soul Arrow","MAGIC","Sorceries","https://darksouls.wiki.fextralife.com/Great+Soul+Arrow","/Great+Soul+Arrow","Sorcery which improves upon Soul Arrow. Fire strong soul arrow.At the Vinheim Dragon School, the acquisition of this spell marks an apprentice's coronation as a sorcerer.","ok_blockquote"
"435","Heavy Soul Arrow","MAGIC","Sorceries","https://darksouls.wiki.fextralife.com/Heavy+Soul+Arrow","/Heavy+Soul+Arrow","Soul sorcery emphasizing power. Fire heavy soul arrow.A more powerful, but also slower sorcery. Difficult to use due to a long cool down and a limitation on the number of castings.","ok_blockquote"
"436","Hidden Body","MAGIC","Sorceries","https://darksouls.wiki.fextralife.com/Hidden+Body","/Hidden+Body","Ancient sorcery of the lost land of Oolacile. Turns body nearly invisible.Although perfect invisibility is unachievable due to the risk of dissipation, the caster need only stand still for a moment to blend in to environs with astounding camouflage.","ok_blockquote"
"437","Hidden Weapon","MAGIC","Sorceries","https://darksouls.wiki.fextralife.com/Hidden+Weapon","/Hidden+Weapon","Ancient sorcery of the lost land of Oolacile. Turns right weapon invisible.Not a simple augmentation, making it dependent on the skill of its caster. An example of the capacity of Oolacile sorceries to control light.","ok_blockquote"
"438","Homing Crystal Soulmass","MAGIC","Sorceries","https://darksouls.wiki.fextralife.com/Homing+Crystal+Soulmass","/Homing+Crystal+Soulmass","Sorcery boosted by the knowledge Logan acquired at the Regal Archives. Fire homing crystal soulmass.The mysteries of souls, crystals, and the sorceries are deeply intertwined.","ok_blockquote"
"439","Homing Soulmass","MAGIC","Sorceries","https://darksouls.wiki.fextralife.com/Homing+Soulmass","/Homing+Soulmass","Sorcery developed by Big Hat Logan: Homing soulmass. Life originates in the soul; no wonder the soulmass draws toward it. This sorcery is a window into seeker Logan's methods.","ok_blockquote"
"440","Hush","MAGIC","Sorceries","https://darksouls.wiki.fextralife.com/Hush","/Hush","Sorcery developed by a certain surreptitious sorceror at Vinheim Dragon School. Masks all noises of caster.Effectively, Vinheim is controlled by the Dragon School, and it is no wonder that the town has its share of dark secrets.","ok_blockquote"
"441","Magic Shield","MAGIC","Sorceries","https://darksouls.wiki.fextralife.com/Magic+Shield","/Magic+Shield","Sorcery for casters who wield swords. Magic augmentation: left shield.Shields augmented by magic are resistant to magic attacks and have higher stability. This spell makes it possible to challenge powerful foes with a small shield.","ok_blockquote"
"442","Magic Weapon","MAGIC","Sorceries","https://darksouls.wiki.fextralife.com/Magic+Weapon","/Magic+Weapon","Sorcery for casters who wield swords. Magic augmentation: right weapon.The power of the magic swordsmen of Vinheim is predicated upon this and Magic Shield. Many warriors learn sorcery just for this.","ok_blockquote"
"443","Pursuers","MAGIC","Sorceries","https://darksouls.wiki.fextralife.com/Pursuers","/Pursuers","Sorcery of Manus, Father of the Abyss. Grant a fleeting will to the Dark of humanity, and volley the result.The will feels envy, or perhaps love, and despite the inevitable trite and tragic ending, the will sees no alternative, and is driven madly towards its target.","ok_blockquote"
"444","Remedy","MAGIC","Sorceries","https://darksouls.wiki.fextralife.com/Remedy","/Remedy","Sorcery of the red-robed Yulva, one of the Sealers of New Londo. Reduce bleeding and poison build-up, and undo various poisonous effects.One of the New Londo's unique healing sorceries. Perhaps she abandoned her Sealer duty to take her healing arts back to Blighttown.","ok_blockquote"
"445","Repair","MAGIC","Sorceries","https://darksouls.wiki.fextralife.com/Repair","/Repair","Ancient sorcery of the lost land of Oolacile. Repair equipped weapons and armor.This sorcery was part of everyday life in Oolacile. Its effects resembles repair powder.","ok_blockquote"
"446","Resist Curse","MAGIC","Sorceries","https://darksouls.wiki.fextralife.com/Resist+Curse","/Resist+Curse","Sorcery of the red-robed remedician Ingward, guardian of the seal in New Londo. Sacrifice humanity to undo curse.Abhorrent curses eat away at the core of one's very existence, and cleansing oneself of curses is no easy task indeed","ok_blockquote"
"447","Soul Arrow","MAGIC","Sorceries","https://darksouls.wiki.fextralife.com/Soul+Arrow","/Soul+Arrow","Elementary sorcery. Fire a soul arrow.Soul arrows inflict magic damage, making them effective against iron armor, tough scales, and other physically resilient materials","ok_blockquote"
"448","Soul Spear","MAGIC","Sorceries","https://darksouls.wiki.fextralife.com/Soul+Spear","/Soul+Spear","Sorcery developed by Big Hat Logan. Fire piercing soul spear.A symbol of Logan's strength, the soul spear is referenced repeatedly in the legends, and is said to be on par with Lord Gwyn's lightning.","ok_blockquote"
"449","Strong Magic Shield","MAGIC","Sorceries","https://darksouls.wiki.fextralife.com/Strong+Magic+Shield","/Strong+Magic+Shield","Sorcery which improves upon Magic Shield. High magic augmentation: left shield.At Vinheim Dragon School, only magic swordsmen on special orders are allowed to learn this spell which grants temporary strength to greatshields.","ok_blockquote"
"450","White Dragon Breath","MAGIC","Sorceries","https://darksouls.wiki.fextralife.com/White+Dragon+Breath","/White+Dragon+Breath","Sorcery developed by Logan during his infatuation with Seath the Scaleless. Emit crystal breath of Seath the Scaleless.Although it no longer causes curses, what madness caused old Big Hat to appropriate this frightful power of the ancient dragons?","ok_blockquote"
"451","Bellowing Dragoncrest Ring","RINGS","Rings","https://darksouls.wiki.fextralife.com/Bellowing+Dragoncrest+Ring","/Bellowing+Dragoncrest+Ring","A special ring granted to only the most accomplished sorcerers at Vinheim Dragon School.The ring is engraved with an everlasting dragon, and boosts the strength of sorceries.","ok_blockquote"
"452","Bloodbite Ring","RINGS","Rings","https://darksouls.wiki.fextralife.com/Bloodbite+Ring","/Bloodbite+Ring","One of the infamous bite rings commissioned by Sir Arstor of Carim. Despite the dreadful rumorssurrounding its creation, this ring is an unmistakable asset, in its ability to help prevent bleeding.","ok_blockquote"
"453","Blue Tearstone Ring","RINGS","Rings","https://darksouls.wiki.fextralife.com/Blue+Tearstone+Ring","/Blue+Tearstone+Ring","The rare gem called tearstone has the uncanny ability to sense imminent death.This blue tearstone from Catarina boosts the defence of its wearer when in danger.","ok_blockquote"
"454","Calamity Ring","RINGS","Rings","https://darksouls.wiki.fextralife.com/Calamity+Ring","/Calamity+Ring","A ring enchanted by the orange eye of Kalameet, the bringer of calamity. Doubles damage received by its wearer. A useless ring befitting of no finger. Best left unknown, or at least well hidden.","ok_blockquote"
"455","Cat Covenant Ring","RINGS","Rings","https://darksouls.wiki.fextralife.com/Cat+Covenant+Ring","/Cat+Covenant+Ring","Ring granted to those bound by the Forest Hunter covenant. Answer Alvina's summoning.The white cat Alvina speaks a human tongue and has lived since the early Age of Fire.Alvina was a trusted friend of Knight Artorias and the Great Wolf Sif.","ok_blockquote"
"456","Cloranthy Ring","RINGS","Rings","https://darksouls.wiki.fextralife.com/Cloranthy+Ring","/Cloranthy+Ring","This ancient ring, engraved with a large green flower, is of unknown origin.Hastens the regeneration of stamina.","ok_blockquote"
"457","Covenant of Artorias","RINGS","Rings","https://darksouls.wiki.fextralife.com/Covenant+of+Artorias","/Covenant+of+Artorias","This ring symbolizes Knight Artorias's covenant with the beasts of the Abyss.Its wearer, like Artorias himself can traverse the Abyss.","ok_blockquote"
"458","Covetous Gold Serpent Ring","RINGS","Rings","https://darksouls.wiki.fextralife.com/Covetous+Gold+Serpent+Ring","/Covetous+Gold+Serpent+Ring","The serpent is an imperfect dragon and symbol of the Undead. Its habit of devouring preyeven larger than itself has led to an association of gluttony. This gold ring, engraved withthe serpent, boosts its wearer's item discovery, so that more items can be amassed.","ok_blockquote"
"459","Covetous Silver Serpent Ring","RINGS","Rings","https://darksouls.wiki.fextralife.com/Covetous+Silver+Serpent+Ring","/Covetous+Silver+Serpent+Ring","The serpent is an imperfect dragon and symbol of the Undead. Its habit of devouring preyeven larger than itself has led to an association of gluttony. This silver ring, engraved withthe serpent, rewards its wearer with additional souls for each kill.","ok_blockquote"
"460","Cursebite Ring","RINGS","Rings","https://darksouls.wiki.fextralife.com/Cursebite+Ring","/Cursebite+Ring","One of the infamous bite rings commissioned by Sir Arstor of Carim. Despite the dreadful rumorssurrounding its creation, this ring is an unmistakable asset, in its ability to help prevent curses.","ok_blockquote"
"461","Dark Wood Grain Ring","RINGS","Rings","https://darksouls.wiki.fextralife.com/Dark+Wood+Grain+Ring","/Dark+Wood+Grain+Ring","This special ring crafted in an Eastern land is made of gold, but with a wood grain creston its surface. Agents of subterfuge in this faraway land are particularly fond of thedark gold wood grain, which greatly alters its wearer's rolling action.","ok_blockquote"
"462","Darkmoon Blade Covenant Ring","RINGS","Rings","https://darksouls.wiki.fextralife.com/Darkmoon+Blade+Covenant+Ring","/Darkmoon+Blade+Covenant+Ring","Ring granted to those bound by the Darkmoon Blade covenant. Answer Dark Sun Gwyndolin's summoning.Gwyndolin, all too aware of his repulsive, frail appearance, created the illusion of a sister Gwynevere, whohelps him guard over Anor Londo. An unmasking of these deities would be tantamount to blasphemy.","ok_blockquote"
"463","Darkmoon Seance Ring","RINGS","Rings","https://darksouls.wiki.fextralife.com/Darkmoon+Seance+Ring","/Darkmoon+Seance+Ring","This ring is granted to adherents of Gwyndolin, Darkmoon deity and last born of Gwyn, Lord of Sunlight.Grants additional magic attunement slots. The Dark Sun Gwyndolin is the only remaining deity in AnorLondo. His followers are few, but their tasks are of vital importance.","ok_blockquote"
"464","Dusk Crown Ring","RINGS","Rings","https://darksouls.wiki.fextralife.com/Dusk+Crown+Ring","/Dusk+Crown+Ring","This magic crown-shaped ring was granted to princess Dusk of Oolacile upon her birth.The ringstone allows its wearer to cast additional sorceries, but at the cost of one-half of HP.","ok_blockquote"
"465","East Wood Grain Ring","RINGS","Rings","https://darksouls.wiki.fextralife.com/East+Wood+Grain+Ring","/East+Wood+Grain+Ring","This special ring crafted in an Eastern land is made of gold, but with a wood grain crest on its surface. The ring slows the loss of weapon durability and is particularly useful to bearers of delicate swords crafted in the East.","ok_blockquote"
"466","Flame Stoneplate Ring","RINGS","Rings","https://darksouls.wiki.fextralife.com/Flame+Stoneplate+Ring","/Flame+Stoneplate+Ring","Stoneplates, the symbol of a true knight, grant the strength to face various hardships.The red stoneplate symbolizes fire, and boosts defence against flame.","ok_blockquote"
"467","Havel's Ring","RINGS","Rings","https://darksouls.wiki.fextralife.com/Havel's+Ring","/Havel's+Ring","This ring was named after Havel the Rock, Lord Gwyn's old battlefield compatriot.Havel's men wore the ring to express faith in their leader and to carry a heavier load.","ok_blockquote"
"468","Hawk Ring","RINGS","Rings","https://darksouls.wiki.fextralife.com/Hawk+Ring","/Hawk+Ring","One of the special rings granted to the four knights of Gwyn. The Hawk Ring belonged to Hawkeye Gough, who led the Greatarchers. Boosts bow range, so that arrows fly like they were shot by Gough's great bow, which took down high-flying dragons.","ok_blockquote"
"469","Hornet Ring","RINGS","Rings","https://darksouls.wiki.fextralife.com/Hornet+Ring","/Hornet+Ring","One of the special rings granted to the four knights of Gwyn. The Hornet RingBelonged to the Lord's Blade Ciaran. By boosting critical attacks, its wearer canannihilate foes, as Ciaran's dagger laid waste to Lord Gwyn's enemies.","ok_blockquote"
"470","Leo Ring","RINGS","Rings","https://darksouls.wiki.fextralife.com/Leo+Ring","/Leo+Ring","One of the special rings granted to the four knights of Gwyn. The Leo Ring belongedto Ornstein the Dragonslayer. This ring strengthens counters with pierce weapons.His lugged spear is said to have sliced a boulder in two.","ok_blockquote"
"471","Lingering Dragoncrest Ring","RINGS","Rings","https://darksouls.wiki.fextralife.com/Lingering+Dragoncrest+Ring","/Lingering+Dragoncrest+Ring","A special ring granted to only the most accomplished sorcerers at Vinheim Dragon School.The ring is engraved with a lingering dragon, and boosts the length of the effects of sorceries.","ok_blockquote"
"472","Old Witch's Ring","RINGS","Rings","https://darksouls.wiki.fextralife.com/Old+Witch's+Ring","/Old+Witch's+Ring","Old ring from an old witch. Engraved minutely with indecipherable script, but seemingly useless.","ok_blockquote"
"473","Orange Charred Ring","RINGS","Rings","https://darksouls.wiki.fextralife.com/Orange+Charred+Ring","/Orange+Charred+Ring","An orange ring enchanted by a witch. Reduces lava damage. Since his sores were inflamed by lava from birth, his witch sisters gave him this special ring. But fool that he is, he readily dropped it, and from that spot, a terrible centipede demon was born.","ok_blockquote"
"474","Poisonbite Ring","RINGS","Rings","https://darksouls.wiki.fextralife.com/Poisonbite+Ring","/Poisonbite+Ring","One of the infamous bite rings commissioned by Sir Arstor of Carim. Despite the dreadful rumorssurrounding its creation, this ring is an unmistakable asset, in its ability to help prevent poison.","ok_blockquote"
"475","Rare Ring of Sacrifice","RINGS","Rings","https://darksouls.wiki.fextralife.com/Rare+Ring+of+Sacrifice","/Rare+Ring+of+Sacrifice","This mystical ring was created in a sacrificial rite of Velka, the Goddess of Sin.The magenta-shaded ring is especially rare. Its wearer will lose nothing upon death,and will be freed from any curse whatsoever, but the ring itself breaks.","ok_blockquote"
"476","Red Tearstone Ring","RINGS","Rings","https://darksouls.wiki.fextralife.com/Red+Tearstone+Ring","/Red+Tearstone+Ring","The rare gem called tearstone has the uncanny ability to sense imminent death.This red tearstone from Carim boosts the attack of its wearer when in danger.","ok_blockquote"
"477","Ring of Favor and Protection","RINGS","Rings","https://darksouls.wiki.fextralife.com/Ring+of+Favor+and+Protection","/Ring+of+Favor+and+Protection","A ring symbolizing the favor and protection of the goddess Fina, known in legend to possess ""fateful beauty."" This ring boosts its wearer's HP, stamina, and max equipment load, but breaks if ever removed.","ok_blockquote"
"478","Ring of Fog","RINGS","Rings","https://darksouls.wiki.fextralife.com/Ring+of+Fog","/Ring+of+Fog","Those who befriend Alvina are given this mysterious ring. It resembles a pearl with its robust pure-white fog.The ring camouflages its wearer's presence, helping to prevent detection.","ok_blockquote"
"479","Ring of Sacrifice","RINGS","Rings","https://darksouls.wiki.fextralife.com/Ring+of+Sacrifice","/Ring+of+Sacrifice","This mystical ring was created in a sacrificial rite of Velka, the Goddess of Sin. Its wearer will lose nothing upon death, but the ring itself breaks.","ok_blockquote"
"480","Ring of Steel Protection","RINGS","Rings","https://darksouls.wiki.fextralife.com/Ring+of+Steel+Protection","/Ring+of+Steel+Protection","This ring belonged to the Knight King Rendal. It grants its wearer protection by boostingdefense against physical attacks. Of the many legends surrounding the Knight King Rendal,one of the more well-known speaks of his standing down a giant drake and slashing it to pieces.","ok_blockquote"
"481","Ring of the Evil Eye","RINGS","Rings","https://darksouls.wiki.fextralife.com/Ring+of+the+Evil+Eye","/Ring+of+the+Evil+Eye","According to legend, this ring contains the spirit of the evil eye, a dark beast which assaulted Astora.The strength of the evil eye does not waver, and HP is absorbed from fallen enemies.","ok_blockquote"
"482","Ring of the Sun Princess","RINGS","Rings","https://darksouls.wiki.fextralife.com/Ring+of+the+Sun+Princess","/Ring+of+the+Sun+Princess","This ring is granted to those who enter a Covenant with Gwynevere, daughter of Lord Gwyn and the Princess of Sunlight. This slightly warm ring boosts the synergy of miracles. The Princess of Sunlight left Anor Londo along with many other deities, and later became wife to Flame God Flann.","ok_blockquote"
"483","Ring of the Sun's Firstborn","RINGS","Rings","https://darksouls.wiki.fextralife.com/Ring+of+the+Sun's+Firstborn","/Ring+of+the+Sun's+Firstborn","Lord Gwyn's firstborn, who inherited the sunlight, once wore this ancient ring.Lord Gwyn's firstborn was a god of war, but his foolishness led to a loss of the annals, and rescinding of his deific status.Today, even his name is not known.","ok_blockquote"
"484","Rusted Iron Ring","RINGS","Rings","https://darksouls.wiki.fextralife.com/Rusted+Iron+Ring","/Rusted+Iron+Ring","This iron ring was used to shackle the guilty. It is terribly rusted, and faintly stained with blood.Those who find this strange ring to their liking will be pleased to find it easier to gain footing on poor ground such as swamps.","ok_blockquote"
"485","Slumbering Dragoncrest Ring","RINGS","Rings","https://darksouls.wiki.fextralife.com/Slumbering+Dragoncrest+Ring","/Slumbering+Dragoncrest+Ring","This ring was secretly worn by a surreptitious sorcerer at Vinheim Dragon School.The ring is engraved with an everlasting dragon in silent slumber, and masks all sound emitting from its wearer.","ok_blockquote"
"486","Speckled Stoneplate Ring","RINGS","Rings","https://darksouls.wiki.fextralife.com/Speckled+Stoneplate+Ring","/Speckled+Stoneplate+Ring","Stoneplates, the symbol of a true knight, grant the strength to face various hardships. The precious rare speckled stoneplate grants a small boost to defense against magic, flame, and lightning.","ok_blockquote"
"487","Spell Stoneplate Ring","RINGS","Rings","https://darksouls.wiki.fextralife.com/Spell+Stoneplate+Ring","/Spell+Stoneplate+Ring","Stoneplates, the symbol of a true knight, grant the strength to face various hardships.The blue stoneplate symbolizes souls, and boosts defense against magic.","ok_blockquote"
"488","Thunder Stoneplate Ring","RINGS","Rings","https://darksouls.wiki.fextralife.com/Thunder+Stoneplate+Ring","/Thunder+Stoneplate+Ring","Stoneplates, the symbol of a true knight, grant the strength to face various hardships.The yellow stoneplate symbolizes thunder, and boosts defence against lightning.","ok_blockquote"
"489","Tiny Being's Ring","RINGS","Rings","https://darksouls.wiki.fextralife.com/Tiny+Being's+Ring","/Tiny+Being's+Ring","Ring made of an ancient tiny red jewel. Grants small increase to HP. Rings grant powers large and small. Their discovery, and effective use, can make one's journey easier","ok_blockquote"
"490","White Seance Ring","RINGS","Rings","https://darksouls.wiki.fextralife.com/White+Seance+Ring","/White+Seance+Ring","A divine ring entrusted to the head bishop of the Way of White and apostle to Allfather Lloyd, uncle to Lord Gwyn.It grants additional attunement slots.The head bishop of the Way of White is the guardian of law and caste, and one of the great royals of Thorolund.","ok_blockquote"
"491","Wolf Ring","RINGS","Rings","https://darksouls.wiki.fextralife.com/Wolf+Ring","/Wolf+Ring","One of the special rings granted to the four knights of Gwyn. The Wolf Ring belongs to Artorias the Abysswalker. Artorias had an unbendable will of steel, and was unmatched with a greatsword.","ok_blockquote"
"492","Black Iron Greatshield","SHIELDS","Greatshields","https://darksouls.wiki.fextralife.com/Black+Iron+Greatshield","/Black+Iron+Greatshield","""Greatshield of the mighty knight Tarkus"" ""Built of special black iron and even heavier than Knight Berenike's tower shield. Especially resistant to fire attacks and effective for shield bashing.""","ok_blockquote"
"493","Bonewheel Shield","SHIELDS","Greatshields","https://darksouls.wiki.fextralife.com/Bonewheel+Shield","/Bonewheel+Shield","""Giant wooden wheel encircled by spikes. Half-melded to a strange skeleton"" ""Can be used as a great shield, only for the great gaps. But at least the spikes turn into weapons with a good spin. Strange indeed!""","ok_blockquote"
"494","Cleansing Greatshield","SHIELDS","Greatshields","https://darksouls.wiki.fextralife.com/Cleansing+Greatshield","/Cleansing+Greatshield","The steel greatshield used by Knight Artorias, who succumbed to the Abyss. Artorias, deeply scarred by the Abyss, used this to form a barrier to protect his compatriot Sif. Although this drained the shield, its magic defense remains high.","ok_blockquote"
"495","Eagle Shield","SHIELDS","Greatshields","https://darksouls.wiki.fextralife.com/Eagle+Shield","/Eagle+Shield","""Greatshield with an eagle design. Lightest and easiest greatshield to handle."" ""Greatshields are very stable, and deflect attacks. But one cannot parry, and instead bashes with the shield.""","ok_blockquote"
"496","Giant Shield","SHIELDS","Greatshields","https://darksouls.wiki.fextralife.com/Giant+Shield","/Giant+Shield","Greatshield made of bronze and marcasite. Used by the giant sentinels of Anor Londo. Marcasite, or white iron, is effective against non-physical damage, but as the shield is designed for the giant sentineles, its weight is unbearable.""","ok_blockquote"
"497","Greatshield of Artorias","SHIELDS","Greatshields","https://darksouls.wiki.fextralife.com/Greatshield+of+Artorias","/Greatshield+of+Artorias","Shield born from the soul of the great grey wolf Sif, guardian of the grave of the Abysswalker Knight Artorias. Boasts consistent defense and divine protection against various status effects.","ok_blockquote"
"498","Havel's Greatshield","SHIELDS","Greatshields","https://darksouls.wiki.fextralife.com/Havel%27s+Greatshield","/Havel%27s+Greatshield","""Greatshield of the legendary Havel the Rock. Cut straight from a great slab of stone."" ""This greatshield is imbued with the magic of Havel, proves a strong defense, and is incredibly heavy. A true divine heirloom on par with the Dragon tooth.""","ok_blockquote"
"499","Stone Greatshield","SHIELDS","Greatshields","https://darksouls.wiki.fextralife.com/Stone+Greatshield","/Stone+Greatshield","Mossy round greatshield used by the guardian of the Darkroot garden, the Stone Knight."" ""The Stone Knight is a creation of ancient magic, and this shield is imbued with the same power, but is also extremely heavy.""","ok_blockquote"
"500","Tower Shield","SHIELDS","Greatshields","https://darksouls.wiki.fextralife.com/Tower+Shield","/Tower+Shield","""Metal Greatshield. Used by the Knight Berenike, known for his heavy armour. This plate of iron is heavily defensive but ultra heavy. Greatshields are very stable, and deflect attacks. However, one cannot parry, and instead bashes with the shield.""","ok_p_tag"
"501","Buckler","SHIELDS","Small Shields","https://darksouls.wiki.fextralife.com/Buckler","/Buckler","""Very small round metal shield. Parry attacks with large center protrusion. Small shields are always less stable, but landing critical hits after parry is easier. This shield is specialized for parrying.""","ok_blockquote"
"502","Caduceus Round Shield","SHIELDS","Small Shields","https://darksouls.wiki.fextralife.com/Caduceus+Round+Shield","/Caduceus+Round+Shield","Round wooden shield crafted in Lordran. Decorated by an ancient blue Caduceus. The giant trees in Lordran are distant offspring of the great stone archtrees. This shield inherits their properites, and the wood greatly reduces magic damage.""","ok_blockquote"
"503","Cracked Round Shield","SHIELDS","Small Shields","https://darksouls.wiki.fextralife.com/Cracked+Round+Shield","/Cracked+Round+Shield","Round wooden shield. Cracked and nearly broken. Wood shields are lighter than metal shields, but this one has lower physical damage reduction stability, partly due to cracking.""","ok_blockquote"
"504","Crystal Ring Shield","SHIELDS","Small Shields","https://darksouls.wiki.fextralife.com/Crystal+Ring+Shield","/Crystal+Ring+Shield","Weapon born from the mystical creature of the Darkroot Garden, the Moonlight Butterfly. Imbued with a powerful crystal power, like the butterfly created by Seath the Scaleless. Can emit crystal light rings","ok_blockquote"
"505","Effigy Shield","SHIELDS","Small Shields","https://darksouls.wiki.fextralife.com/Effigy+Shield","/Effigy+Shield","""Frightful occult shield. Defends against divine weapons and lightning. In an ill-fated plot to destroy the very gods, the followers of the occult once attempted to steal the power of Gravelord Nito, the first of the dead.""","ok_blockquote"
"506","Leather Shield","SHIELDS","Small Shields","https://darksouls.wiki.fextralife.com/Leather+Shield","/Leather+Shield","""Round leather-covered shield. A standard, widely-used shield. Small shields are always less stable, but landing critical hits after parry is easier.""","ok_blockquote"
"507","Plank Shield","SHIELDS","Small Shields","https://darksouls.wiki.fextralife.com/Plank+Shield","/Plank+Shield","""Makeshift shield built from wood planks. Provides minimal protection, but at a cost of moderate humiliation.""","ok_blockquote"
"508","Red & White Round Shield","SHIELDS","Small Shields","https://darksouls.wiki.fextralife.com/Red+%26+White+Round+Shield","/Red+%26+White+Round+Shield","""Round wooden shield crafted in Lordran featuring an impressive red and white design. The giant trees in Lordran are distant offspring of the great stone archtrees. This shield inherits their properties, and the wood greatly reduces magic damage.""","ok_blockquote"
"509","Small Leather Shield","SHIELDS","Small Shields","https://darksouls.wiki.fextralife.com/Small+Leather+Shield","/Small+Leather+Shield","Small, leather-covered round shield, reinforced in critical spots with metal.Small shields are always less stable, but landing critical hits after parry is easier.""","ok_blockquote"
"510","Target Shield","SHIELDS","Small Shields","https://darksouls.wiki.fextralife.com/Target+Shield","/Target+Shield","Small round metal shield. Four protrusions used to parry attacks. Small shields are always less stable, but landing critical hits after parry is easier. This shield is specialized for parrying.","ok_blockquote"
"511","Warrior's Round Shield","SHIELDS","Small Shields","https://darksouls.wiki.fextralife.com/Warrior%27s+Round+Shield","/Warrior%27s+Round+Shield","""Round wooden shield crafted in Lordran. Decorated with the ancient Labrys axe. The giant trees in Lordran are distant offspring of the great stone archtrees. This shield inherits their properties, and the wood reduces magic damage.""","ok_blockquote"
"512","Balder Shield","SHIELDS","Standard Shields","https://darksouls.wiki.fextralife.com/Balder+Shield","/Balder+Shield","""Shield of the knights of the ancient kingdom of Balder. Tweaked for improved stability. Balder was the home of Knight King Rendal, but the kingdom was reduced to ruins after a widespread outbreak of Undead""","ok_blockquote"
"513","Black Knight Shield","SHIELDS","Standard Shields","https://darksouls.wiki.fextralife.com/Black+Knight+Shield","/Black+Knight+Shield","Shield of the Black Knights that wander Lordran. A flowing canal is chiseled deeply into its face. Long ago, the black knights faced the chaos demons, and were charred black, but their shields became highly resistant to fire.","ok_blockquote"
"514","Bloodshield","SHIELDS","Standard Shields","https://darksouls.wiki.fextralife.com/Bloodshield","/Bloodshield","""The bloodshield spoken of in the lost legends. The red blood is slightly enchanted, and boost various resistances.""","ok_blockquote"
"515","Caduceus Kite Shield","SHIELDS","Standard Shields","https://darksouls.wiki.fextralife.com/Caduceus+Kite+Shield","/Caduceus+Kite+Shield","""Medium metal shield. Decorated by an ancient blue Caduceus. A standard, widely-used shield.""","ok_blockquote"
"516","Crest Shield","SHIELDS","Standard Shields","https://darksouls.wiki.fextralife.com/Crest+Shield","/Crest+Shield","Shield of a nameless knight, likely a high-ranking knight of Astora."" ""One of the enchanted blue shields. The Crest Shield greatly reduces magic damage.""","ok_blockquote"
"517","Crystal Shield","SHIELDS","Standard Shields","https://darksouls.wiki.fextralife.com/Crystal+Shield","/Crystal+Shield","""A fully crystallized straight shield. How such a weapon was created is entirely unknown."" ""The crystallization boosts its defense, but makes the shield brittle. The shield cannot be used for long, as it cannot be repaired.""","ok_blockquote"
"518","Dragon Crest Shield","SHIELDS","Standard Shields","https://darksouls.wiki.fextralife.com/Dragon+Crest+Shield","/Dragon+Crest+Shield","Shield of a nameless knight, likely a high-ranked knight of Astora. One of the enchanted blue shields. The dragon crest shield greatly reduces fire damage.","ok_blockquote"
"519","East-West Shield","SHIELDS","Standard Shields","https://darksouls.wiki.fextralife.com/East-West+Shield","/East-West+Shield","""A wooden kite shaped shield. It is decorated with the ancient symbol of a double-headed eagle, painted yellow."" ""Wooden shields are lighter than metal shields, but with lower physical damage reduction, and reduced shield stability.""","ok_blockquote"
"520","Gargoyle's Shield","SHIELDS","Standard Shields","https://darksouls.wiki.fextralife.com/Gargoyle%27s+Shield","/Gargoyle%27s+Shield","""Bronze shield of the gargoyle guarding the Bell of Awakening in the Undead Church."" ""The gargoyle's skin is tough by itself, and perhaps its shield may have been a prop, for it is a rare example of a metal shield that does not reduce physical damage 100%.""","ok_blockquote"
"521","Grass Crest Shield","SHIELDS","Standard Shields","https://darksouls.wiki.fextralife.com/Grass+Crest+Shield","/Grass+Crest+Shield","""Old medium metal shield of unknown origin. The grass crest is lightly imbued with magic, which slightly speeds stamina recovery.""","ok_blockquote"
"522","Heater Shield","SHIELDS","Standard Shields","https://darksouls.wiki.fextralife.com/Heater+Shield","/Heater+Shield","""Small metal shield. A standard, widely-used shield."" ""This shield is easy to use, and is one of the smallest shields that offers 100% physical damage reduction.""","ok_blockquote"
"523","Hollow Soldier Shield","SHIELDS","Standard Shields","https://darksouls.wiki.fextralife.com/Hollow+Soldier+Shield","/Hollow+Soldier+Shield","""Metal shield wielded by Hollow soldiers. Heavily rusted but sturdy, providing a strong defense""","ok_blockquote"
"524","Iron Round Shield","SHIELDS","Standard Shields","https://darksouls.wiki.fextralife.com/Iron+Round+Shield","/Iron+Round+Shield","""Thick iron shield of Shiva of the East. Heaviest of the standard shields. Deflects enemy attacks. A famous specimen from Shiva's collection, but none who have faced it have lived to tell the tale.""","ok_blockquote"
"525","Knight Shield","SHIELDS","Standard Shields","https://darksouls.wiki.fextralife.com/Knight+Shield","/Knight+Shield","""This medium metal shield is elegantly carved and painted."" ""Although it is thought to have been used by ancient knights of nobility, its defense and capabilities are similar to other shields.""","ok_blockquote"
"526","Large Leather Shield","SHIELDS","Standard Shields","https://darksouls.wiki.fextralife.com/Large+Leather+Shield","/Large+Leather+Shield","""Large, leather-covered round shield. Choice shield for hunters."" ""Wood shields are lighter than metal shields, but with lower physical damage reductions, and reduced shield stability.""","ok_blockquote"
"527","Pierce Shield","SHIELDS","Standard Shields","https://darksouls.wiki.fextralife.com/Pierce+Shield","/Pierce+Shield","""Shield of certain knights of Catarina, used in attacks with a large protrusion in the center."" ""Can be used as a thrust weapon.""","ok_blockquote"
"528","Sanctus","SHIELDS","Standard Shields","https://darksouls.wiki.fextralife.com/Sanctus","/Sanctus","""A legendary weapon of the Way of the White, granted to an Undead paladin long ago"" ""Once blessed with the protection of a white flame, but its power has all but faded, so that it provides only slight HP recovery.""","ok_blockquote"
"529","Silver Knight Shield","SHIELDS","Standard Shields","https://darksouls.wiki.fextralife.com/Silver+Knight+Shield","/Silver+Knight+Shield","""Shield of the Silver Knights of Anor Londo. A flowing canal is carved deep into its face. The Silver Knights stayed behind in Anor Londo to defend the illusory goddess, and their shields are blessed with her divine protection.""","ok_blockquote"
"530","Spider Shield","SHIELDS","Standard Shields","https://darksouls.wiki.fextralife.com/Spider+Shield","/Spider+Shield","""Shield of the savage mountain bandits. Uniquely-shaped with a large black spider etched upon it."" ""Has resistance to poison.""","ok_blockquote"
"531","Spiked Shield","SHIELDS","Standard Shields","https://darksouls.wiki.fextralife.com/Spiked+Shield","/Spiked+Shield","""Shield of the infamous Darkwraith Kirk, Knight of Thorns. Covered with spikes."" ""Can be used as a weapon. Sharp spikes cause heavy bleeding.""","ok_blockquote"
"532","Sunlight Shield","SHIELDS","Standard Shields","https://darksouls.wiki.fextralife.com/Sunlight+Shield","/Sunlight+Shield","""Shield of Solaire of Astora, Knight of Sunlight. Decorated with a holy symbol, but Solaire illustrated it himself, and it has no divine powers of its own. As it turns out, Solaire's incredible prowess is a product of his own training, and nothing else.""","ok_blockquote"
"533","Tower Kite Shield","SHIELDS","Standard Shields","https://darksouls.wiki.fextralife.com/Tower+Kite+Shield","/Tower+Kite+Shield","""Medium metal shield. Decorated with a tower, the symbol of protection. A standard, widely-used shield.""","ok_blockquote"
"534","Wooden Shield","SHIELDS","Standard Shields","https://darksouls.wiki.fextralife.com/Wooden+Shield","/Wooden+Shield","""Vertically elongated wooden shield. Decorated with a white dragon. ""Wood shields are lighter than metal shields, but with lower physical damage reduction, and reduced shield stability.""","ok_blockquote"
"535","Battle Axe","WEAPONS","Axes","https://darksouls.wiki.fextralife.com/Battle+Axe","/Battle+Axe","Standard battle axe. Inflicts regular damage, making it effective in various situations."" ""Powerful attack due to its weight, but one wrong swing leaves the wielder wide open, so timing and proximity to the enemy must be judged carefully.""","ok_blockquote"
"536","Butcher Knife","WEAPONS","Axes","https://darksouls.wiki.fextralife.com/Butcher+Knife","/Butcher+Knife","Giant butcher knife wielded by the Undead man-eating cook lurking in the Depths. More of a tool for subduing and preparing live catches than an actual weapon. Those who have faced this deadly blade have a deeper sense of how helpless prey must feel.""","ok_blockquote"
"537","Crescent Axe","WEAPONS","Axes","https://darksouls.wiki.fextralife.com/Crescent+Axe","/Crescent+Axe","Well-used old bronze battle axe with a long hilt and a crescent-shaped blade."" ""One of the blessed weapons of the Way of White. The Crescent Axe is bequeathed to cleric warriors who have proven their faith.""","ok_blockquote"
"538","Gargoyle Tail Axe","WEAPONS","Axes","https://darksouls.wiki.fextralife.com/Gargoyle+Tail+Axe","/Gargoyle+Tail+Axe","Sliced tail of the gargoyle guarding the Bell of Awakening in the Undead Church or patrolling in Anor Londo. Can be used as a bronze battle axe. Bends dramatically during large attacks, owing to its nature as a tail.""","ok_blockquote"
"539","Golem Axe","WEAPONS","Axes","https://darksouls.wiki.fextralife.com/Golem+Axe","/Golem+Axe","An axe born from the soul of the Iron Golem, guardian of Sen's Fortress who repelled countless heroes who sought Anor Londo."" ""Its powerful one-handed attack imitates the Golem's blade of wind, but the heavy iron blade makes it quite unwieldy.""","ok_blockquote"
"540","Hand Axe","WEAPONS","Axes","https://darksouls.wiki.fextralife.com/Hand+Axe","/Hand+Axe","Small hand axe. Appears identical to a lumberjack's tool, but has an ideal weight and strength, and is easy to handle. One wrong swing leaves the wielder wide open, so timing and proximity to the enemy must be judged carefully.""","ok_blockquote"
"541","Black Bow of Pharis","WEAPONS","Bows","https://darksouls.wiki.fextralife.com/Black+Bow+of+Pharis","/Black+Bow+of+Pharis","The preferred black bow of the heroic archer Pharis. Has a longer range than standard bows, but is more difficult to use. Without proper abilities, results will be underwhelming.""","ok_blockquote"
"542","Composite Bow","WEAPONS","Bows","https://darksouls.wiki.fextralife.com/Composite+Bow","/Composite+Bow","Composite bow emphasizing power. Requires more strength than standard bows. However, its range is shorter, making it unfit for sniping.","ok_blockquote"
"543","Darkmoon Bow","WEAPONS","Bows","https://darksouls.wiki.fextralife.com/Darkmoon+Bow","/Darkmoon+Bow","Bow born from the soul of the Dark Sun Gwyndolin, Darkmoon deity who watches over the abandoned city of the Gods, Anor Londo. This golden bow is imbued with powerful magic and is most impressive with Moonlight Arrows.""","ok_blockquote"
"544","Longbow","WEAPONS","Bows","https://darksouls.wiki.fextralife.com/Longbow","/Longbow","Large bow. Projectile weapon for experienced hunters.","ok_blockquote"
"545","Short Bow","WEAPONS","Bows","https://darksouls.wiki.fextralife.com/Short+Bow","/Short+Bow","Small bow. Standard projectile weapon."" Equip arrows to use. Hold bow and press L1 or LB to aim. Aim. for heads of humanoid foes. Press L2/R2 or LT/R/T to change type of arrows.","ok_blockquote"
"546","Beatrice's Catalyst","WEAPONS","Catalysts","https://darksouls.wiki.fextralife.com/Beatrice's+Catalyst","/Beatrice's+Catalyst","Catalyst belonging to Beatrice, the rogue witch. Contrasts with Vinheim catalysts. This ancient catalyst shows signs of being used for age-old sorceries. It has passed the hands of many generations to get here.""","ok_blockquote"
"547","Demon's Catalyst","WEAPONS","Catalysts","https://darksouls.wiki.fextralife.com/Demon's+Catalyst","/Demon's+Catalyst","Demon catalyst formed from Izalith molten rock. Can be used as fire weapon. The Demon Firesage was the first demon, and the last master of the original fire arts, before the Witch of Izalith was engulfed by Chaos, creating pyromancy.""","ok_blockquote"
"548","Izalith Catalyst","WEAPONS","Catalysts","https://darksouls.wiki.fextralife.com/Izalith+Catalyst","/Izalith+Catalyst","Catalyst of the Witch of Izalith of long ago, when her daughters were still flame witches, before they were engulfed by the Chaos Flame. Before the birth of pyromancy, their wands were mediums for sorcery, but knowledge of this flame sorcery has long since vanished.""","ok_blockquote"
"549","Logan's Catalyst","WEAPONS","Catalysts","https://darksouls.wiki.fextralife.com/Logan's+Catalyst","/Logan's+Catalyst","Catalyst of Big Hat Logan, the great sorcerer and seeker of knowledge. Originally the same catalyst employed by the Vinheim sorcerers, only terribly strengthened over time due to Logan's use. Very powerful when used by one of superior intelligence.""","ok_blockquote"
"550","Manus Catalyst","WEAPONS","Catalysts","https://darksouls.wiki.fextralife.com/Manus+Catalyst","/Manus+Catalyst","A sorcery catalyst born from the soul of Manus, Father of the Abyss. A rough, old wooden catalyst large enough to be used as a strike weapon. Similar to the Tin Crystallization Catalyst, it boosts the strength of sorceries, but limits the number of castings. ""","ok_blockquote"
"551","Oolacile Catalyst","WEAPONS","Catalysts","https://darksouls.wiki.fextralife.com/Oolacile+Catalyst","/Oolacile+Catalyst","Sorcery catalyst of the lost land of Oolacile. Formed by enchanted whitebark branches. Boosts sorcery adjustment, but lost land sorceries are not offensive, and attacks are not affected by intelligence.""","ok_blockquote"
"552","Oolacile Ivory Catalyst","WEAPONS","Catalysts","https://darksouls.wiki.fextralife.com/Oolacile+Ivory+Catalyst","/Oolacile+Ivory+Catalyst","Sorcery catalyst of lost land of Oolacile. Formed by enchanted whitebark branches. The whitebark boosts sorcery adjustment, but the sorceries of this lost land are gentle and not affected by intelligence.""","ok_blockquote"
"553","Sorcerer's Catalyst","WEAPONS","Catalysts","https://darksouls.wiki.fextralife.com/Sorcerer's+Catalyst","/Sorcerer's+Catalyst","Sorcery catalyst used by sorcerers of Vinheim Dragon School. Equip catalyst to use sorceries. Attune sorceries from a scroll at a bonfire. Most sorceries have a limited number of uses.""","ok_blockquote"
"554","Tin Banishment Catalyst","WEAPONS","Catalysts","https://darksouls.wiki.fextralife.com/Tin+Banishment+Catalyst","/Tin+Banishment+Catalyst","Catalyst of the banishment sorcerers who flooded New Londo to seal off away the Darkwraiths and the Kings who fell to Dark. In contrast to other catalysts, the metal catalyst qualifies as a weapon, as it inflicts physical damage, however small.""","ok_blockquote"
"555","Tin Crystallization Catalyst","WEAPONS","Catalysts","https://darksouls.wiki.fextralife.com/Tin+Crystallization+Catalyst","/Tin+Crystallization+Catalyst","Catalyst imbued in terrifying crystal magic. Used by Logan after his fixation on Seath. Makes all sorceries incredibly powerful, but demands extremely high intelligence from its wielder, and halves sorcery usages. ""","ok_blockquote"
"556","Tin Darkmoon Catalyst","WEAPONS","Catalysts","https://darksouls.wiki.fextralife.com/Tin+Darkmoon+Catalyst","/Tin+Darkmoon+Catalyst","Catalyst born from the soul of the Dark Sun Gwyndolin, Darkmoon deity who watches over the abandoned city of the Gods, Anor Londo. Gwyndolin is Gwyn's lastborn and a legitimate god, but he is also a Moon sorcerer, and this wand is boosted by faith, not intelligence.""","ok_blockquote"
"557","Avelyn","WEAPONS","Crossbows","https://darksouls.wiki.fextralife.com/Avelyn","/Avelyn","Repeating crossbow cherished by the weapon craftsman Eidas. Its elaborate design makes it closer to a work of art than a weapon. Intricate mechanism makes heavy damage possible through triple-shot firing of bolts. but in fact each bolt inflicts less damage.""","ok_blockquote"
"558","Heavy Crossbow","WEAPONS","Crossbows","https://darksouls.wiki.fextralife.com/Heavy+Crossbow","/Heavy+Crossbow","Powerful large crossbow. While bows require both hands, a crossbow is held in one, but arming each bolt takes time.""","ok_blockquote"
"559","Light Crossbow","WEAPONS","Crossbows","https://darksouls.wiki.fextralife.com/Light+Crossbow","/Light+Crossbow","Standard crossbow issued to soldiers. While bows require both hands, a crossbow is held in one, but arming each bolt takes time. ""","ok_blockquote"
"560","Sniper Crossbow","WEAPONS","Crossbows","https://darksouls.wiki.fextralife.com/Sniper+Crossbow","/Sniper+Crossbow","Large crossbow with long distance used by Carim snipers. Often used with sniper bolts. But while crossbows are normally easy to use, the Sniper Crossbow requires dexterity.""","ok_blockquote"
"561","Gravelord Sword","WEAPONS","Curved Greatswords","https://darksouls.wiki.fextralife.com/Gravelord+Sword","/Gravelord+Sword","Sword wielded only by servants of Gravelord Nito, the first of the dead. Crafted from the bones of the fallen.""""The miasma of death exudes from the sword, a veritable toxin to any living being.""","ok_blockquote"
"562","Murakumo","WEAPONS","Curved Greatswords","https://darksouls.wiki.fextralife.com/Murakumo","/Murakumo","Giant curved sword forged using special methods in an Eastern Land. This unparalleled weapon cuts like a Katana but is heavier than a Nata machete. Requires extreme strength, dexterity, and stamina to wield.""","ok_blockquote"
"563","Server","WEAPONS","Curved Greatswords","https://darksouls.wiki.fextralife.com/Server","/Server","A curved greatsword used in a mysterious ancient rite. Imbued with a frightful occult energy which restores HP with each hit.""","ok_blockquote"
"564","Falchion","WEAPONS","Curved Swords","https://darksouls.wiki.fextralife.com/Falchion","/Falchion","Small, curved sword. Each hit inflicts little damage, but fluid chain attacks are deadly.The falchion's sharp slashing attacks are effective against cloth and flesh, but not against metal armor or tough scales.""","ok_blockquote"
"565","Gold Tracer","WEAPONS","Curved Swords","https://darksouls.wiki.fextralife.com/Gold+Tracer","/Gold+Tracer","Curved sword used by the Lord's Blade Ciaran, one of Gwyn's Four Knights. Ciaran brandishes her sword in a mesmerizing dance, etching the darkness with dire streaks of gold.""","ok_blockquote"
"566","Jagged Ghost Blade","WEAPONS","Curved Swords","https://darksouls.wiki.fextralife.com/Jagged+Ghost+Blade","/Jagged+Ghost+Blade","Jagged blade wielded by New Londo ghosts. Violent thrust attack."" ""One of the cursed weapons. Inflicts damage to ghosts.""","ok_blockquote"
"567","Painting Guardian Sword","WEAPONS","Curved Swords","https://darksouls.wiki.fextralife.com/Painting+Guardian+Sword","/Painting+Guardian+Sword","Curved sword of Anor Londo painting guards. Unique shape with flat tip.""""The guardians, who strike down those who dare threaten the paintings, attack in a continuous, circular dancing motion, a technique passed down through generations.""","ok_blockquote"
"568","Quelaag's Furysword","WEAPONS","Curved Swords","https://darksouls.wiki.fextralife.com/Quelaag%27s+Furysword","/Quelaag%27s+Furysword","A curved sword born from the soul of Quelaag, daughter of the Witch of Izalith, who was transformed into a chaos demon. Like Quelaag's body, the sword features shells, spikes, humanity and a coating of chaos fire. Power affected by wielder's humanity.""","ok_blockquote"
"569","Scimitar","WEAPONS","Curved Swords","https://darksouls.wiki.fextralife.com/Scimitar","/Scimitar","Small, curved sword. Each hit inflicts little damage, but fluid chain attacks are deadly."" ""The scimitar's sharp slashing attacks are effective against cloth and flesh, but not against metal armor or tough scales.""","ok_blockquote"
"570","Shotel","WEAPONS","Curved Swords","https://darksouls.wiki.fextralife.com/Shotel","/Shotel","Curved sword with sharply curved blade.""""Created by Arstor, Earl of Carim. Requires great skill to wield, but evades shield defense to sneak in damage.""","ok_blockquote"
"571","Bandit's Knife","WEAPONS","Daggers","https://darksouls.wiki.fextralife.com/Bandit%27s+Knife","/Bandit%27s+Knife","""This wide single-edged shortsword is the favorite of lowly thieves and bandits.""""Primarily a slicing weapon, but highly effective when used for critical hits, such as after parrying or from behind.""","ok_blockquote"
"572","Dagger","WEAPONS","Daggers","https://darksouls.wiki.fextralife.com/Dagger","/Dagger","This standard small dagger has only a modest attack but can be jabbed in rapid succession, and is effective in critical hits such as after a parry or when stabbing in the back."" ""With both slash and thrust attacks this dagger is useful in various situations.""","ok_blockquote"
"573","Dark Silver Tracer","WEAPONS","Daggers","https://darksouls.wiki.fextralife.com/Dark+Silver+Tracer","/Dark+Silver+Tracer","A dark silver dagger used by the Lord's Blade Ciaran, of Gwyn's Four Knights. The victim is first distracted by dazzling streaks of the Gold Tracer, then stung by the vicious poison of this dagger.""","ok_blockquote"
"574","Ghost Blade","WEAPONS","Daggers","https://darksouls.wiki.fextralife.com/Ghost+Blade","/Ghost+Blade","The ghosts of New Londo clutch this wickedly sharp dagger with their bony hands and make mincemeat of the living."" ""One of the cursed weapons which can inflict damage upon ghosts.""","ok_blockquote"
"575","Parrying Dagger","WEAPONS","Daggers","https://darksouls.wiki.fextralife.com/Parrying+Dagger","/Parrying+Dagger","This dagger is useful after parrying and is normally equipped in the left hand.""""A favorite of the knights of Carim, who are famous for fighting without a shield.""","ok_blockquote"
"576","Priscilla's Dagger","WEAPONS","Daggers","https://darksouls.wiki.fextralife.com/Priscilla%27s+Dagger","/Priscilla%27s+Dagger","""This sword, one of the rare dragon weapons, came from the tail of Priscilla, the Dragon Crossbreed in the painted world of Ariamis.""""Possessing the power of lifehunt, it dances about when wielded, in a fashion reminiscent of the white-robed painting guardians.""","ok_blockquote"
"577","Caestus","WEAPONS","Fist Weapons","https://darksouls.wiki.fextralife.com/Caestus","/Caestus","The weapon augments one's bare hands with thick, studded leather. The Caestus has a short reach, but quick cool down. Amount of damage inflicted is dependent on its wearer's strength.""","ok_blockquote"
"578","Claws","WEAPONS","Fist Weapons","https://darksouls.wiki.fextralife.com/Claws","/Claws","A weapon formed by three sharped claws. Attacks cause bleeding, and the wounds inflicted are not easily mended. Preferred weapon of the spooks of an Eastern land.","ok_blockquote"
"579","Dark Hand","WEAPONS","Fist Weapons","https://darksouls.wiki.fextralife.com/Dark+Hand","/Dark+Hand","The Darkwraiths, incited by Kaathe, use the power of the dark soul to absorb humanity, an art shared by this weapon, which also acts as a special shield. The ancients, particularly, could sap the humanity of even a replete saint in the blink of an eye.""","ok_blockquote"
"580","Dragon Bone Fist","WEAPONS","Fist Weapons","https://darksouls.wiki.fextralife.com/Dragon+Bone+Fist","/Dragon+Bone+Fist","A weapon from the soul of the Iron Golem, guardian of Sen's Fortress who repelled countless heroes who sought Anor Londo."" ""The Gods fused the power of the soul with the great bones of the dragons, forming an appropriate core for the giant golem'""","ok_blockquote"
"581","Pyromancy Flame","WEAPONS","Flames","https://darksouls.wiki.fextralife.com/Pyromancy+Flame","/Pyromancy+Flame","Flame medium used by Great Swamp pyromancers. Pyromancers arouse this flame to produce various fire arts. Equip pyromancer flame to produce pyromancy. Attune pyromancies from a scroll at bonfire. Most pyromancies have limited number of uses."" After upgrading: ""Pyromancy flame drawing upon the latent power of Quelana of Izalith, mother of pyromancy. For the pyromancer, a flame is a precious thing indeed, to be nurtured, often for an entire lifetime. When the flame is shared, it creates an eternal bond between the parties.""","ok_blockquote"
"582","Black Knight Greataxe","WEAPONS","Great Axes","https://darksouls.wiki.fextralife.com/Black+Knight+Greataxe","/Black+Knight+Greataxe","Greataxe of the Black Knights who wander Lordran. Used to face chaos demons."" ""The large motion that puts the weight of the body into the attack reflects the great size of their adversaries long ago.""","ok_blockquote"
"583","Demon's Greataxe","WEAPONS","Great Axes","https://darksouls.wiki.fextralife.com/Demon%27s+Greataxe","/Demon%27s+Greataxe","Carved from the bones of fellow demons. Wielded by the lesser Taurus demons."" ""This axe is imbued with no special power, but can merrily beat foes to a pulp, providing you have the strength to wield it.""","ok_blockquote"
"584","Dragon King Greataxe","WEAPONS","Great Axes","https://darksouls.wiki.fextralife.com/Dragon+King+Greataxe","/Dragon+King+Greataxe","This axe, one of the rare dragon weapons, is formed by the tail of the Gaping Dragon, a distant, deformed descendant of the everlasting dragons."" ""The axe is imbued with a mystical power, to be released when held with both hands.""","ok_blockquote"
"585","Greataxe","WEAPONS","Great Axes","https://darksouls.wiki.fextralife.com/Greataxe","/Greataxe","This greataxe is a veritable mass of iron. Its weight sends foes flying, but makes it difficult to handle without inhuman strength."" ""Any miss makes one very vulnerable, as each swing requires the full force of the body.""","ok_blockquote"
"586","Stone Greataxe","WEAPONS","Great Axes","https://darksouls.wiki.fextralife.com/Stone+Greataxe","/Stone+Greataxe","Greataxe borne by the stone knights who guard the forest Sanctuary. This greataxe, requiring inhuman strength to wield and more fitted to manual labor than battle, is nevertheless completely lethal.""","ok_blockquote"
"587","Demon's Great Hammer","WEAPONS","Great Hammers","https://darksouls.wiki.fextralife.com/Demon%27s+Great+Hammer","/Demon%27s+Great+Hammer","Demon weapon built from the stone archtrees. Used by lesser demons at North Undead Asylum. This hammer is imbued with no special power, but will merrily beat foes to a pulp, provided you have the strength to wield it.""","ok_blockquote"
"588","Dragon Tooth","WEAPONS","Great Hammers","https://darksouls.wiki.fextralife.com/Dragon+Tooth","/Dragon+Tooth","Created from an everlasting dragon tooth. Legendary great hammer of Havel the Rock."" ""The dragon tooth will never break as it is harder than stone, and it grants its wielder resistance to magic and flame.""","ok_blockquote"
"589","Grant","WEAPONS","Great Hammers","https://darksouls.wiki.fextralife.com/Grant","/Grant","A legendary weapon of the Way of White, granted to an Undead paladin long ago. This mass of iron can only be lifted by those with inhuman strength, but it is blessed, and very effective against agents of Dark.""","ok_blockquote"
"590","Great Club","WEAPONS","Great Hammers","https://darksouls.wiki.fextralife.com/Great+Club","/Great+Club","Giant tree branch serves as a wooden club. Smashes enemies from upside the head."" ""The leaping attack is a trademark of clubs, and this giant club is no exception.""","ok_blockquote"
"591","Large Club","WEAPONS","Great Hammers","https://darksouls.wiki.fextralife.com/Large+Club","/Large+Club","Large wooden club."" ""The giant Undead of Blighttown wield these clubs, which became poisonous from the influence of their surroundings.""","ok_blockquote"
"592","Smough's Hammer","WEAPONS","Great Hammers","https://darksouls.wiki.fextralife.com/Smough%27s+Hammer","/Smough%27s+Hammer","Great Hammer from the soul of executioner Smough, who guards the cathedral in the forsaken city of Anor Londo. Smough loved his work, and ground the bones of his victims into his own feed, ruining his hopes of being ranked with the Four Knights.""","ok_blockquote"
"593","Dragonslayer Greatbow","WEAPONS","Greatbows","https://darksouls.wiki.fextralife.com/Dragonslayer+Greatbow","/Dragonslayer+Greatbow","""Bow of the Dragonslayers, led by Hawkeye Gough, one of Gwyn's Four Knights. This bow's unusual size requires that it be anchored to the ground when fired. Only uses specialized great arrows.""","ok_p_tag"
"594","Gough's Greatbow","WEAPONS","Greatbows","https://darksouls.wiki.fextralife.com/Gough%27s+Greatbow","/Gough%27s+Greatbow","Greatbow used by Hawkeye Gough, of Lord Gwyn's Four Knights, for dragon slaying. This bow is larger than even those used by the famed Dragonslayers. Only their leader, Gough, had the strength to handle it.""","ok_blockquote"
"595","Abyss Greatsword","WEAPONS","Greatswords","https://darksouls.wiki.fextralife.com/Abyss+Greatsword","/Abyss+Greatsword","This greatsword belonged to Lord Gwyn's Knight Artorias, who fell to the Abyss. Swallowed by the Dark with its master, this sword is tainted by the Abyss, and now its strength reflects its wielder's humanity.""","ok_blockquote"
"596","Bastard Sword","WEAPONS","Greatswords","https://darksouls.wiki.fextralife.com/Bastard+Sword","/Bastard+Sword","This standard greatsword is normally wielded with two hands due to its great weight."" ""Usually swung in large arcs and effective against multiple foes. Far from ideal when fighting in tight quarters.","ok_blockquote"
"597","Black Knight Sword","WEAPONS","Greatswords","https://darksouls.wiki.fextralife.com/Black+Knight+Sword","/Black+Knight+Sword","""Greatsword of the Black Knights who wander Lordran. Used to face chaos demons.""""The Large motion that puts the weight of the body into the attack reflects the great size of their adversaries long ago.""","ok_blockquote"
"598","Claymore","WEAPONS","Greatswords","https://darksouls.wiki.fextralife.com/Claymore","/Claymore","This larger type of greatsword is normally wielded with two hands due to its weight.""""This highly flexible greatsword can be used to attack in swings or thrusts.""","ok_blockquote"
"599","Crystal Greatsword","WEAPONS","Greatswords","https://darksouls.wiki.fextralife.com/Crystal+Greatsword","/Crystal+Greatsword","A fully crystallized straight sword. How such a weapon was created is entirely unknown."" ""The crystallization boosts its attack, but makes the blade brittle. The sword cannot be used for long, as it cannot be repaired.""","ok_blockquote"
"600","Flamberge","WEAPONS","Greatswords","https://darksouls.wiki.fextralife.com/Flamberge","/Flamberge","This greatsword with an undulating blade is the choice weapon of the slithering serpent men of Sen's Fortress.""""This weapon is designed to flay the skin and causes heavy bleeding.""","ok_blockquote"
"601","Great Lord Greatsword","WEAPONS","Greatswords","https://darksouls.wiki.fextralife.com/Great+Lord+Greatsword","/Great+Lord+Greatsword","""Greatsword born from the soul of Gwyn, Lord of Cinder.""""As bearer of the ultimate soul, Gwyn wielded the bolts of the sun, but before linking the fire, divided that power amongst his children, and set off with only this greatsword as his companion.""","ok_p_tag"
"602","Greatsword of Artorias","WEAPONS","Greatswords","https://darksouls.wiki.fextralife.com/Greatsword+of+Artorias","/Greatsword+of+Artorias","Sword born from the soul of the great grey wolf Sif, guardian of the grave of the Abysswalker Knight Artorias.""""Sir Artorias hunted the Darkwraiths, and his sword strikes harder against dark servants.""","ok_blockquote"
"603","Greatsword of Artorias (Cursed)","WEAPONS","Greatswords","https://darksouls.wiki.fextralife.com/Greatsword+of+Artorias+%28Cursed%29","/Greatsword+of+Artorias+%28Cursed%29","Sword born from the souls of the great grey wolf Sif, guardian of the grave of the Abysswalker Knight Artorias.""""The sword can damage ghosts, as it was cursed when Artorias joined a covenant with the creatures of the Abyss.""","ok_blockquote"
"604","Man-Serpent Greatsword","WEAPONS","Greatswords","https://darksouls.wiki.fextralife.com/Man-Serpent+Greatsword","/Man-Serpent+Greatsword","""This single-bladed blood-stained greatsword is the choice weapon of the slithering serpent men of Sen's Fortress."" ""An ordinary human will have great difficulty swinging this heavy beast effectively.""","ok_blockquote"
"605","Moonlight Greatsword","WEAPONS","Greatswords","https://darksouls.wiki.fextralife.com/Moonlight+Greatsword","/Moonlight+Greatsword","This sword, one of the rare dragon weapons, came from the tail of Seath the Scaleless, the pale white dragon who betrayed his own.""""Seath is the grandfather of sorcery, and this sword is imbued with his magic, which shall be unleashed as a wave of moonlight.""","ok_blockquote"
"606","Obsidian Greatsword","WEAPONS","Greatswords","https://darksouls.wiki.fextralife.com/Obsidian+Greatsword","/Obsidian+Greatsword","This greataxe, one of the rare dragon weapons, is formed by the tail of the one-eyed black dragon Kalameet, the last of the ancient dragons. The mystical power of its obsidian blade will be released when held with both hands.""","ok_blockquote"
"607","Stone Greatsword","WEAPONS","Greatswords","https://darksouls.wiki.fextralife.com/Stone+Greatsword","/Stone+Greatsword","The Stone Knights who guard the Darkroot Garden wield this moss-covered greatsword."" ""The same magic which created the Stone Knights is imbued in the sword. Unleash this power by wielding the sword with two hands.""","ok_blockquote"
"608","Black Knight Halberd","WEAPONS","Halberds","https://darksouls.wiki.fextralife.com/Black+Knight+Halberd","/Black+Knight+Halberd","Halberd of the black knights who wander Lordran. Used to face chaos demons. The large motion that puts the weight of the body into the attack reflects the great sizeof their adversaries long ago.","ok_blockquote"
"609","Gargoyle's Halberd","WEAPONS","Halberds","https://darksouls.wiki.fextralife.com/Gargoyle%27s+Halberd","/Gargoyle%27s+Halberd","Halberd of the gargoyle guarding the Bell of Awakening in the Undead Church."" ""Perfectly standard bronze halberd without any special power.""","ok_blockquote"
"610","Giant's Halberd","WEAPONS","Halberds","https://darksouls.wiki.fextralife.com/Giant%27s+Halberd","/Giant%27s+Halberd","Large halberd made of old brass, used by the giant sentinels of Anor Londo."" ""Brass contains traces of lightning, but as the halberd is designed for the giant sentinels, its weight is unbearable.""","ok_blockquote"
"611","Great Scythe","WEAPONS","Halberds","https://darksouls.wiki.fextralife.com/Great+Scythe","/Great+Scythe","Weapon with a long curved blade. Converted from a wheat-harvesting tool. The magnificent sharp curved blade instills fear in opponents. Perhaps it is their survival instinct at work.""","ok_blockquote"
"612","Halberd","WEAPONS","Halberds","https://darksouls.wiki.fextralife.com/Halberd","/Halberd","Long-hilted weapon mixing spear and axe is difficult to handle, requiring both strength and dexterity. The Halberd has two elementary attacks: Spear-like thrusting and large sweeping swings. However, one false swing and the wielder is left wide open.""","ok_blockquote"
"613","Lifehunt Scythe","WEAPONS","Halberds","https://darksouls.wiki.fextralife.com/Lifehunt+Scythe","/Lifehunt+Scythe","Scythe born from the soul of Priscilla, the stark white crossbreed trapped inside the painted world of Ariamis. Even the Gods feared Priscilla's lifehunt ability, and in the hands of a mortal, its power will turn upon its wielder.""","ok_blockquote"
"614","Lucerne","WEAPONS","Halberds","https://darksouls.wiki.fextralife.com/Lucerne","/Lucerne","Halberd with a large, hard beak-like protrusion. Inflicts thrust damage. Instead of thrusting like a spear, the wielder of the Lucerne aims to club the head with its hard beak.""","ok_blockquote"
"615","Scythe","WEAPONS","Halberds","https://darksouls.wiki.fextralife.com/Scythe","/Scythe","Halberd with a large blade. Scythe adjusted for battle. Designed especially for slicing. However, one false swing leaves one wide open.","ok_blockquote"
"616","Titanite Catch Pole","WEAPONS","Halberds","https://darksouls.wiki.fextralife.com/Titanite+Catch+Pole","/Titanite+Catch+Pole","Weapon of the titanite demon, a faceless stone monster born from titanite slab. One of the enchanted weapons, perhaps from residual power of the titanite slab. Known for its leaping attack which comes smashing down on foes from above.""","ok_blockquote"
"617","Blacksmith Giant Hammer","WEAPONS","Hammers","https://darksouls.wiki.fextralife.com/Blacksmith+Giant+Hammer","/Blacksmith+Giant+Hammer","Wooden hammer of the giant blacksmith in Anor Londo who handles lightning weapons. The giant blacksmith forges with this wooden hammer, as it would be hazardous to handle lightning weapons with metals.","ok_blockquote"
"618","Blacksmith Hammer","WEAPONS","Hammers","https://darksouls.wiki.fextralife.com/Blacksmith+Hammer","/Blacksmith+Hammer","Metal hammer of Andre of Astora, blacksmith at the Old Church. Can be used as a strike weapon, but better left in the hands of its talented owner.""","ok_blockquote"
"619","Club","WEAPONS","Hammers","https://darksouls.wiki.fextralife.com/Club","/Club","A simple wooden club. This simple bladeless strike weapon is effective against most foes, is easily handled, and can break the guard of a shield."" ""However, a single miss makes one wide open, so timing and proximities are crucial.","ok_blockquote"
"620","Hammer of Vamos","WEAPONS","Hammers","https://darksouls.wiki.fextralife.com/Hammer+of+Vamos","/Hammer+of+Vamos","Metal hammer of Vamos, a skeleton blacksmith deep within the Catacombs who rarely speaks. Can be used as a strike weapon, but better left in the hands of its talented owner.","ok_blockquote"
"621","Mace","WEAPONS","Hammers","https://darksouls.wiki.fextralife.com/Mace","/Mace","Iron hammer with a protrusive pommel.This simple bladeless strike weapon is effective against most foes, and can break the guard of a shield. However, one miss leaves one wide open.""","ok_blockquote"
"622","Morning Star","WEAPONS","Hammers","https://darksouls.wiki.fextralife.com/Morning+Star","/Morning+Star","Hammer with a sharp spike on its pommel. One of the more barbaric cleric weapons. Uniquely, this hammer inflicts thrust damage, and causes bleeding.""","ok_blockquote"
"623","Pickaxe","WEAPONS","Hammers","https://darksouls.wiki.fextralife.com/Pickaxe","/Pickaxe","Traditionally a mining tool, but the hard cone on the pommel is effective in battle."" ""A downward swing of the Pickaxe can crush stone; a human head would be an afterthought""","ok_blockquote"
"624","Reinforced Club","WEAPONS","Hammers","https://darksouls.wiki.fextralife.com/Reinforced+Club","/Reinforced+Club","A club with leather nailed to the pommel. The burg Undead merchant proudly peddles this club, but its reinforcement is shoddy. Indeed, its attack is stronger, but the club is no longer dependably sturdy.""","ok_blockquote"
"625","Warpick","WEAPONS","Hammers","https://darksouls.wiki.fextralife.com/Warpick","/Warpick","Hammer with a large beak-shaped pommel. Originally a pickaxe; redesigned for battle."" ""This simple but deadly weapon hits heavily with thrust damage, such that it easily cracks metal armor.""","ok_blockquote"
"626","Chaos Blade","WEAPONS","Katanas","https://darksouls.wiki.fextralife.com/Chaos+Blade","/Chaos+Blade","A curved sword born from the soul of Quelaag, daughter of the Witch of Izalith, who was transformed into a chaos demon. This blade inherits only the chaotic nature of Quelaag, and has a unique speckled design. Blade wielder erodes along with opponents.""","ok_blockquote"
"627","Iaito","WEAPONS","Katanas","https://darksouls.wiki.fextralife.com/Iaito","/Iaito","Katana forged in an Eastern land. The Katana is drawn from the scabbard at lightning speed, using an Iaijutsu technique. Iaijutsu allows the wielder to charge forward to swiftly cut down distant foes.""","ok_blockquote"
"628","Uchigatana","WEAPONS","Katanas","https://darksouls.wiki.fextralife.com/Uchigatana","/Uchigatana","Katana forged in an Eastern land. Known for its brisk slashing motions."" ""The Uchigatana cuts beautifully and causes bleeding, but its blade is easily nicked.""","ok_blockquote"
"629","Washing Pole","WEAPONS","Katanas","https://darksouls.wiki.fextralife.com/Washing+Pole","/Washing+Pole","Katana forged in an Eastern land. Very unusual specimen with a long blade. Has a different move set than the Uchigatana. The blade is extremely long, but as a result, quite easily broken.""","ok_blockquote"
"630","Estoc","WEAPONS","Piercing Swords","https://darksouls.wiki.fextralife.com/Estoc","/Estoc","The largest of the thrusting swords. Can pierce an armored knight in one thrust.""""The blade is also sharp, allowing slicing as well.""","ok_blockquote"
"631","Mail Breaker","WEAPONS","Piercing Swords","https://darksouls.wiki.fextralife.com/Mail+Breaker","/Mail+Breaker","Standard small thrusting sword. Unsharpened but pointed solid shaft can pierce tough armour"" ""Can be thrust using the weight of one's body, and is very effective for critical attacks.""","ok_blockquote"
"632","Rapier","WEAPONS","Piercing Swords","https://darksouls.wiki.fextralife.com/Rapier","/Rapier","Standard thrusting sword. Regular one-handed attack can be delivered with shield held up. Can parry with use of left hand. Thrusting attacks pierce and are effective against foes with hard exteriors, but the wielder is left open to damage after a swing.""","ok_blockquote"
"633","Ricard's Rapier","WEAPONS","Piercing Swords","https://darksouls.wiki.fextralife.com/Ricard%27s+Rapier","/Ricard%27s+Rapier","A rapier with intricate decorations. Chosen weapon of the famous Undead Prince Ricard. Ricard's exploits are told in a monomyth.""""He was born into royalty, but wandered the lands in a fateful ill-conceived journey. He became Undead and disappeared up North.""","ok_blockquote"
"634","Velka's Rapier","WEAPONS","Piercing Swords","https://darksouls.wiki.fextralife.com/Velka%27s+Rapier","/Velka%27s+Rapier","A symbolic, powerful thrusting sword used by the Pardoner serving Velka, Goddess of Sin."" ""It is no mere symbol to be sure; the Pardoner is an inhuman swordsman, and wields this enchanted blade with special sword technique.""","ok_blockquote"
"635","Channeler's Trident","WEAPONS","Spears","https://darksouls.wiki.fextralife.com/Channeler%27s+Trident","/Channeler%27s+Trident","Trident of the Six-eyed Channelers, sorcerers who serve Seath the Scaleless in collecting human specimens. Thrusted in circular motions in a unique martial arts dance that stirs nearby allies into a bloodthirsty frenzy.","ok_blockquote"
"636","Demon's Spear","WEAPONS","Spears","https://darksouls.wiki.fextralife.com/Demon%27s+Spear","/Demon%27s+Spear","Carved from the bones of fellow demons. Wielded by the slim lesser Batwing demons. The weapon of these chaos demons wandering Anor Londo are different from those of other chaos demons, and are imbued with lightning.""","ok_blockquote"
"637","Dragonslayer Spear","WEAPONS","Spears","https://darksouls.wiki.fextralife.com/Dragonslayer+Spear","/Dragonslayer+Spear","Cross spear born from the soul of Ornstein, a Dragonslayer guarding Anor Londo cathedral.Inflicts lightning damage; effective against dragons.Two-handed thrust relies on cross and buries deep within a dragon's hide, and sends human foes flying.""","ok_blockquote"
"638","Four-pronged Plow","WEAPONS","Spears","https://darksouls.wiki.fextralife.com/Four-pronged+Plow","/Four-pronged+Plow","Four-pronged Plow wielded by the wooden scarecrows, serfs of the forest Sanctuary. The scarecrow serfs would not normally use these four-pronged plows as weapons, but their sharpness makes them very deadly.""","ok_blockquote"
"639","Moonlight Butterfly Horn","WEAPONS","Spears","https://darksouls.wiki.fextralife.com/Moonlight+Butterfly+Horn","/Moonlight+Butterfly+Horn","Weapon born from the mystical creature of the Darkroot Garden, the Moonlight Butterfly. The horns of the butterfly, a being created by Seath, are imbued with a pure magic power.""","ok_blockquote"
"640","Partizan","WEAPONS","Spears","https://darksouls.wiki.fextralife.com/Partizan","/Partizan","Spear with blade attached to a broad point. Boasts long reach, can slice."" ""The wide range of this spear makes it adaptable to many situations. Its strength lies in its length, but in cramped quarters, this backfires, and slices ricochet off walls.""","ok_blockquote"
"641","Pike","WEAPONS","Spears","https://darksouls.wiki.fextralife.com/Pike","/Pike","Long spear with a very long red hilt. Traditionally used by groups of soldiers. Specially designed for distance thrusting. Has the longest range of the non-projectile weapons, but its very length makes it somewhat difficult to handle.""","ok_blockquote"
"642","Silver Knight Spear","WEAPONS","Spears","https://darksouls.wiki.fextralife.com/Silver+Knight+Spear","/Silver+Knight+Spear","The silver knights of Anor Londo guard the city using this beautifully slender weapon. The spear can be wielded by both hands in a focused thrust that uses one's body weight, or swung in a large sweeping motion.""","ok_blockquote"
"643","Spear","WEAPONS","Spears","https://darksouls.wiki.fextralife.com/Spear","/Spear","Standard spear used commonly by soldiers. Long reach, and can be used with shield up. Effective against hard exteriors, and hits for high damage at the right moment of an enemy's swing. But the hit radius is small, and it is easily blocked by shields.""","ok_blockquote"
"644","Winged Spear","WEAPONS","Spears","https://darksouls.wiki.fextralife.com/Winged+Spear","/Winged+Spear","A long-hilted spear with a barbed point. Long reach, and can be used with shield up. Effective against hard exteriors, and hits for high damage at the right moment of an enemy's swing. But the hit radius is small, and it is easily blocked by shields.""","ok_blockquote"
"645","Astora's Straight Sword","WEAPONS","Straight Swords","https://darksouls.wiki.fextralife.com/Astora%27s+Straight+Sword","/Astora%27s+Straight+Sword","Straight sword of an unknown knight, likely one of Astora's superiors.""""High-quality weapon with a powerful blessing.""","ok_blockquote"
"646","Balder Side Sword","WEAPONS","Straight Swords","https://darksouls.wiki.fextralife.com/Balder+Side+Sword","/Balder+Side+Sword","The knights of the ancient kingdom of Balder wielded these rock-solid, long swords which are excellent for thrust attacks."" ""Balder was the home of Knight King Rendal, but the kingdom was reduced to ruins after a widespread outbreak of Undead.""","ok_blockquote"
"647","Barbed Straight Sword","WEAPONS","Straight Swords","https://darksouls.wiki.fextralife.com/Barbed+Straight+Sword","/Barbed+Straight+Sword","""The choice weapon of the infamous Darkwraith Kirk, also known as the Knight of Thorns for the gnarly spikes on his favorite weapon.""""This frightful sword deals only thrust attacks, and causes heavy bleeding.""","ok_blockquote"
"648","Broadsword","WEAPONS","Straight Swords","https://darksouls.wiki.fextralife.com/Broadsword","/Broadsword","The wide blade of this straight sword emphasizes slicing and has no thrust attack.""""The horizontal sweeping motion makes this sword effective against multiple enemies.""","ok_blockquote"
"649","Broken Straight Sword","WEAPONS","Straight Swords","https://darksouls.wiki.fextralife.com/Broken+Straight+Sword","/Broken+Straight+Sword","Half of the blade of this straight sword is broken off.Only the completely Hollowed would even consider using this as a weapon.""","ok_blockquote"
"650","Crystal Straight Sword","WEAPONS","Straight Swords","https://darksouls.wiki.fextralife.com/Crystal+Straight+Sword","/Crystal+Straight+Sword","A fully crystallized straight sword. How such a weapon was created is entirely unknown.""""The crystallization boosts its attack, but makes the blade brittle. The sword cannot be used for long, as it cannot be repaired.""","ok_blockquote"
"651","Darksword","WEAPONS","Straight Swords","https://darksouls.wiki.fextralife.com/Darksword","/Darksword","The sword of the knights of the Four Kings of New Londo. Its blade is wide and thick and it is wielded in an unusual manner.""""When the Four Kings were seduced by evil, their knights became Darkwraiths, servants of the Dark who wielded these darkswords.""","ok_blockquote"
"652","Drake Sword","WEAPONS","Straight Swords","https://darksouls.wiki.fextralife.com/Drake+Sword","/Drake+Sword","This sword, one of the rare dragon weapons, is formed by a drake's tail. Drakes are seen as undeveloped imitators of the dragons, but they are likely their distant kin."" ""The sword is imbued with a mystical power, to be released when held with both hands.""","ok_blockquote"
"653","Longsword","WEAPONS","Straight Swords","https://darksouls.wiki.fextralife.com/Longsword","/Longsword","Widely-used standard straight sword, only matched in ubiquity by the shortsword."" ""An accessible sword which inflicts consistent regular damage and high slash damage, making it applicable to a variety of situations.""","ok_blockquote"
"654","Shortsword","WEAPONS","Straight Swords","https://darksouls.wiki.fextralife.com/Shortsword","/Shortsword","This small straight sword is widely used, to an extent only matched by the longsword."" ""An accessible sword which inflicts consistent regular damage and high slash damage, making it applicable to a variety of situations.""","ok_blockquote"
"655","Silver Knight Straight Sword","WEAPONS","Straight Swords","https://darksouls.wiki.fextralife.com/Silver+Knight+Straight+Sword","/Silver+Knight+Straight+Sword","The silver knights of Anor Londo guard the city using this beautifully slender weapon.""Its chain attacks, in which the wielder takes great advancing steps and makes use of his bodyweight, are deadly even in single hits.""","ok_blockquote"
"656","Straight Sword Hilt","WEAPONS","Straight Swords","https://darksouls.wiki.fextralife.com/Straight+Sword+Hilt","/Straight+Sword+Hilt","The hilt of this lost sword was found discarded in the Undead Asylum.""""Only slightly better than one's bare hands, and not recommended for extensive use. Be certain to find a replacement quickly.""","ok_blockquote"
"657","Sunlight Straight Sword","WEAPONS","Straight Swords","https://darksouls.wiki.fextralife.com/Sunlight+Straight+Sword","/Sunlight+Straight+Sword","This standard longsword, belonging to Solaire of Astora, is of high quality, is well-forged, and has been kept in good repair. Easy to use and dependable, but unlikely to live up to its grandiose name.""","ok_blockquote"
"658","Canvas Talisman","WEAPONS","Talismans","https://darksouls.wiki.fextralife.com/Canvas+Talisman","/Canvas+Talisman","Medium for casting miracles of the Gods. Canvas Talisman is for clerics on a pilgrimage. Equip talisman to cast miracles. Attune miracles from a scroll at a bonfire. Most miracles have limited number of uses.""","ok_blockquote"
"659","Darkmoon Talisman","WEAPONS","Talismans","https://darksouls.wiki.fextralife.com/Darkmoon+Talisman","/Darkmoon+Talisman","Medium for casting miracles of the Gods. Granted to Darkmoon Blade knights, adherents to the Covenant of the Dark Sun Gwyndolin. This talisman demands dutiful faith from its owner, but has very high miracle adjustment"".","ok_blockquote"
"660","Ivory Talisman","WEAPONS","Talismans","https://darksouls.wiki.fextralife.com/Ivory+Talisman","/Ivory+Talisman","Medium for casting miracles of the Gods. Ivory Talismans are granted only to female clerics and their value is affected dramatically by their owner's faith.""","ok_blockquote"
"661","Sunlight Talisman","WEAPONS","Talismans","https://darksouls.wiki.fextralife.com/Sunlight+Talisman","/Sunlight+Talisman","Medium for casting miracles of the Gods. The talisman of Solaire of Astora, the Knight of Sunlight, is decorated with a holy symbol, illustrated by Solaire himself. This talisman is a projection of Solaire's upstanding, unwavering faith.""","ok_blockquote"
"662","Talisman","WEAPONS","Talismans","https://darksouls.wiki.fextralife.com/Talisman","/Talisman","Medium for casting miracles of the Gods. Standard talisman issued to common believers. Equip talisman to cast miracles. Attune miracles from a scroll at a bonfire. Most miracles have limited number of uses.""","ok_blockquote"
"663","Thorolund Talisman","WEAPONS","Talismans","https://darksouls.wiki.fextralife.com/Thorolund+Talisman","/Thorolund+Talisman","Medium for casting miracles of the Gods. This talisman is only granted to high-ranking Thorolund clerics. Has high miracle adjustment which, thanks to divine protection, is not dependent upon faith.","ok_blockquote"
"664","Velka's Talisman","WEAPONS","Talismans","https://darksouls.wiki.fextralife.com/Velka's+Talisman","/Velka's+Talisman","Medium for casting miracles of the Gods. This black tuft of hair that serves as a talisman belongs to Velka, Goddess of Sin. It casts miracles not by drawing upon faith, but intelligence.""","ok_blockquote"
"665","Black Knight Greatsword","WEAPONS","Ultra Greatswords","https://darksouls.wiki.fextralife.com/Black+Knight+Greatsword","/Black+Knight+Greatsword","Greatsword of the black knights who wander Lordran. Used to face chaos demons.""""The large motion that puts the weight of the body into the attack reflects the great size of their adversaries long ago.""","ok_blockquote"
"666","Demon Great Machete","WEAPONS","Ultra Greatswords","https://darksouls.wiki.fextralife.com/Demon+Great+Machete","/Demon+Great+Machete","The lesser Capra demons use these greatswords in pairs. The blade is cast iron and hooked."" ""The sword is imbued with no particular magic, but for those who have the strength, its great weight will smash foes mercilessly.""","ok_blockquote"
"667","Dragon Greatsword","WEAPONS","Ultra Greatswords","https://darksouls.wiki.fextralife.com/Dragon+Greatsword","/Dragon+Greatsword","This sword, one of the rare dragon weapons, came from the tail of the stone dragon of Ash Lake, descendant of the ancient dragons."" ""Its great mystical power will be unleashed when wielded with two hands.""","ok_blockquote"
"668","Greatsword","WEAPONS","Ultra Greatswords","https://darksouls.wiki.fextralife.com/Greatsword","/Greatsword","One of the gigantic straight greatswords. Very few have what it takes to wield this incredibly heavy, damage-dealing monster.""""A favorite of the Knights Berenike, known for their heavy armor, and Black iron Tarkus.""","ok_blockquote"
"669","Zweihander","WEAPONS","Ultra Greatswords","https://darksouls.wiki.fextralife.com/Zweihander","/Zweihander","One of the gigantic straight greatswords. As the name suggests, the Zweihander is held with two hands, but its wielder must still be inhumanly strong."" ""It is this great weight that sends foes flying when hit solidly.""","ok_blockquote"
"670","Guardian Tail","WEAPONS","Whips","https://darksouls.wiki.fextralife.com/Guardian+Tail","/Guardian+Tail","Sliced tail of the Sanctuary Guardian. This flexible, spiked and highly poisonous tail would make a rather obnoxious weapon.","ok_blockquote"
"671","Notched Whip","WEAPONS","Whips","https://darksouls.wiki.fextralife.com/Notched+Whip","/Notched+Whip","Notched Whip with sharp spikes. Only slightly effective against armor and tough scales, but quite formidable against enemies with exposed skin. Also causes heavy bleeding.","ok_blockquote"
"672","Whip","WEAPONS","Whips","https://darksouls.wiki.fextralife.com/Whip","/Whip","Leather whip. Not intended for battle. Virtually ineffective against armor and tough scales, but quite formidable against enemies with exposed skin.""","ok_blockquote"
