"","group_name","subcategory","item","item_description"
"1","Magic","Magic","Soul Arrow","""An elementary sorcery. Fires a small soul arrow straight ahead.To use sorceries, attune a sorcery at a bonfire and equip a staff."""
"2","Magic","Magic","Great Soul Arrow","""A spell superior to the Soul Arrow.More powerful, and effective at damaging enemies resistant to physical attacks. The strength of this spell is influenced by one's intelligence."""
"3","Magic","Magic","Heavy Soul Arrow","""Advanced soul spell.Fires a devastating, thick soul arrow.But beware. The more powerful the soul arrow, the longer the casting time."""
"4","Magic","Magic","Great Heavy Soul Arrow","A spell superior to Heavy Soul Arrow. Fires an even stronger soul arrow. Difficult to handle, but very powerful. Only the well-trained can handle these arrows""."
"5","Magic","Magic","Homing Soul Arrow","""One of the sorceries devised by Straid, the great mage of ancient Olaphis.Fires souls arrows that follow their targets to the ends of the earth."""
"6","Magic","Magic","Heavy Homing Soul Arrow","""One of the sorceries devised by Straid, the great mage of ancient Olaphis. Fires thick, powerful soul arrows that seek their targets to the ends of the earth"""
"7","Magic","Magic","Homing Soul Mass","""Multiple soul masses appear above the head. When fired, they home in on their target. This spell was said to have been devised by a master sorcerer, but his name is long forgotten."""
"8","Magic","Magic","Homing Crystal Soul Mass","""Soulbeads made more lethal with crystallization.When fired, they home in on their target. Crystallization makes souls and sorceries all the more powerful."""
"9","Magic","Magic","Soul Spear","""Sorcery that fires souls shaped into a spear.Pierces enemies, causing heavy damage.This spells was said to have been devised by a master sorcerer, but his name is long forgotten."""
"10","Magic","Magic","Crystal Soul Spear","""Soul spear sharpened through crystallization. Pierces enemies, causing heavy damage. Superior to the most finely sharpened weapons.When wielded precisely, it can take down several enemies at once."""
"11","Magic","Magic","Shockwave","""Does not inflict damage, but unleashes a large shockwave, toppling opponents.Intended to stun opponents and make them vulnerable to attack. Some call this child's play, but for an innovative caster, it is a deadly tool."""
"12","Magic","Magic","Soul Spear Barrage","""Fires a flurry of soul spears. inflicts high damage when multiple spears hit.A reworking of an ancient spell concocted at the Melfian Magic Academy.A simple idea, but potentially highly effective. When used properly, of course."""
"13","Magic","Magic","Soul Shower","""Hurls a huge soul mass which splits into smaller souls that rain from above.Requires real talent and is difficult to handle. Only works in certain places, and against certain foes."""
"14","Magic","Magic","Soul Greatsword","A sorcery that attacks foes using a sword made of souls. Energy is focused in a single point, and wielded as a sword with both hands.Use of this sorcery is not too dissimilar to swordplay, and so inherently endangers the caster. Sotfs: A sorcery that attacks foes using a sword made of souls. The sorcery has been strengthened by concentrating power in the user's hands.Use of this sorcery is not too dissimilar to swordplay, making it popular with the magic warriors of Melfia."
"15","Magic","Magic","Soul Vortex","""One of the lost sorceries preserved only in the Undead Crypt.Fires successive homing souls.Extremely difficult sorcery to evade, making it very effective against frisky foes."""
"16","Magic","Magic","Soul Bolt","""One of the sorceries devised by Straid, the great mage of ancient Olaphis.Fires a blinding, piercing bolt of light.Straid started with an unwieldy spell that back-fired on its caster, and in time, perfected it."""
"17","Magic","Magic","Soul Geyser","A secret art unleashes a gush of souls. The homing soul mass pierces its target, then hits repeatedly for additional damage. This blasphemous spell is a family heirloom of Lord Aldia's. It was designed to pummel foes until its power is entirely exhausted."
"18","Magic","Magic","Magic Weapon","""Sorcery that imbues weapon in other hand with magic. Adds magic damage to the types of damage the weapon already inflicts.Wielding a sword and casting a sorcery are two different things, and some members of the Melfian Magic Academy view these varieties of spells as impure."""
"19","Magic","Magic","Great Magic Weapon","""A sorcery superior to Magic Weapon. Reinforces weapon in other hand with intense magic, allowing for infliction of heavy magic damage.The old purists of the Melfian Magic Academy view swordplay as a barbaric form of engagement."""
"20","Magic","Magic","Crystal Magic Weapon","""Imbues weapon in other hand with crystal magic. More powerful than standard magic reinforcement.The utilization of crystals to enhance soul power is an ancient form of magical reinforcement."""
"21","Magic","Magic","Strong Magic Shield","""Imbues off-hand shield with magic. Reinforce shield to absorb additional damage. Certain members of the Melfian Magic Academy Scoff at these types of magic.The purists, in particular, are disdainful of anything vaguely linked to sword fighting."""
"22","Magic","Magic","Yearn","""Creates a warm soul-like orb that serves as a decoy and lures foes toward itself.People regret loss, and yearn for what they do not have. Perhaps the name of this sorcery harkens to this irony."""
"23","Magic","Magic","Hush","""A sorcery that facilitates surreptitious activity. Reduces the sound made by its caster.The eastern land of Mirrah is not only the home of proud knights. There is also a traditional order of shadow knights, who quietly carry out unspeakable tasks."""
"24","Magic","Magic","Fall Control","""A sorcery that facilitates surreptitious activity. Reduces the damage taken from falls.The eastern land of Mirrah is not only the home of proud knights. There is also a traditional order of shadow knights, who use any means necessary to carry out their orders."""
"25","Magic","Magic","Hidden Weapon","""A sorcery that dates farther back than recollection. Makes weapon in other hand invisible.Effective use of this, like any tool, perhaps, is reliant upon the ingenuity of its caster."""
"26","Magic","Magic","Repair","""A sorcery that dates farther back than recollection.Repairs equipped weapons and armor. Uses light to repair damaged weapons and armor. Supposedly this sorcery restores items to a past state, but with the knowledge of this art lost, the finer details of the phenomenon are unknown."""
"27","Magic","Magic","Cast Light","""A sorcery that dates farther back than recollection. Creates a light that illuminates one's surroundings. Light banishes dark and reveals all. Whether this is desired, is another matter."""
"28","Magic","Magic","Chameleon","""A sorcery that dates farther back than recollection. Allows you to blend into your surroundings. Those who fear the unseen are cowards. Those who never doubt their eyes are fools."""
"29","Magic","Magic","Unleash Magic","""Boosts magic within the body beyond even your own limits, but at great cost to HP.The terrible deeds carried out in Aldia led to the unintentional birth of several shadowy things, all of them eerily malformed."""
"30","Magic","Magic","Focus Souls","An ancient sorcery of Shulva, the Sanctum City. Fires a focused beam of souls. The development of sorceries was stunted in Shulva, as they were considered taboo.Even so, there were some occasional gems created by a group of enthusiasts."
"31","Magic","Magic","Soul Flash","""One of the ancient sorceries that were lost when Eleum Loyce froze over. Rapidly fire a barrage of small souls.Intended to protect its caster more than damage enemies."""
"32","Magic","Magic","Fireball","""A standard spell for pyromancers. Creates a fireball that is hurled at foes. To use pyromancies, equip a pyromancy flame to serve as the catalyst, and assign a pyromancy to an attunement slot.The power of a pyromancy is directly affected by the quality of the catalyst."
"33","Magic","Magic","Fire Orb","""A stronger form of Fireball. Creates a fireball that is hurled at foes. Also inflicts damage to foes near point of contact. The power of pyromancies is influenced by one's pyromancy flame, which can be strengthened through reinforcement."""
"34","Magic","Magic","Great Fireball","""The strongest form of Fireball. Creates a giant fireball that is hurled at foes. The exalted flame, long pined after.Even if it would scorch our very flesh."""
"35","Magic","Magic","Great Chaos Fireball","""The Chaos Flame is said to have devoured the mother of pyromancy.Create a chaos flame, and hurl it at foes.This special flame creates a short-lived surge of molten lava wherever it lands."""
"36","Magic","Magic","Fire Tempest","""An ancient, primal pyromancy. Giant pillars of flame erupt near the caster. The fire tempest incinerates all life.What menace was so great as to make such a fearsome spell necessary?"""
"37","Magic","Magic","Chaos Storm","""The chaos flame is said to have devoured the mother of pyromancy. Create multiple pillars of chaos flame.Those who sought great power were consumed by their own desires. Where are these lost souls now?"""
"38","Magic","Magic","Combustion","""An elementary spell for new pyromancers. Releases a flame in front of the Caster.The simplest pyromancy of all, but surprisingly effective."""
"39","Magic","Magic","Great Combustion","""Superior spell to Combustion. Releases intense flame in front of the caster.A very powerful spell, but so simple that it can be awkward to use."""
"40","Magic","Magic","Fire Whip","""An ancient,primal pyromancy. Sweep foes with a whip-like flame One of the original pyromancies.Effective use of it demands agile footwork, making it a difficult spell for most."""
"41","Magic","Magic","Poison Mist","""A fringe pyromancy of unknown origin. Creates a cloud of poison mist. This spell contradicts the very principles of pyromancy, suggesting that its creator had a heretical streak."""
"42","Magic","Magic","Toxic Mist","""A fringe pyromancy of unknown origin.Creates a powerful cloud of poison mist.The poison gradually erodes the target's body, inflicting damage all the while.Whoever created this spell did not believe his enemies deserved a swift death."""
"43","Magic","Magic","Acid Surge","""A fringe pyromancy of unknown origin.Sprays an equipment eroding acid.Does not directly damage foes, but eats away at their equipment instead. Yet another pyromancy inspired by perniciousness."""
"44","Magic","Magic","Lingering Flame","""One of the pyromancies devised by Straid, the great mage of ancient Olaphis. Release a static fireball that explodes when foes draw near.Straid was an oddly gifted mage, well-versed in both sorceries and pyromancies, but his curious temperament never allowed him to settle down in one place for very long."""
"45","Magic","Magic","Flame Swathe","""One of the pyromancies devised by Straid, the great mage of ancient Olaphis.Great flames envelop and immolate faraway foes.Straid, always immersed in magic, never accepted an apprentice.As a result, much of his extensive knowledge is permanently lost."""
"46","Magic","Magic","Forbidden Sun","""Pyromancy developed in Aldian rites.Fires a giant fireball with a widely encompassing explosion.What could possibly justify such excessive destructive power? In all likelihood, the madmen of Aldia never even questioned the need."""
"47","Magic","Magic","Flame Weapon","Pyromancy that imbues weapon in other hand with fire. Adds fire damage to the types of damage the weapon already inflicts. Pyromancy and sorcery are said to be like oil and water, but in fact their origins can be traced to a common source."
"48","Magic","Magic","Flash Sweat","""A pyromancy that internalizes the power of flame. Sweat profusely, reducing fire damage. Most useful when facing other flame-manipulating pyromancers.Just don't take the looks you get personally."""
"49","Magic","Magic","Iron Flesh","A pyromancy that internalizes the power of flame. Turns the body into iron. Increasing defense and resistance.As one might guess, the rock-solid flesh enabled by this spell dramatically slows movement.Guaranteed to cause trouble if used at an inopportune moment."""
"50","Magic","Magic","Warmth","""One of the lost pyromancies preserved only in the Undead Crypt. Creates a gentle, warm flame that heals those who touch it.Fire can be a show of strength, but it is also a symbol of wisdom and comfort. Fire is what the caster wishes it be."""
"51","Magic","Magic","Immolation","""A pyromancy that creates a coating of flame, allowing the caster to incinerate nearby foes. Needless to say, this is a perilous spell that burns the caster while active. If a person is truly desirous of something, perhaps being set on fire does not seem so bad."""
"52","Magic","Magic","Outcry","A pyromancy of Nadalia, Bride of Ash. Spouts multiple Dark flames.""This child of Dark, bearing inconceivable strength, found herself in a kingless land devoid of souls. And in journeying there, has all but condemned herself to a fate most wretched."""
"53","Magic","Magic","Dance of Fire","Pyromancy created by the magus Eygil, loyal follower of the Old Iron King. Cast flame in a sweeping motion across a targeted area.The fire seems to dance, and makes its victims dance with it."
"54","Magic","Magic","Fire Snake","Pyromancy created by the magus Eygil, loyal follower of the Old Iron King. Creates several pillars of flame in front of the caster.Eygil sought to grant fire a will of its own. This pyromancy was conjured up to behave like a snake, writhing toward its prey, with a mind to strike."
"55","Magic","Magic","Heal","""A healing miracle widely used by clerics.Slightly restores HP. To use miracles, equip a sacred chime and attune a miracle at a bonfire."""
"56","Magic","Magic","Med Heal","""Superior spell to Heal.Restores HP.The strength of miracles are influenced by one's faith.Miracles are tales of the Gods passed down long ago, but only a small number of the original tomes remain in their entirety, and most that exist are restorations."""
"57","Magic","Magic","Great Heal Excerpt","""A highly advanced miracle.An excerpt from the Great Heal tome.Greatly restores HP.Its effect is the same as Great Heal,but has limited uses.The erudite Great Heal tome requiresextensive training to properly interpret,making it accessible to only a select few."""
"58","Magic","Magic","Great Heal","""A glorious miracle only accessible to a smallminority of clerics. Greatly restores HP.Only a select few have learned to recite thisepic romance in its entirety, but those who doare amply rewarded."""
"59","Magic","Magic","Soothing Sunlight","""A special miracle passed down through the ages.Greatly heals HP of self and nearby allies.This miracle, once kept by the Lindelt Monastery, was stolen and never recovered."""
"60","Magic","Magic","Replenishment","""An intermediate miracle.Gradually restores HP.This miracle is used by the resolute Lindelt cleric knights when fighting on the front lines.""Scholar of the First Sin added:""There is a story, passed down through generations, claiming this band of knights once felled a poisonous dragon which menaced an entire nation."""
"61","Magic","Magic","Resplendent Life","""A great miracle used by highly-ranked clerics.Slowly restores a large amount of HP.Cleric Forsalle of Lindelt was a master of miracles who fought battles across the lands. His allies called him a holy knight, but his enemies feared him for his ""demonic powers."""""
"62","Magic","Magic","Bountiful Sunlight","""A special miracle passed down through the ages,Slowly heals a great amount of HP of self and nearby allies.This miracle, once kept by the Lindelt Monastery, was stolen and never recovered."""
"63","Magic","Magic","Caressing Prayer","""An elementary miracle for clerics. Purifies the body, removing all poison. Affects both the caster and nearby allies. This spell was recently developed, and may not be an authentic miracle."""
"64","Magic","Magic","Force","""An elementary miracleReleases a shockwave that staggers foes.Pushes nearby foes back, but leaves them unhurt.Does not directly cause damage, but can be highly effective with a little ingenuity."""
"65","Magic","Magic","Wrath of the Gods","""Miracle that releases local shockwave, staggering nearby foes and causing heavy damage.Little is known about the origins of this miracle, except its shared roots with the Force spell. It makes mention of certain Gods, but alas, their actual names are long forgotten."""
"66","Magic","Magic","Emit Force","""A miracle derived from Force.Emits a forward-moving shockwave.Throughout history, there have been many examples of imitative miracles.When discerning original from imitator is nigh impossible, which is which hardly matters."""
"67","Magic","Magic","Heavenly Thunder","""Emits lightnings in random directions.Scholars bicker over whether this is the original Lightning Spear, or a derivative. One can never gain full control of the power of the Gods, but with a little favor from lady luck, this spell will destroy your foes."""
"68","Magic","Magic","Lightning Spear","""A miracle that launches a spear of lightning.Said to be the legacy of an ancient clan whose leader was revered as the God of Sun.The name of the clan has been lost to time, but the gross incandescence of our magnificent father shall never wane."""
"69","Magic","Magic","Great Lightning Spear","""A miracle that launches a great spear of lightning.Said to be the legacy of an ancient clan whose leader was revered as the God of Sun.The name of the clan has been lost to time, but the gross incandescence of our magnificent father shall never wane."""
"70","Magic","Magic","Sunlight Spear","""A miracle that launches a spear of sunlight.Powered with immense wondrous souls.One of the ancient original miracles, said to have existed from infancy of the very world."""
"71","Magic","Magic","Soul Appease","""One of the lost miracles preserved only in the Undead Crypt. Inflicts heavy damage on mindless Hollows, but has no effect on anything else.The Undead Crypt is a place of rest for the living. Those afflicted by the curse can only pray to one day gain entrance."""
"72","Magic","Magic","Blinding Bolt","A miracle that creates a giant soul mass and transforms it into a lightning-spouting orb of light.Crafted in ancient times by the God of Sun, but later forbidden by the same deity. Was it to protect the world from hatred, or sorrow?"""
"73","Magic","Magic","Magic Barrier","""A miracle encasing the body in a magic barrier.Increases resistance to magic, lightning, fire and dark.This miracle is said to shield its caster with the Rock's armor, and was common amongst the wizard knights of Mirrah."""
"74","Magic","Magic","Homeward","""A miracle that returns the caster to the last bonfire rested at. Traditionally, its destination was the caster's homeland. The curse slowly erodes one's memory, until even one's birthplace is reduced to a figment of a clouded past. But the bonfires are constant, a beacon for the tragically afflicted."""
"75","Magic","Magic","Guidance","""A miracle created to help those who have lost their way. Reveals more messages from other worlds. Countless worlds loosely overlap, and at the seams of contact, kindred souls, who have lost their way, call out to one another with fleeting messages of hope."""
"76","Magic","Magic","Sacred Oath","""An ancient miracle said to have been devised by warriors who once served the God of Sun.Provides a temporary boost to the attack and defense of its caster and all nearby allies."""
"77","Magic","Magic","Unveil","""A miracle that senses traitors.Reveals the location of the nearest enemy, or invading dark spirit.Those who serve the Lindelt Monastery willfully adhere to strict commandments. This miracle was created to castigate those who ignore the righteous teachings."""
"78","Magic","Magic","Perseverance","""Enwreathes its caster with a pure veil.Grants temporary resistance to status effects.Lindelt ascetics are sent to distant lands for proselytizing and self-training, but many of them decide not to return."""
"79","Magic","Magic","Sunlight Blade","""An ancient miracle of the sun.Reinforces weapon in other hand with sunlight, a form of lightning.The sun grants life to all things upon the earth, even if the worshipers of sunlight no longer bless the surface with their presence."""
"80","Magic","Magic","Denial","An ancient miracle owed to the cardinal of Shulva.Challenge fate one time when HP reaches 0.Originally intended to grant the dying a few moments for a final farewell."
"81","Magic","Magic","Splintering Lightning Spear","""Developed from a primal miracle. Launch splintering spears of lightning.Ever since miracles came to be, learned men have endeavored to rework and remold them to their satisfaction. This is one such effort"""
"82","Magic","Magic","Dark Orb","""A hex modified from an old sorcery by Gilleah, the father of Hexing.Fires a heavy orb of darkness.To use hexes, equip a sacred chime or staff, and attune a hex at a bonfire.Required equipment depends on hex.Catalyst: Staff"""
"83","Magic","Magic","Dark Hail","""A Hex modified from an old sorcery by Gilleah the Hexer.Fires several orbs of darkness.Hexing is both rooted in sorcery and miracles, but is viewed as a perilous affront to all life, and banned in most lands.Catalyst: staff"""
"84","Magic","Magic","Dark Fog","""A hex that releases a temporary localized mist.Those who breathe in the mist are instantly assailed by poison.This hex is regarded as a poison due to the outward symptoms, but in fact the mist eats away at the target's inner essence. Just the traits that led to the prohibition of hexing.Catalyst: staff"""
"85","Magic","Magic","Affinity","""An advanced hex based on an ancient sorcery. Creates a dark mass that seems to pursue its target with a will of its own.It appears to be a manifestation of an emotion. Perhaps of hate, perhaps of love.Catalyst: staff"""
"86","Magic","Magic","Dead Again","""Hex that casts a dark flame upon corpses, causing them to combust violently.Hexes such as these, that tamper with life itself, are particularly abhorred.Catalyst: staff"""
"87","Magic","Magic","Dark Weapon","""Felkin the Outcast applied his art to transform Magic Weapon into a hex.Adds dark damage to the types of damage the weapon already inflicts.Those who choose the path of dark are admonished by all manner of sorcerer.But that does not stop the curious from being drawn to this strangely alluring craft.Catalyst: staff"""
"88","Magic","Magic","Whisper of Despair","""A hex that releases verbose darkness.The darkness echoes words of despair, reducing the defense of opponents.The Dark blankets the world in black.A thing of tranquility, a thing serene.Catalyst: staff"""
"89","Magic","Magic","Repel","""A hex that distorts local space.For a brief moment, no damage can be inflicted.The hexer Gilleah took no apprentice, and it is unclear how his spells were passed down.It is possible that hexes originated from another source altogether.Catalyst: staff"""
"90","Magic","Magic","Twisted Barricade","""A hex that distorted local space.For a brief moment, spells are deflected.Hexer Gilleah never took an apprentice, making it unclear how his spells were passed down.It is even possible that hexes originated from another source entirely.Catalyst: staff"""
"91","Magic","Magic","Numbness","""A hex that transforms its caster's flesh. Temporarily reduces received damage, but darkens one's sight. If it cannot be observed, it does not exist. Certainly a common conception, but one with far too many exceptions in this world.Catalyst: staff"""
"92","Magic","Magic","Scraps of Life","""An esoteric spell created by Navlaan, the infamous exiled sorcerer.Awakens the souls of the long-buried dead.The heretic Navlaan was executed along with his entire village, and the mere utterance of his name became a crime. Some say it was because he sought to restore the banned art of resurrection.Catalyst: Sacred Chime"""
"93","Magic","Magic","Darkstorm","""An esoteric spell created by Navlaan, the infamous exiled sorcerer.Creates a local vortex of dark flame.The heretic Navlaan was executed along with his entire village, and the mere utterance of his name became a crime. Some say it was because he sought to restore the banned art of resurrection.Catalyst: sacred chime"""
"94","Magic","Magic","Resonant Soul","""A hex that distorts the power of life.Emits a dark mass at the cost of souls.Can be used even without souls, but at a greatly reduced strength.Catalyst: sacred chime"""
"95","Magic","Magic","Great Resonant Soul","""A hex that distorts the power of life.Emits a large mass of dark at the cost of souls.Can be used even without souls, but at a greatly reduced strength.Catalyst: sacred chime"""
"96","Magic","Magic","Climax","""A hex that distorts the power of life.Emits a mass of dark, but at the cost of all souls.Strength varies depending on the number of souls. Not a hex to be used lightly.""Catalyst: ""sacred chime"""
"97","Magic","Magic","Resonant Flesh","""A hex developed independently by Outcast Felkin. Transforms a certain number of souls into HP over a period of time.Something gained, something lost.Catalyst: sacred chime"""
"98","Magic","Magic","Resonant Weapon","""A hex developed independently by Outcast Felkin. Transforms a certain amount of souls into attack power over a period of time.Something gained, something lost.Catalyst: sacred chime"""
"99","Magic","Magic","Lifedrain Patch","Consume a number of souls and affix dark to a certain spot.Inflicts damage upon those who touch it.This distorted dark, brewed by hexers, drains the life-force of those who touch it.Catalyst: sacred chime"""
"100","Magic","Magic","Profound Still","""A hex created by an ostracized cleric.Blocks the spells of nearby casters.This hex, born of jealousy and humiliation, is a focus of dark thoughts. The very things that reflect the true essence of life itself.Catalyst: sacred chime"""
"101","Magic","Magic","Promised Walk of Peace","A hex created from an ancient miracle of unknown origin. Slows the walking pace of its caster and those in the vicinity.To stand and glare at one another, steaming with ire and wrath, but without making a move.Such is the nature of peace."
"102","Magic","Magic","Dark Greatsword","Hex adapted from an ancient sorcery.Brandish Dark like a sword.By its nature Dark is normally tranquil, but this hex releases a focused blade of Dark in an uncharacteristic flash of brilliance."
"103","Magic","Magic","Recollection","Hex created by the children of Dark. Fire multiple Dark orbs that seek their target.Hexes that grant a fleeting volition to Dark have existed from ancient times, and it appears that the children of Dark have some recollection of the creator of these spells. Catalyst: staff"
"104","Magic","Magic","Dark Dance","Hex that unleashes a large mass of Dark. This momentous mass of Dark dances to signal the joy of its own release, or perhaps merely to taunt foes as it veers towards them. Hexes are an expression of human depravity, of which this dance is a perfect example. Catalyst: Sacred Chime"
"105","Armor","Helms","Alonne Knight Helm","""Helm worn by Alonne Knights. The bonds of the Alonne Knights, who served the Old Iron King, were mightier than the land's iron, but in the end the knights were subsumed by the flames that brought the castle down."""
"106","Armor","Helms","Archdrake Helm","""Helmet worn by the Archdrake sect of Lindelt. Though little is actually known about the order, it is said their well-honed miracles and unwavering faith in the face of death made them worthy rivals to Drangleic's forces in their day."""
"107","Armor","Helms","Moon Hat","""Astrologists believe that magical powers can be obtained at moments of special heavenly alignment. Even the collective wisdom of the Melfian Magic Academy cannot pull magic out of the sky, but the ideas of the astrologists led to the creation of new and very useful magic devices."""
"108","Armor","Helms","Helm of Aurous","""Helm of kings of the desert land of Jugo. First worn by Aurous, the land's heroic founder.According to legend, the armor of Aurous is composed of a mysterious substance that cannot be seen by cowards. What do your eyes tell you? """
"109","Armor","Helms","Bandit Helm","""Helmet/Gauntlets/Armor/Boots of bandits of the Forossan outskirts. The territory of Forossa became lawless after the kingdom fell to war. Citizens became bandits, and scattered to other lands."""
"110","Armor","Helms","Bell Keeper Helm","""An old Helmet that is oddly comfortable. Belonged to a Bell Keeper. To this day, the forbidden love of Prince of Alken and the Princess of Venn manipulates these marionettes. Surely they never imagined that their dolls would outlast their own kingdoms."""
"111","Armor","Helms","Black Hollow Mage Hood","""Hood worn by Hollowed Drangleic mages.Drangleic mages wore different garb depending on their sex. What function this served, however, is unknown, as with many old practices. This is a women's hood/robe. """
"112","Armor","Helms","Black Hood","""Black Hood belonged to Straid of Olaphis.Straid was invited to the old kingdom of Olaphis for his wisdom, but its depth was such that people soon feared him, and in the end Straid was led into a dreadful trap.Straid spent several lifetimes as stone. During this hiatus, kingdoms rose and fell, until the land called Drangleic came to be."
"113","Armor","Helms","Thief Mask","""A full face mask. Called a thief mask since most people wearing them are up to no good. Not terribly effective as armor."""
"114","Armor","Helms","Black Witch Hat","""Worn by Zullie the witch,seducer of Alva of Wayfarer. Boasts excellent magic defense.When Zullie the witch learned of Alva's dedication to Saint Serreta, she used all manner of tricks and deceit to ruin him, but in the end she would spend her life with him, supporting his endeavors."
"115","Armor","Helms","Black Witch Set","""Robe worn by Zullie the witch,seducer of Alva of Wayfarer. Boasts excellent magic defense. When Zullie the witch learned of Alva's dedication to Saint Serreta, she used all manner of tricks and deceit to ruin him, but in the end she would spend her life with him, supporting his endeavors."" Scholar of the First Sin added: ""The witch, as unloving as she was unloved, finally found illumination through her blighted existence."""
"116","Armor","Helms","Bone Crown","""Skeleton lord Crown. High dark defense.The very men who were ordered to hunt down the Undead were themselves hollowed, and founded a kingdom of bone."""
"117","Armor","Helms","Brigand Hood","""Hood donned by looting brigands."""
"118","Armor","Helms","Cale's Helm","""Helm of a light mirrah foot soldier. belonged to Cale the Cartographer."
"119","Armor","Helms","Catarina Helm","""Helm shaped apparel worn by the Knights of Catarina."
"120","Armor","Helms","Chaos Hood","""Hood worn by a chaos sorcerer."
"121","Armor","Helms","Creighton's Steel Mask","""Atypical steel mask. Belonged to Creighton the Wanderer."
"122","Armor","Helms","Dark Mask","""Mask of a knight subsumed by dark."
"123","Armor","Helms","Desert Sorceress Hood","""Sorceress hood from the distant land of Jugo. Appears to be a plain, thin fabric, but is permeated with powerful magic."
"124","Armor","Helms","Dingy Hood","""An unassuming dingy hood.Although by now gray with soot and nearly unraveled, its fabric was originally a pure white"""
"125","Armor","Helms","Dragon Acolyte Mask","""Helm worn by acolytes of Aldia."
"126","Armor","Helms","Dragon Sage Hood","""Hood worn by the Archmaster of Aldia."
"127","Armor","Helms","Dragon Rider Helm","""Helm worn by the Dragonriders, King Vendrick's royal guard.According to legend, the Dragonriders straddled not horses, but wyrms."""
"128","Armor","Helms","Drakekeeper Helm","""Giant Onyx Helm.Something dark indeed eats away at the drakekeepers, eternal guardians of the shrine."""
"129","Armor","Helms","Drangleic Helm","""Traditional Drangleic Helm. Belonged to Captain Drummond."
"130","Armor","Helms","Durgo's Hat","""Monocled hat favored by Blue-eyed Durgo, Extends arrow range."
"131","Armor","Helms","Elite Knight Helm","""Helmet made of bradden steel. Provides sturdy defense, making it an old-time favorite of elite knights."
"132","Armor","Helms","Executioner Helm","""Black Helmet worn by the executioner of the Undead Purgatory. The spikes are designed to evoke fear."
"133","Armor","Helms","Falconer Helm","""Helm worn by the Volgen Falconers."""
"134","Armor","Helms","Faraam Helm","""Helmet worn by the Forossa Lion Knights. The mighty Lion Knights, worshippers of the war god Faraam, wore heavy armor and were feared for their nimble two-handed swordplay. But their legacy was cut short with the fall of Forossa."""
"135","Armor","Helms","Grave Warden Mask","""Helm worn by wardens of this crypt."""
"136","Armor","Helms","Gyrm Helm","""The stocky Gyrm are kind-natured, but humans deemed them impure, and drove them underground."""
"137","Armor","Helms","Gyrm Warrior Greathelm","""Warrior helm of the nomadic Gyrm. Excellent poise and defense, but very heavy."
"138","Armor","Helms","Gyrm Warrior Helm","""Warrior helm of the nomadic Gyrm. Excellent poise and defense, but very heavy."
"139","Armor","Helms","Standard Helm","""Helmet made of iron."""
"140","Armor","Helms","Havel's Helm","""The origin of the name Havel is not clear. Some say it was the warrior who wore the armor, but others say that it was the name of a great kingdom ruined in a barbaric war."""
"141","Armor","Helms","Heide Knight Greathelm","""""Greathelm worn by Heide Knights""""Whether Heide refers to a kingdom or was just a name for the land is not clear, for no records date back far enough to tell.All that is known is that the Way of Blue has its origins in Heide, and that Heide was later subsumed by the sea."""
"142","Armor","Helms","Heide Knight Iron Mask","""Iron mask worn by Heide Knights."
"143","Armor","Helms","Hexer's Hood","""Helm worn by a hexer. Grants slight increase to spell uses. Belonged to Felkin the Outcast."
"144","Armor","Helms","Hollow Infantry Helm","""Helm worn by Hollowed infantry."""
"145","Armor","Helms","Hollow Skin","""A hood imitating the head of a Hollow. Provides curse resistance, and makes it easier to detect messages from other worlds. Finely crafted to perfectly imitate the head of a Hollow, only without the abhorrent stench. Whoever created this was surely deeply respectful of those lost to Hollowing."""
"146","Armor","Helms","Hollow Soldier Helm","""Helm worn by Hollowed Royal Soldiers. Appears to be crafted with quality materials, but is highly degraded and close to falling apart. Wearing this will be of little use."""
"147","Armor","Helms","Hunter's Hat","""A leather hat with a large brim. Traditionally used by bow hunters."
"148","Armor","Helms","Imperious Helm","""Helmet worn by once-proud knights."
"149","Armor","Helms","Imported Hood","""Hemp hood that fully covers the face. Provides protection from the elements, and little more."""
"150","Armor","Helms","Infantry Helm","""Helmet worn by Drangleic infantry.Apiece of basic, minimal equipment. At least it's light and easy-to-use."""
"151","Armor","Helms","Insolent Helm","""Helmet worn by once-proud clerics. Relics of a party who long ago attempted to conquer the Undead Crypt."
"152","Armor","Helms","Ironclad Helm","""Helm worn by Ironclad Soldiers. Provides high defense, but is so heavy that it requires great strength to move"""
"153","Armor","Helms","Jester's Cap","""A boldly-colored jester's cap. A nice bit of fun to try on..."
"154","Armor","Helms","Judgment Set","""A mask/robe/manchettes/tights honoring an ancient goddess. Sin was said to be her domain, but the name of the goddess is long forgotten."" ""Little is known about what purpose the mask/robe/manchettes/tights served, only that it was worn by a person of great authority."""
"155","Armor","Helms","King's Crown","""What makes a king? Some say that it is a birthright, while others call it destiny.Perhaps it is not important, as long as the king's name serves to unite his people."""
"156","Armor","Helms","Knight Helm","""Metal helm worn by Knights."
"157","Armor","Helms","Leydia Black Hood","""Hood worn by Leydia witches.Leydia apostles worship Galib, god of disease. They once resided in the Undead Crypt beside Fenito.The Leydia witches grew conceited, and began to manipulate both the onset and curing of disease, making themselves the effective gatekeepers of the crypt."""
"158","Armor","Helms","Leydia White Hood","""Hood of a Leydia Pyromancer."
"159","Armor","Helms","Looking Glass Helm","""Mask worn by the Looking Glass Knight. Made of metal, but has high lightning defense."
"160","Armor","Helms","Mad Warrior Mask","""King Vendrick called upon powers from beyond his borders in an attempt to stave off the curse. Perhaps they belonged to one of his guests."""
"161","Armor","Helms","Manikin Mask","""Mask of the Manikins of Harvest Valley. A fickle queen gave them life, and tore off their faces. How else could she forgive those who dared gaze upon her?"""
"162","Armor","Helms","Mastodon Helm","""Helm worn by the Primal Knights of Drangleic castle."
"163","Armor","Helms","Monastery Headcloth","""A traditional sacred headcloth/longshirt/gloves/skirt crafted at Lindelt Monastery. Made of lightweight, flowing white fabric.The ceremonial design suggests that they revered whatever it was they watched over."""
"164","Armor","Helms","Moon Butterfly Hat","""Hat made from wings of the rare moon butterfly. Poisons those who approach its wearer."""
"165","Armor","Helms","Nahr Alma Hood","""Armor worn by Titchy Gren."
"166","Armor","Helms","Old Knight Helm","""Old undated Helm."
"167","Armor","Helms","Peasant Hat","""Attire commonly worn by peasants."
"168","Armor","Helms","Penal Mask","""Mask of the Lost Sinner. The spikes pointing inward suggest that this was not only used to blind prisoners, but to torture them as well."
"169","Armor","Helms","Priestess Headpiece","""The clerics of Drangleic have retained their status throughout the ages, but were always at arms length from the royal family, as if their existence was little more than a formality."""
"170","Armor","Helms","Prisoner's Hood","""Rags worn by imprisoned Hollows. This appears to have been worn on the head."
"171","Armor","Helms","Pharros Mask","""A mask depicting Pharros' contraption. Tears flow from the eyes of this mask, drenching its wearer."
"172","Armor","Helms","Rogue Hood","""Hood worn by Hollowed thieves.The hood is primarily intended to hide the face of the wearer, and is of no practical value as defensive gear.Despite their crude appearance, this/these armor/gauntlets/leggings is surprisingly sturdy."""
"173","Armor","Helms","Royal Soldier Helm","""Royal Drangleic soldier helm. Equipment crafted by the royal blacksmith. Finely polished and ready for battle."""
"174","Armor","Helms","Royal Swordsman Helm","""Helmet of a royal swordsman. Its shape provides defense while allowing great mobility. Stripped of ornamentation, this particular helm/armor is designed strictly for battle."
"175","Armor","Helms","Ruin Helm","""Helm worn by the jailer's creation, the Ruin Sentinel.The sentinel has no form, its soul residing within the armor itself. Stare at it for long and it seems ready to spring to life, but surely, such is an illusion."""
"176","Armor","Helms","Rusted Mastodon Helm","""Helm worn by the Primal Knights of Drangleic castle. Durability is low due to rusting.Its weight would normally crush a man, but to the brutish Primal Knights it may as well be made of papyrus."""
"177","Armor","Helms","Saint's Hood","""Hood worn by miracle-casting clerics. Grants slight increase to spell uses. Belonged to Licia of Lindelt."
"178","Armor","Helms","Shadow Mask","""Used to hide in the cover of night. Those who are especially adept assassins are often hired as bodyguards."
"179","Armor","Helms","Smelter Demon Helm","""Helm of the Smelter Demon, a great mass of iron that was given life. High fire defense."
"180","Armor","Helms","Steel Helm","""A relic of an order of knights said to be the mightiest warriors of their time."""
"181","Armor","Helms","Syan's Helm","""Replica of the armor of the loyal knight Syan. This solidly-crafted gear offers high defense."
"182","Armor","Helms","Targray's Helm","""The Blue Sentinels have vowed to uplift themselves from tireless training and selfless adherence to order and justice."""
"183","Armor","Helms","Tattered Cloth Hood","""Hood favored by pyromancers. They appear tattered but in fact the fabric is reinforced with pyromancy.Magic is no show. It is an art that allows mere mortals to glimpse into the very fabric of what is and may be."""
"184","Armor","Helms","Throne Defender Helm","""The Defender has stood by the throne for ages. Will his wait be worth the while?"""
"185","Armor","Helms","Throne Watcher Helm","""Helm worn by the Throne Watcher. Has high magic defense. The Watcher waited by the throne for ages. Will all his waiting ever be rewarded?"""
"186","Armor","Helms","Traveling Merchant Hat","""Hat worn by merchants from Lanafir, where blue represents knowledge. Wearing this increases item discovery."
"187","Armor","Helms","Tseldora Cap","""Outfit worn by settlers of Tseldora. Rather fancy but with low defence and unfit for battle."
"188","Armor","Helms","Varangian Helm",""" Helm worn by Varagians, that terrorized nearby seas. The coastline stretches far Drangleic. Beyond this Northern Sea is an unexplored continent, said to be the home of things inhuman."""
"189","Armor","Helms","Velstadt's Helm","""Helmet worn by the Royal Aegis. Originally imbued with the power of miracles, now soaked with dark after extended exposure in the Undead Crypt."
"190","Armor","Helms","Vengarl's Helm","""Helmet worn by the ferocious Vengarl of Forossa. As Vengarl's helmet suggests, he was not unlike a mad beast on the battlefield."""
"191","Armor","Helms","Wanderer Hood","""A hood for the roving type. Light, sturdy leather made for long journeys."""
"192","Armor","Helms","White Hollow Mage Hood","""Hood worn by Hollowed Drangleic mages.Drangleic mages wore different garb depending on their sex. What function this served, however, is unknown, as with many old practices. This is a men's hood/robe."""
"193","Armor","Helms","White Priest Headpiece","""Traditional Headpiece worn by Drangleic clerics.The clerics of Drangleic were not viewed with particular reverence, and their positions were only preserved as a nod to tradition.It is customary for clerics to wear different garb depending on their sex, but the reason for this practice is unknown. This is a men's headpiece."""
"194","Armor","Helms","Warlock Mask","""Strange mask worn by Aldia warlocks. Grants dark defense, and increased soul acquisition."
"195","Armor","Helms","Xanthous Crown","""This blindingly-bright yellow costume is said to have been worn by Xanthous King."
"196","Armor","Helms","Drakeblood Helm","""Black helm of the Drakeblood Knights, who came from a land long forgotten."
"197","Armor","Chest Pieces","Agdayne's Black Robe","Robes worn by Agdayne of the Undead Crypt. Life itself is suffering; or karma, as some have called it. The embrace of death awaits all things. But does death mean an end to suffering?"
"198","Armor","Chest Pieces","Alonne Captain Armor","Armor Worn by the captain of the Alonne Knights. The accoutrements of the Alonne Knights, who served the Old Iron King, were created with an advanced casting technique. Solid and handsomely crafted, their shine remains brilliant to this day."
"199","Armor","Chest Pieces","Alonne Knight Armor","Armor worn by Alonne Knights. The bonds of the Alonne Knights, who served the Old Iron King, were mightier than the land's iron, but in the end the knights were subsumed by the flames that brought the castle down."
"200","Armor","Chest Pieces","Alva Armor","""Armor worn by Alva the Wayfarer. Light but offers very high defense. Alva crossed many a land in search of a cure for Saint Serreta's sickness, but failed and relinquished his knighthood. Scholar of the First Sin changed to: Light but offer very high defense. Alva crossed many a land in search of a cure for Saint Serreta's sickness, but failed and relinquished his knighthood. Alva was once wracked with guilt and remorse, but rediscovered his purpose in life with the aid of the witch who once plotted against him."""
"201","Armor","Chest Pieces","Archdrake Robes","Robes worn by the Archdrake sect of Lindelt. Though little is actually known about the order, it is said their well-honed miracles and unwavering faith in the face of death made them worthy rivals to Drangleic's forces in their day.""Scholar of the First Sin changed to: ""Little is known about the Archdrake sect and its ancient rituals, and those who dare to indulge their curiosity have been known to simply vanish. The Archdrake sect are the keepers of Lindelt's histories, including the only record of its foundation, a tome they have good reason to keep hidden away."""
"202","Armor","Chest Pieces","Astrologist's Robe","""Astrologists believe that magical powers can be obtained at moments of special heavenly alignment. Even the collective wisdom of the Melfian Magic Academy cannot pull magic out of the sky, but the ideas of the astrologists led to the creation of new and very useful magic devices."""
"203","Armor","Chest Pieces","Armor of Aurous","""Helm of kings of the desert land of Jugo. First worn by Aurous, the land's heroic founder.According to legend, the armor of Aurous is composed of a mysterious substance that cannot be seen by cowards. What do your eyes tell you? """
"204","Armor","Chest Pieces","Bandit Armor","""Armor of bandits of the Forossan outskirts."
"205","Armor","Chest Pieces","Bell Keeper Bellyband","""An old bellyband that are oddly comfortable. Belonged to a Bell Keeper."
"206","Armor","Chest Pieces","Black Hollow Mage Robe","""Robe worn by Hollowed Drangleic mages.Drangleic mages wore different garb depending on their sex. What function this served, however, is unknown, as with many old practices. This is a women's robe."""
"207","Armor","Chest Pieces","Black Leather Armor","""Armor dyed black. Allows the wearer to blend in with the dark. Often used by those with ill-intent. Meticulously crafted, and provides fair defense."""
"208","Armor","Chest Pieces","Black Robes","""Black Robe belonged to Straid of Olaphis."
"209","Armor","Chest Pieces","Black Witch Robe","""Robe worn by Zullie the witch,seducer of Alva of Wayfarer. Boasts excellent magic defense."
"210","Armor","Chest Pieces","Bone King Robe","""Skeleton lord Armor. High dark defense."
"211","Armor","Chest Pieces","Brigand Armor","""Skeleton lord Armor. High dark defense."
"212","Armor","Chest Pieces","Cale's Set","""Helmet/Armor/Leggings of a light mirrah foot soldier. belonged to Cale the Cartographer. Apparently Cale procured this inexpensively second-hand, but it's surprisingly well-made."""
"213","Armor","Chest Pieces","Catarina Armor","""Armor-Distinctively shaped apparel worn by the Knights of Catarina."
"214","Armor","Chest Pieces","Chaos Robe","""Robe worn by a chaos sorcerer.He calls himself Navlaan, now."""
"215","Armor","Chest Pieces","Charred Loyce Set","""Charred Helm/Armor/Gauntlets/Leggings of the Knights of Loyce, burned black by flame. These Knights of Loyce plunged into the old Chaos with their lord, and lost their sense of self. To this day, they still burn in agony, alongside their once-proud king."""
"216","Armor","Chest Pieces","Creighton's Chainmail","""Atypical chainmail. Belonged to Creighton the Wanderer."
"217","Armor","Chest Pieces","Dark Armor","""Armor of a knight subsumed by dark.No one knows the true identity of these men who are said to freely manipulate dark. Old foreign legends describe them as poor souls who chased the lost art of life drain."""
"218","Armor","Chest Pieces","Desert Sorceress Top","""Desert Sorceresses have enchanting looks, and they use them to catch people off guard."
"219","Armor","Chest Pieces","Dingy Robe","""An unassuming dingy hood/robe/cuffs."
"220","Armor","Chest Pieces","Dragon Acolyte Robe","""Armor worn by acolytes of Aldia."
"221","Armor","Chest Pieces","Dragonrider Armor","""Armor worn by the Dragonriders, King Vendrick's royal guard."
"222","Armor","Chest Pieces","Drakekeeper Armor","""Giant onyx armor."
"223","Armor","Chest Pieces","Drangleic Mail","""Traditional Drangleic Armor. Belonged to Captain Drummond."
"224","Armor","Chest Pieces","Elite Knight Armor","""Helmet made of bradden steel. Provides sturdy defense, making it an old-time favorite of elite knights."
"225","Armor","Chest Pieces","Executioner Armor","""Black Armor worn by the executioner of the Undead Purgatory. The spikes are designed to evoke fear."
"226","Armor","Chest Pieces","Falconer Armor","""Armor worn by the Volgen Falconers."""
"227","Armor","Chest Pieces","Grave Warden Top","""Cuirass worn by wardens of this crypt."""
"228","Armor","Chest Pieces","Gyrm Armor","""The stocky Gyrm are kind-natured, but humans deemed them impure, and drove them underground."""
"229","Armor","Chest Pieces","Gyrm Warrior Armor","""Warrior Armor of the nomadic Gyrm. Excellent poise and defense, but very heavy."
"230","Armor","Chest Pieces","Hard Leather Armor","""Armor made of sturdy leather."
"231","Armor","Chest Pieces","Havel's Armor","""The origin of the name Havel is not clear. Some say it was the warrior who wore the armor, but others say that it was the name of a great kingdom ruined in a barbaric war."""
"232","Armor","Chest Pieces","Heide Knight Chainmail","""Chainmail worn by Heide Knights"""
"233","Armor","Chest Pieces","Hexer's Robes","""Armor worn by a hexer. Belonged to Felkin the Outcast."
"234","Armor","Chest Pieces","Hollow Infantry Armor","""Armor worn by Hollowed infantry."""
"235","Armor","Chest Pieces","Hollow Soldier Armor","""Armor worn by Hollowed infantry."""
"236","Armor","Chest Pieces","Imperious Armor","""Armor worn by once-proud knights."
"237","Armor","Chest Pieces","Imported Tunic","""Traveler's tunic/manchettes/trousers. Won't provide much in the way of protection."
"238","Armor","Chest Pieces","Infantry Armor","""Armor worn by Drangleic infantry."
"239","Armor","Chest Pieces","Insolent Armor","""Armor worn by once-proud clerics."
"240","Armor","Chest Pieces","Jester%27s Robes","""A boldly-colored jester's cap/robe/gloves/tights. A nice bit of fun to try on..."""
"241","Armor","Chest Pieces","Judgement Robe","""A robe honoring an ancient goddess. Sin was said to be her domain, but the name of the goddess is long forgotten."""
"242","Armor","Chest Pieces","Knight Armor","""Metal armor worn by Knights."
"243","Armor","Chest Pieces","Leydia Black Set","""Hood/Robe worn by Leydia witches. Leydia apostles worship Galib, god of disease. They once resided in the Undead Crypt beside Fenito. The Leydia witches grew conceited, and began to manipulate both the onset and curing of disease, making themselves the effective gatekeepers of the crypt."""
"244","Armor","Chest Pieces","Leydia White Robe","""Robe of a Leydia pyromancer."
"245","Armor","Chest Pieces","Lion Mage Robe","""Robe worn by Lion Clan mages."""
"246","Armor","Chest Pieces","Llewellyn Armor","""Armor reinforced with rare geisteel. Belonged to Chancellor Wellager."""
"247","Armor","Chest Pieces","Looking Glass Armor","""Armor worn by the Looking Glass Knight. Made of metal, but has high lightning defense."
"248","Armor","Chest Pieces","Mad Warrior Armor","""King Vendrick called upon powers from beyond his borders in an attempt to stave off the curse."
"249","Armor","Chest Pieces","Manikin Top","""Top of the Manikins of Harvest Valley. A fickle queen gave them life, and tore off their faces."
"250","Armor","Chest Pieces","Mastodon Armor","""Armor worn by the Primal Knights of Drangleic castle."
"251","Armor","Chest Pieces","Moon Butterfly Wings","""Pinions made from wings of the rare moon butterfly. Poisons those who approach its wearer. Also extends jump distance."
"252","Armor","Chest Pieces","Nahr Alma Robes","""Robe worn by servants of Nahr Alma, god of blood. Increases souls acquired for each kill.Belonged to Titchy Gren."
"253","Armor","Chest Pieces","Old Ironclad Armor","""Old armor worn by ironclad soldiers. Boasts high defense, but extremely heavy."
"254","Armor","Chest Pieces","Old Knight Armor","""Old undated Armor. How old could this nearly-crumbling armor be?"
"255","Armor","Chest Pieces","Peasant Attire","""Attire commonly worn by peasants."
"256","Armor","Chest Pieces","Penal Straight Jacket","""Straightjacket of the Lost Sinner. A tightly cinched belt presses against the waist."
"257","Armor","Chest Pieces","Priestess Robe","""Robe worn by Drangleic clerics."""
"258","Armor","Chest Pieces","Prisoner's Tatters","""Rags worn by imprisoned Hollows. This appears to have been worn on the body."
"259","Armor","Chest Pieces","Red Lion Warrior Cape","""Red cape worn by Lion Clan warriors."
"260","Armor","Chest Pieces","Royal Soldier Armor","""Royal Drangleic soldier armor."
"261","Armor","Chest Pieces","Royal Swordsman Armor","""Armor of a royal swordsman. Its shape provides defense while allowing great mobility. Stripped of ornamentation, this particular helm/armor is designed strictly for battle."
"262","Armor","Chest Pieces","Ruin Armor","""Armor worn by the jailer's creation, the Ruin Sentinel."
"263","Armor","Chest Pieces","Rusted Mastodon Armor","""Armor worn by the Primal Knights of Drangleic castle."
"264","Armor","Chest Pieces","Saint's Dress","""Dress worn by miracle-casting clerics. belonged to Licia of Lindelt."
"265","Armor","Chest Pieces","Shadow Top","""Used to hide in the cover of night. Those who are especially adept assassins are often hired as bodyguards."
"266","Armor","Chest Pieces","Singer's Dress","""Dress worn by a far-gone muse. Offers almost no physical defense, but is blessed with high resistance to magic."
"267","Armor","Chest Pieces","Smelter Demon Armor","""Armor of the Smelter Demon, a great mass of iron that was given life. High fire defense."""
"268","Armor","Chest Pieces","Steel Armor","""A relic of an order of knights said to be the mightiest warriors of their time."""
"269","Armor","Chest Pieces","Syan's Armor","""Replica of the armor of the loyal knight Syan. This solidly-crafted gear offers high defense."
"270","Armor","Chest Pieces","Targray's Armor","""The Blue Sentinels have vowed to uplift themselves from tireless training and selfless adherence to order and justice."""
"271","Armor","Chest Pieces","Tattered Cloth Robe","""Armor favored by pyromancers. They appear tattered but in fact the fabric is reinforced with pyromancy."
"272","Armor","Chest Pieces","Throne Defender Armor","""The Defender has stood by the throne for ages."
"273","Armor","Chest Pieces","Throne Watcher Armor","""The Defender has stood by the throne for ages."
"274","Armor","Chest Pieces","Traveling Merchant Coat","""Coat worn by merchants from Lanafir, where blue represents knowledge. Wearing this increases item discovery."
"275","Armor","Chest Pieces","Tseldora Robe","""Outfit worn by settlers of Tseldora. Rather fancy but with low defence and unfit for battle."
"276","Armor","Chest Pieces","Varangian Armor","""Amour worn by Varagians, that terrorized nearby seas. The coastline stretches far Drangleic. Beyond this Northern Sea is an unexplored continent, said to be the home of things inhuman."""
"277","Armor","Chest Pieces","Velstadt's Armor","""Armor worn by the Royal Aegis. Originally imbued with the power of miracles, now soaked with dark after extended exposure in the Undead Crypt."
"278","Armor","Chest Pieces","Vengarl's Armor","""Armor of the ferocious Vengarl of Forossa. Vengarl was known as a raging, deadly warrior. Even Forossa's Lion Knights, a motley crew of rabid fighters, kept him at arm's length."""
"279","Armor","Chest Pieces","Wanderer Coat","""A Coat for the roving type."
"280","Armor","Chest Pieces","White Hollow Mage Robe","""Robe worn by Hollowed Drangleic mages.Drangleic mages wore different garb depending on their sex. What function this served, however, is unknown, as with many old practices. This is a men's robe."""
"281","Armor","Gauntlets","Agdayne%27s Black Gloves","""quote"""
"282","Armor","Gauntlets","Alonne Knight Gauntlets","""Gauntlets worn by Alonne Knights. The bonds of the Alonne Knights, whoserved the Old Iron King, were mightierthan the land's iron, but in the endthe knights were subsumed by the flamesthat brought the castle down"""
"283","Armor","Gauntlets","Alva Gauntlets","Alva crossed many a land in searchof a cure for Saint Serreta's sickness,but failed and relinquished his knighthood. Alva was once wracked with guilt and remorse,but rediscovered his purpose in life with theaid of the witch who onceplotted against him."""
"284","Armor","Gauntlets","Archdrake Gloves","""Gloves of the Archdrake sect of Lindelt. Little is known about the Archdrake sectand its ancient rituals, and those who dare to indulgetheir curiosity have been known to simply vanish. The Archdrake sect are the keepers of Lindelt'shistories, including the only record of itsfoundation, a tome they have good reason tokeep hidden away."""
"285","Armor","Gauntlets","Astrologist Gloves","""Gauntlets worn by astrologists in Melfia.Astrologists believe that magical powerscan be obtained at moments of specialheavenly alignment. Even the collective wisdom of theMelfian Magic Academy cannot pull magicout of the sky, but the ideas of theastrologists led to the creation ofnew and very useful magic devices."""
"286","Armor","Gauntlets","Aurous Gauntlets","According to legend, the armor of Aurousis composed of a mysterious substance thatcannot be seen by cowards.What do your eyes tell you?"""
"287","Armor","Gauntlets","Bandit Gauntlets","""Gauntlets of bandits of the Forossan outskirts. The territory of Forossa became lawless after the kingdom fell to war. Citizens became bandits, and scattered to other lands."""
"288","Armor","Gauntlets","Bellkeeper Gauntlets","""An old pair of cuffs that are oddly comfortable.Belonged to a Bell Keeper. To this day, the forbidden love of thePrince of Alken and the princess of Vennmanipulates these marionettes. Surely they never imagined that their dollswould outlast their own kingdoms."""
"289","Armor","Gauntlets","Black Dragon Gauntlets","""""Eerily shaped helmet/armor/gauntlets/leggings spoken of in legend, crafted with the scales of the Black Dragon. The Black Dragon was long considered a mere legend, but this proves its existence."""""
"290","Armor","Gauntlets","Black Gloves","""Black Hood/Robe/gloves/Boots Belonged to Straid of Olaphis.Straid was invited to the old kingdom of Olaphis for his wisdom, but its depth was such that people soon feared him, and in the end Straid was led into a dreadful trap.Straid spent several lifetimes as stone. During this hiatus, kingdoms rose and fell, until the land called Drangleic came to be."""
"291","Armor","Gauntlets","Black Leather Gauntlets","""Leather gloves dyed Black. Allows the wearer to blend in with the dark. Often used by those with ill-intent.Meticulously crafted, and provides fair defense."""
"292","Armor","Gauntlets","Black Witch gloves","""Robe worn by Zullie the witch,seducer of Alva of Wayfarer. Boasts excellent magic defense.When Zullie the witch learned of Alva's dedication to Saint Saint Serreta, she used all manner of tricks and deceit to ruin him, but in the end she would spend her life with him, supporting his endeavors."""
"293","Armor","Gauntlets","Bone King Cuffs","""Skeleton Lord cuffs. High dark defense. The very men who were ordered to hunt down the Undead were themselves hollowed, and founded a kingdom of bone."""
"294","Armor","Gauntlets","Brigand Gauntlets","""Hood/Armor/Gauntlets/Trousers donned by looting brigands.""""This armor may appear shoddy, but is in fact a very functional piece of work, its materials meticulously crafted together."""
"295","Armor","Gauntlets","Chaos Gloves","""Hood/Robe/Gloves/Leggings worn by a chaos sorcerer.He calls himself Navlaan, now."""
"296","Armor","Gauntlets","Catarina Gauntlets","""Helm/Armor/Gauntlets/Leggings-Distinctively shaped apparel worn by the Knights of Catarina.Outside Catarina, they are often ridiculed for their onion-like shape, infuriating the proud knights, but masterfully forged curved design makes it very effective for parrying."""
"297","Armor","Gauntlets","Creighton's chain gloves","""Atypical steel gloves.Belonged to Creighton the Wanderer.Its design resembles that of the knight order of the eastern land of Mirrah, but with some odd differences that catch the eye.Perhaps it is a finely-crafted imitation."" "
"298","Armor","Gauntlets","Dark Gauntlets","""Gauntlets of a knight subsumed by dark.No one knows the true identity of these men who are said to freely manipulate dark. Old foreign legends describe them as poor souls who chased the lost art of life drain."""
"299","Armor","Gauntlets","Desert Sorceress Gloves","""Sorceress gloves from the distant land of Jugo. Appears to be a plain, thin fabric, but is permeated with powerful magic.Desert Sorceresses have enchanting looks, and they use them to catch people off guard.Oddly enough, even those who are perceptive enough to realize the ploy fall prey to their seductions with alarming regularity."" "
"300","Armor","Gauntlets","Dingy Cuffs","""An unassuming dingy cuffs.Although by now gray with soot and nearly unraveled, its fabric was originally a pure white""""An unassuming dingy skirt. Originally pure white.A close inspection reveals old dried blood. What tragedy could have befallen its original owner?"" "
"301","Armor","Gauntlets","Dragon Acolyte Gloves","""Gloves worn by acolytes of Aldia.Several of the greatest minds converged in Aldia to weave strange new rituals, but rumors suggest that during the course of their work their thoughts were not their own."" "
"302","Armor","Gauntlets","Dragonrider Gauntlets","""Gauntlets worn by King Vendrick's loyal Dragonriders.According to legend, the Dragonriders went into battle astride not horses, but wyrms."
"303","Armor","Gauntlets","Drakekeeper Gauntlets","""Giant onyx gauntlets. Something dark indeed eats away at thedrakekeepers, eternal guardians of the shrine."" "
"304","Armor","Gauntlets","Drangleic Gauntlets","""Traditional Drangleic Helm/Armour/Gauntlets/Leggings). Belonged to Captain Drummond.Drummond's ancestors have served Drangleic for generations, principally as defenders of the great fort, but Captain Drummond is the last in this proud line."""
"305","Armor","Gauntlets","Elite Knight Gloves","""Gloves made of bradden steel. Provides sturdy defense, making it an old-time favorite of elite knights.""Bradden steel is used widely in Drangleic. This fine alloy is made from ores mined in the southern kingdom."""
"306","Armor","Gauntlets","Executioner Gauntlets","""Gauntlets worn by the executioner of the Undead Purgatory. The spikes are designed to evoke fear.The executioner mercilessly put down countless Undead, but how could he know that it was never his own will, but that of the chariot horse?"""
"307","Armor","Gauntlets","Falconer Gloves","""Gloves worn by the Volgen Falconers.""""Domestic Volgen soldiers are infamously timid, so it is no wonder that this fierce band of mercenary falconers was hired to compensate.In practice they serve as bodyguards for the affluent elite, and they serve well, such that nobody dares scrutinize their backgrounds."""
"308","Armor","Gauntlets","Faraam Gauntlets","""Gauntlets worn by the Forossa Lion Knights. The mighty Lion Knights, worshippers of the war god Faraam, wore heavy armor and were feared for their nimble two-handed swordplay. But their legacy was cut short with the fall of Forossa."""
"309","Armor","Gauntlets","Grave Warden Cuffs","""Gauntlets worn by Alonne Knights. The bonds of the Alonne Knights, whoserved the Old Iron King, were mightierthan the land's iron, but in the endthe knights were subsumed by the flamesthat brought the castle down"""
"310","Armor","Gauntlets","Gyrm Gloves","""Gloves of the nomadic Gyrm. Excellent poise but heavy""""The stocky Gyrm are kind-natured, but humans deemed them impure, and drove them underground."""
"311","Armor","Gauntlets","Gyrm Warrior Gloves","""Warrior gloves of the nomadic Gyrm. Excellent poise and defense, but very heavy.Most Gyrm descendants refuse contact with outsiders, and live with a sense of deep contempt for those who exiled them"""
"312","Armor","Gauntlets","Hard Leather Gauntlets","""Gauntlets made of iron.""""Gauntlets made of sturdy leather.A commonplace piece of armor. No embellishments. Very solid."""
"313","Armor","Gauntlets","Havel%27s Gauntlets","""The origin of the name Havel is not clear. Some say it was the warrior who wore the armor, but others say that it was the name of a great kingdom ruined in a barbaric war."""
"314","Armor","Gauntlets","Heide Knight Gauntlets","""Gauntlet worn by Heide Knights""""Whether Heide refers to a kingdom or was just a name for the land is not clear, for no records date back far enough to tell.All that is known is that the Way of Blue has its origins in Heide, and that Heide was later subsumed by the sea."""
"315","Armor","Gauntlets","Hexer%27s Gloves","""Armor worn by a hexer. Belonged to Felkin the Outcast.Those who have a taste of dark are drawn into its vortex and rarely return.Perhaps it appeals to something deep within the human soul."""
"316","Armor","Gauntlets","Hollow Infantry gloves","""Gloves worn by Hollowed infantry.""""A piece of basic, minimal equipment. Worse yet, they're worn and nearly falling apart. Not recommended unless your options are spent."""
"317","Armor","Gauntlets","Hollow Soldier Gauntlets","""Gauntlets worn by Hollowed Royal Soldiers. Appears to be crafted with quality materials, but is highly degraded and close to falling apart. Wearing this will be of little use."""
"318","Armor","Gauntlets","Imperious Gloves","""Gauntlet worn by once-proud knights.Relics of a party who long ago attempted to conquer the Undead Crypt.For this sin their deaths have been postponed, so they may serve as crypt sentries."""
"319","Armor","Gauntlets","Imported Manchettes","""Traveler's manchettes. Won't provide much in the way of protection. The cursed souls who wander the lands have a strange way of ending up here, as if drawn from afar by some force."""
"320","Armor","Gauntlets","Infantry Gloves","""Gloves worn by Drangleic infantry.Apiece of basic, minimal equipment. At least it's light and easy-to-use."""
"321","Armor","Gauntlets","Insolent Gloves","""Gloves worn by once-proud clerics.Relics of a party who long ago attempted to conquer the Undead Crypt.For this sin their deaths have been postponed, so they may serve as crypt sentries."""
"322","Armor","Gauntlets","Ironclad Gauntlets","""Gauntlets worn by Ironclad Soldiers. Provides high defense, but is so heavy that it requires great strength to move""""The Ironclad Soldiers were minions created by the Old Iron King, their life granted by an enchantment of souls. By now this is again an iron husk, and fit to wear."""
"323","Armor","Gauntlets","Jester%27s Gloves","""A boldly-colored jester's cap/robe/gloves/tights. A nice bit of fun to try on...Jesters are more than festival fixtures; some have a second face, hidden from public view."" Effect: Increases number of Souls acquired"
"324","Armor","Gauntlets","Manchettes of Judgment","""A manchettes honoring an ancient goddess. Sin was said to be her domain, but the name of the goddess is long forgotten.""""Little is known about what purpose the mask/robe/manchettes/tights served, only that it was worn by a person of great authority."""
"325","Armor","Gauntlets","King%27s Gauntlets","""Guantlets of Vendrick, King of Drangleic. What makes a king?Some say that it is birthright, while others call it destiny. Perhaps it is not important, as long as the king's name serves to unite his people."""
"326","Armor","Gauntlets","Knight Gauntlets","""Metal gauntlets worn by knights. Standard issue for new Drangleic knights. Knights have long trusted these gauntlets for their excellent functionality"""
"327","Armor","Gauntlets","Leather Gloves","""The hunting goddess Evlana was no goddess at all, but rather a brave and highly skilled bow huntress. Long after her demise, the passing of lore transformed her into a deity."""
"328","Armor","Gauntlets","Leydia White Gauntlets","""Gloves of a Leydia Pyromancer.Leydia apostles, in their conceit, occupied the Undead Crypt and misused death.This invoked the ire of Fenito, who branded them as transgressors."""
"329","Armor","Gauntlets","Lion Mage Cuffs","""Cuffs worn by Lion Clan mages.The Lion Clan are an offshoot race that appear in historical records quite abruptly, as if one day they climbed out of the depths of the very earth itself."" Effect: Improves casting speed."
"330","Armor","Gauntlets","Llewellyn Gloves","""Armor reinforced with rare geisteel. Belonged to Chancellor Wellager.""""Gloves reinforced with rare geisteel. Excellent defensive gear that is both light and sturdy."" ""Quality equipment that is both light and strong. Crafted by the castle's resident master smith Llewellyn, and supplied only to a selected few. His work easily identified by its lack of ostentation, Llewellyn focused solely on an economy of simplicity and strength."""
"331","Armor","Gauntlets","Looking Glass Gauntlets","""Gauntlets worn by the Looking Glass Knight. Made of metal, but has high lightning defense.Those who wish to serve the king as loyal warriors must take the King's Passage and face the Looking Glass Knight.Those who fail the test are sacrificed by the merciless specular monstrosity."""
"332","Armor","Gauntlets","Lucatiel's Gloves","""Worn by knights while on travel. Belonged to Lucatiel of Mirrah. Only those who have distinguished themselves on the battlefield were admitted into the elite ranks of Mirrah's official order of knights. It is common to hear of a peasant's dream of striving for knighthood as an escape from hardship, but who would ever think it possible?"""
"333","Armor","Gauntlets","Mad Warrior Gauntlets","""King Vendrick called upon powers from beyond his borders in an attempt to stave off the curse. Perhaps they belonged to one of his guests."""
"334","Armor","Gauntlets","Manikin Gloves","""Gloves of the Manikins of Harvest Valley. A fickle queen gave them life, and tore off their faces. How else could she forgive those who dared gaze upon her?"""
"335","Armor","Gauntlets","Mastodon Gauntlets","""Gauntlets worn by the Primal Knights of Drangleic castle.Their weight would normally crush a man, but the Primal Knights wear them as if they were silk, so fearsome is their brutal strength.The King restored a forbidden, long-lost art to create these inhuman abominations."""
"336","Armor","Gauntlets","Monastery Long Gloves","""A traditional sacred headcloth/longshirt/gloves/skirt crafted at Lindelt Monastery. Made of lightweight, flowing white fabric. The ceremonial design suggests that they revered whatever it was they watched over."""
"337","Armor","Gauntlets","Moon Butterfly Cuffs","""Cuffs made from wings of the rare moon butterfly. Poisons those who approach its wearer.Little is known about the moon butterfly, which only appears on full-moon nights in winter. Some say the butterfly is a magical being, and its larvae have never once been spotted."""
"338","Armor","Gauntlets","Old Ironclad Gauntlets","""Old armor worn by ironclad soldiers. Boasts high defence, but extremely heavy.One day, warriors wearing decrepit armor emerged from drangleic castle, and quietly assumed positions amongst the royal army.not one of them ever spoke a word, or revealed the face under the mask."""
"339","Armor","Gauntlets","Old Knight Gauntlets","""Old undated Gauntlets.How old could this nearly-crumbling armor be?Has extremely low durability.Sometimes, just as a thing falls to pieces, it unleashes its last flash of great power..."""
"340","Armor","Gauntlets","Pate's Gloves","""Although it appears to be common armor, it has in fact been meticulously customized. Belonged to mild-mannered Pate.This has been considerably altered. Perhaps it was pillaged."""
"341","Armor","Gauntlets","Peasant Long Gloves","""Attire commonly worn by peasants.Normal workwear, more fit for farming than fighting"""
"342","Armor","Gauntlets","Penal Handcuffs","""Handcuffs of the Lost Sinner. Increases the power of pyromancy. A device used to restrict use of the hands."""
"343","Armor","Gauntlets","Priestess Gloves","""Robe worn by Drangleic clerics.""""The clerics of Drangleic have retained their status throughout the ages, but were always at arms length from the royal family, as if their existence was little more than a formality.""""It is customary for clerics to wear different garb depending on their area, but the reason for this practice is unknown...This is a woman's robe."""
"344","Armor","Gauntlets","Prisoner%27s Gloves","""Rags worn by imprisoned Hollows. This appears to have been worn on the head (body, arms, hip).Judging by its looks and apparent virtues, this really is no more than a tattered scrap of cloth. It still carries the stench of a Hollow."""
"345","Armor","Gauntlets","Rogue gauntlets","""Gauntlets worn by Hollowed thieves.The hood is primarily intended to hide the face of the wearer, and is of no practical value as defensive gear.Despite their crude appearance, this/these armor/gauntlets/leggings is surprisingly sturdy."""
"346","Armor","Gauntlets","Royal Soldier Gauntlets","""Royal Drangleic soldier helm/armor/gauntlets/leggings.Equipment crafted by the royal blacksmith. Finely polished and ready for battle."""
"347","Armor","Gauntlets","Royal Swordsman Gloves","""Gauntlets of a royal swordsman. Its shape provides defense while allowing great mobility. Stripped of ornamentation, this particular helm/armor is designed strictly for battle.King Vendrick supplied his bravest men with the best armor available to face the great giants, but very few returned alive."""
"348","Armor","Gauntlets","Ruin Gauntlets","""Armor worn by the jailer's creation, the Ruin Sentinel.The sentinel has no form, its soul residing within the armor itself. Stare at it for long and it seems ready to spring to life, but surely, such is an illusion."""
"349","Armor","Gauntlets","Rusted Mastodon Gauntlets","""Gauntlets worn by the Primal Knights of Drangleic castle. Durability is low due to rusting.Its weight would normally crush a man, but to the brutish Primal Knights it may as well be made of papyrus."""
"350","Armor","Gauntlets","Saint's Long Gloves","""Dress worn by miracle-casting clerics. belonged to Licia of Lindelt.While its true Licia dedicated herself to miracles, its rare for anyone to pass through life without trouble. even clerics arent always who they seem."""
"351","Armor","Gauntlets","Shadow Gauntlets","""Used to hide in the cover of night. Those who are especially adept assassins are often hired as bodyguards.In an attempt to stave off the curse, King Vendrick hired shadowmen to put down the Hollows, but before long they were Hollowed themselves"" "
"352","Armor","Gauntlets","Smelter Demon Gauntlets","""Gauntlets of the Smelter Demon, a great mass of iron that was given life. High fire defense.""""Armor of the Smelter Demon, a great mass of iron that was given life. High fire defense. The Old Iron King was possessed of a great bounty of ore, but was incinerated by a creature that rose from the infernal depths of the earth."""
"353","Armor","Gauntlets","Steel Gauntlets","""A relic of an order of knights said to be the mightiest warriors of their time."" "
"354","Armor","Gauntlets","Syan's Gauntlets","""Replica of the armor of the loyal knight Syan. This solidly-crafted gear offers high defense.Sir Syan was widely known as the Kingdom's most loyal knight, and when the Giants invaded, he volunteered to lead the advance party, but he was slaughtered most dishonorably.The King commissioned replicas of Syan's accoutrements and bestowed them on promising knights, but not long after they donned the armor did most go thoroughly mad."""
"355","Armor","Gauntlets","Targray's Manifers","""The Blue Sentinels have vowed to upliftthemselves from tireless training andselfless adherence to order and justice."""
"356","Armor","Gauntlets","Tattered Cloth Manchettes","""Gauntlets favored by pyromancers. They appear tattered but in fact the fabric is reinforced with pyromancy.Magic is no show. It is an art that allows mere mortals to glimpse into the very fabric of what is and may be."""
"357","Armor","Gauntlets","Throne Defender Gauntlets","""The Defender has stood by the throne for ages.Will his wait be worth the while?"""
"358","Armor","Gauntlets","Throne Watcher Gauntlets","""Gauntlets worn by the Throne Watcher. Has high magic defense.The Watcher waited by the throne for ages. Will all his waiting ever be rewarded?"""
"359","Armor","Gauntlets","Traveling Merchant Gloves","""Gauntlets worn by merchants from Lanafir, where blue represents knowledge. Wearing this increases item discovery.Lanafir is the farthest land to the south and follows a strict edict of isolationism. The rare visitor from Lanafir is always a little odd."""
"360","Armor","Gauntlets","Tseldora Manchettes","""Outfit worn by settlers of Tseldora. Rather fancy but with low defence and unfit for battle.Its design recalls Tseldora's glory days, the peak of the brightstone boom."" Effect: Increases number of Souls acquired"
"361","Armor","Gauntlets","Varangian Cuffs","""Gauntlets worn by Varagians, that terrorized nearby seas. The coastline stretches far Drangleic. Beyond this Northern Sea is an unexplored continent, said to be the home of things inhuman."""
"362","Armor","Gauntlets","Velstadt%27s Gauntlets","""Gauntlets worn by the Royal Aegis. Originally imbued with the power of miracles, now soaked with dark after extended exposure in the Undead Crypt.A knight from a faraway land was lured to this accursed land, but forgot even why he came, eventually reduced to a shadow of his former self."""
"363","Armor","Gauntlets","Vengarl's Gloves","""Gauntlets worn by the ferocious Vengarl of Forossa. As Vengarl's helmet suggests, he was not unlike a mad beast on the battlefield.""""Armor/Gloves/Boots of the ferocious Vengarl of Forossa. Vengarl was known as a raging, deadly warrior. Even Forossa's Lion Knights, a motley crew of rabid fighters, kept him at arm's length."""
"364","Armor","Gauntlets","Wanderer Manchettes","""Gauntlets for the roving type.Light, sturdy leather made for long journeys."""
"365","Armor","Gauntlets","White Priest Gloves","""Traditional Headpiece/Robe/Gloves/Skirt worn by Drangleic clerics. The clerics of Drangleic were not viewed with particular reverence, and their positions were only preserved as a nod to tradition. It is customary for clerics to wear different garb depending on their sex, but the reason for this practice is unknown. This is a men's headpiece/robe/gloves/skirt."""
"366","Armor","Gauntlets","Black Witch Gloves","""Robe worn by Zullie the witch,seducer of Alva of Wayfarer. Boasts excellent magic defense.When Zullie the witch learned of Alva's dedication to Saint Saint Serreta, she used all manner of tricks and deceit to ruin him, but in the end she would spend her life with him, supporting his endeavors."""
"367","Armor","Gauntlets","Penal HandCuffs","""Handcuffs of the Lost Sinner. Increases the power of pyromancy. A device used to restrict use of the hands."""
"368","Armor","Leggings","Agdayne%27s Black Kilt","""Kilt worn by Agdayne of the Undead Crypt. Life itself is suffering; or karma, as some have called it. The embrace of death awaits all things, but does death mean an end to suffering?"""
"369","Armor","Leggings","Alonne Knight Leggings","""Leggings worn by Alonne Knights. The bonds of the Alonne Knights, who served the Old Iron King, were mightier than the land's iron, but in the endthe knights were subsumed by the flames that brought the castle down.""  "
"370","Armor","Leggings","Alva Leggings","""Leggings worn by Alva the Wayfarer. Light but offers very high defense. Alva crossed many a land in search of a cure for Saint Serreta's sickness, but failed and relinquished his knighthood. Alva was once wracked with guilt and remorse, but rediscovered his purpose in life with the aid of the witch who once plotted against him.""  "
"371","Armor","Leggings","Archdrake Boots","""Leggings worn by the Archdrake sect of Lindelt. Though little is actually known about the order, it is said their well-honed miracles and unwavering faith in the face of death made them worthy rivals to Drangleic's forces in their day."" Scholar of the First Sin changed to: ""Little is known about the Archdrake sect and its ancient rituals, and those who dare to indulge their curiosity have been known to simply vanish. The Archdrake sect are the keepers of Lindelt's histories, including the only record of its foundation, a tome they have good reason to keep hidden away."""
"372","Armor","Leggings","Astrologist Kilt","""Robe bottoms worn by astrologists in Melfia.Astrologists believe that magical powers can be obtained at moments of special heavenly alignment. Even the collective wisdom of the Melfian Magic Academy cannot pull magic out of the sky, but the ideas of the astrologists led to the creation of new and very useful magic devices.""  "
"373","Armor","Leggings","Leggings of aurous Invisible","""Leggings of kings of the desert land of Jugo. First worn by Aurous, the land's heroic founder.According to legend, the armor of Aurous is composed of a mysterious substance that cannot be seen by cowards. What do your eyes tell you?"""
"374","Armor","Leggings","Leggings of Aurous","""Leggings of kings of the desert land of Jugo. First worn by Aurous, the land's heroic founder.According to legend, the armor of Aurous is composed of a mysterious substance that cannot be seen by cowards. What do your eyes tell you?"""
"375","Armor","Leggings","Bandit Leggings","""Boots of bandits of the Forossan outskirts. The territory of Forossa became lawless after the kingdom fell to war. Citizens became bandits, and scattered to other lands.""  "
"376","Armor","Leggings","Bell Keeper Trousers","""An old armor that is oddly comfortable. Belonged to a Bell Keeper. To this day, the forbidden love of Prince of Alken and the Princess of Venn manipulates these marionettes. Surely they never imagined that their dolls would outlast their own kingdoms."""
"377","Armor","Leggings","Benhart%27s Boots","""Armor of unknown origin. Belonged to Benhart of Jugo. Apparently Benhart found this while wandering land to land, but its origins are unknown. He wore it all the time, he adored it so, leaving a slight odor. ""  "
"378","Armor","Leggings","Black Leather Boots","""Boots dyed black. Allows the wearer to blend in with the dark. Often used by those with ill-intent. Meticulously crafted, and provides fair defense.""  "
"379","Armor","Leggings","Black Boots","""Boots Belonged to Straid of Olaphis.Straid was invited to the old kingdom of Olaphis for his wisdom, but its depth was such that people soon feared him, and in the end Straid was led into a dreadful trap.Straid spent several lifetimes as stone. During this hiatus, kingdoms rose and fell, until the land called Drangleic came to be.""  "
"380","Armor","Leggings","Black Witch Trousers","""Trousers worn by Zullie the Witch, seducer of Alva the Wayfarer. Boasts excellent magic defense. When Zullie the Witch learned of Alva's dedication to Saint Serreta, she used all manner of tricks and deceit to ruin him, but in the end she would spend her life with him, supporting his endeavors. The witch, as unloving as she was unloved, finally found illumination through her blighted existence.""  "
"381","Armor","Leggings","Bone King Skirt","""Skeleton lord Helmet/Armor/Gauntlets/Boots.High dark defense.The very men who were ordered to hunt down the Undead were themselves hollowed, and founded a kingdom of bone.""  "
"382","Armor","Leggings","Brigand Trousers","""Leggings donned by looting brigands.""""This armor may appear shoddy, but is in fact a very functional piece of work, its materials meticulously crafted together.""  "
"383","Armor","Leggings","Cale's Shoes","""Leggings of a light mirrah foot soldier. belonged to Cale the Cartographer.Apparently Cale procured this inexpensively second-hand, but it's surprisingly well-made.""  "
"384","Armor","Leggings","Catarina Leggings","""Kilt worn by Agdayne of the Undead Crypt. Life itself is suffering; or karma,as some have called it. The embrace of death awaits all things,But does death mean an end to suffering?""  "
"385","Armor","Leggings","Chaos Boots","""Leggings worn by a chaos sorcerer.He calls himself Navlaan, now.""  "
"386","Armor","Leggings","Creighton's Chain Leggings","""Atypical steel mask.Belonged to Creighton the Wanderer.Its design resembles that of the knight order of the eastern land of Mirrah, but with some odd differences that catch the eye.Perhaps it is a finely-crafted imitation.""  "
"387","Armor","Leggings","Dark Leggings","""Leggings of a knight subsumed by dark.No one knows the true identity of these men who are said to freely manipulate dark. Old foreign legends describe them as poor souls who chased the lost art of life drain.""  "
"388","Armor","Leggings","Desert Sorceress Skirt","""Sorceress Skirt from the distant land of Jugo. Appears to be a plain, thin fabric, but is permeated with powerful magic.Desert Sorceresses have enchanting looks, and they use them to catch people off guard.Oddly enough, even those who are perceptive enough to realize the ploy fall prey to their seductions with alarming regularity.""  "
"389","Armor","Leggings","Dragon Acolyte Boots","""Boots worn by acolytes of Aldia.Several of the greatest minds converged in Aldia to weave strange new rituals, but rumors suggest that during the course of their work their thoughts were not their own.""  "
"390","Armor","Leggings","Dragonrider Leggings","""Kilt worn by Agdayne of the Undead Crypt. Life itself is suffering; or karma, as some have called it. The embrace of death awaits all things, But does death mean an end to suffering?""  "
"391","Armor","Leggings","Drakekeeper Boots","""Giant onyx armor boots.Something dark indeed eats away at the drakekeepers, eternal guardians of the shrine.""  "
"392","Armor","Leggings","Drangleic Leggings","""Traditional Drangleic Leggings. Belonged to Captain Drummond.Drummond's ancestors have served Drangleic for generations, principally as defenders of the great fort, but Captain Drummond is the last in this proud line.""  "
"393","Armor","Leggings","Elite Knight Leggings","""Leggings made of bradden steel. Provides sturdy defense, making it an old-time favorite of elite knights.""Bradden steel is used widely in Drangleic. This fine alloy is made from ores mined in the southern kingdom.""  "
"394","Armor","Leggings","Executioner Leggings","""Leggings worn by the executioner of the Undead Purgatory. The spikes are designed to evoke fear.The executioner mercilessly put down countless Undead, but how could he know that it was never his own will, but that of the chariot horse?""  "
"395","Armor","Leggings","Falconer Boots","""Leggings worn by the Volgen Falconers.""""Domestic Volgen soldiers are infamously timid, so it is no wonder that this fierce band of mercenary falconers was hired to compensate.In practice they serve as bodyguards for the affluent elite, and they serve well, such that nobody dares scrutinize their backgrounds.""  "
"396","Armor","Leggings","Faraam Boots","""Boots worn by the Forossa Lion Knights. The mighty Lion Knights, worshippers of the war god Faraam, wore heavy armor and were feared for their nimble two-handed swordplay. But their legacy was cut short with the fall of Forossa."""
"397","Armor","Leggings","Flying Feline Boots","""Boots crafted with brown fur. Absorb shock and reduce fall damage. These boots, used in a celebrative festival, are light, rugged, and retain warmth.""  "
"398","Armor","Leggings","Grave Warden Bottoms","""Leggins worn by wardens of this crypt.""""The wardens of the crypt watch over the slumbering dead, making sure they are not awoken. Be they king or peasant, wise or dull, rich or poor, the wardens treat them all with the same care.""  "
"399","Armor","Leggings","Gyrm Boots","""Leggings of the nomadic Gyrm. Excellent poise but heavy""""The stocky Gyrm are kind-natured, but humans deemed them impure, and drove them underground.""  "
"400","Armor","Leggings","Gyrm Warrior Boots","""Warrior leggings of the nomadic Gyrm. Excellent poise and defense, but very heavy.Most Gyrm descendants refuse contact with outsiders, and live with a sense of deep contempt for those who exiled them""  "
"401","Armor","Leggings","Hard Leather Boots","""Helmet made of iron.""""Armor/Gauntlets/Boots made of sturdy leather.A commonplace piece of armor. No embellishments. Very solid.""  "
"402","Armor","Leggings","Havel%27s Leggings","""The origin of the name Havel is not clear. Some say it was the warrior who wore the armor, but others say that it was the name of a great kingdom ruined in a barbaric war.""  "
"403","Armor","Leggings","Heide Knight Leggings","""Leggings worn by Heide Knights""""Whether Heide refers to a kingdom or was just a name for the land is not clear, for no records date back far enough to tell.All that is known is that the Way of Blue has its origins in Heide, and that Heide was later subsumed by the sea.""  "
"404","Armor","Leggings","Hexer's Boots","""Armor worn by a hexer. Belonged to Felkin the Outcast.Those who have a taste of dark are drawn into its vortex and rarely return.Perhaps it appeals to something deep within the human soul..""  "
"405","Armor","Leggings","Imperious Leggings","""Helmet/Armor/Gauntlets,Leggings worn by once-proud knights.Relics of a party who long ago attempted to conquer the Undead Crypt.For this sin their deaths have been postponed, so they may serve as crypt sentries."""
"406","Armor","Leggings","Imported Trousers","""Hemp hood that fully covers the face. Provides protection from the elements, and little more.""""Traveler's tunic/manchettes/trousers. Won't provide much in the way of protection.The cursed souls who wander the lands have a strange way of ending up here, as if drawn from afar by some force."""
"407","Armor","Leggings","Infantry Boots","""Boots are worn by Drangleic infantry.Apiece of basic, minimal equipment. At least it's light and easy-to-use."""
"408","Armor","Leggings","Insolent Boots","""Leggings worn by once-proud clerics.Relics of a party who long ago attempted to conquer the Undead Crypt.For this sin their deaths have been postponed, so they may serve as crypt sentries."""
"409","Armor","Leggings","Ironclad Leggings","""Leggings worn by Ironclad Soldiers. Provides high defense, but is so heavy that it requires great strength to move""""The Ironclad Soldiers were minions created by the Old Iron King, their life granted by an enchantment of souls. By now this is again an iron husk, and fit to wear."""
"410","Armor","Leggings","Jester%27s Tights","""A boldly-colored jester's cap/robe/gloves/tights. A nice bit of fun to try on...""""Jesters are more than festival fixtures; some have a second face, hidden from public view."""
"411","Armor","Leggings","King%27s Leggings","""Leggings of Vendrick, King of Drangleic."
"412","Armor","Leggings","Leather Boots","""Boots made from soft leather. A commonplace piece of equipment.Few embellishments."""
"413","Armor","Leggings","Lion Mage Skirt","""Skirt worn by Lion Clan mages."
"414","Armor","Leggings","Llewellyn Shoes","""Shoes reinforced with rare geisteel. Excellent defensive gear that is both light and sturdy."""
"415","Armor","Leggings","Looking Glass Leggings","""Leggings worn by the Looking Glass Knight. Made of metal, but has high lightning defense.Those who wish to serve the king as loyal warriors must take the King's Passage and face the Looking Glass Knight.Those who fail the test are sacrificed by the merciless specular monstrosity."""
"416","Armor","Leggings","Lucatiel's Trousers","""Worn by knights while on travel. Belonged to Lucatiel of Mirrah. Only those who have distinguished themselves on the battlefield were admitted into the elite ranks of Mirrah's official order of knights. It is common to hear of a peasant's dream of striving for knighthood as an escape from hardship, but who would ever think it possible?"""
"417","Armor","Leggings","Mad Warrior Leggings","""King Vendrick called upon powers from beyond his borders in an attempt to stave off the curse. Perhaps they belonged to one of his guests."""
"418","Armor","Leggings","Manikin Boots","""Leggings of the Manikins of Harvest Valley. A fickle queen gave them life and tore off their faces. How else could she forgive those who dared gaze upon her?"""
"419","Armor","Leggings","Mastodon Leggings","""Leggings worn by the Primal Knights of Drangleic castle.Their weight would normally crush a man, but the Primal Knights wear them as if they were silk, so fearsome is their brutal strength.The King restored a forbidden, long-lost art to create these inhuman abominations."""
"420","Armor","Leggings","Monastery Skirt","""A traditionally sacred skirt crafted at Lindelt Monastery. Made of lightweight, flowing white fabric."
"421","Armor","Leggings","Moon Butterfly Skirt","""Skirt made from wings of the rare moon butterfly. Poisons those who approach its wearer. Also extends jump distance.Little is known about the moon butterfly, which only appears on full-moon nights in winter. Some say the butterfly is a magical being, and its larvae have never once been spotted.""Effects: Poisons nearby foes Increases length of jump"
"422","Armor","Leggings","Old Ironclad Leggings","""Old armor worn by ironclad soldiers. Boasts high defence, but extremely heavy.One day, warriors wearing decrepit armor emerged from drangleic castle, and quietly assumed positions amongst the royal army.not one of them ever spoke a word, or revealed the face under the mask."""""
"423","Armor","Leggings","Old Knight Leggings","""Old undated Leggings.How old could this nearly-crumbling armor be?Has extremely low durability.Sometimes, just as a thing falls to pieces, it unleashes its last flash of great power..."""
"424","Armor","Leggings","Pate's Trousers","""Although it appears to be common armor, it has in fact been meticulously customized. Belonged to mild-mannered Pate.This has been considerably altered. Perhaps it was pillaged."""
"425","Armor","Leggings","Peasant Set","Hat commonly worn by peasants. Designed to block sunlight, more fit for farming than fighting.Attire/long gloves/trousers commonly worn by peasants. Normal workwear, more fit for farming than fighting."
"426","Armor","Leggings","Priestess Skirt","""Robe worn by Drangleic clerics.""""The clerics of Drangleic have retained their status throughout the ages, but were always at arms length from the royal family, as if their existence was little more than a formality.""""It is customary for clerics to wear different garb depending on their area, but the reason for this practice is unknown...This is a woman's robe."""
"427","Armor","Leggings","Prisoner%27s Waistcloth","""Rags worn by imprisoned Hollows. This appears to have been worn on the head (body, arms, hip).Judging by its looks and apparent virtues, this really is no more than a tattered scrap of cloth. It still carries the stench of a Hollow."""
"428","Armor","Leggings","Royal Soldier Leggings","""Royal Drangleic soldier leggings.Equipment crafted by the royal blacksmith. Finely polished and ready for battle."""
"429","Armor","Leggings","Royal Swordsman Leggings","""Armor of a royal swordsman. Its shape provides defense while allowing great mobility. Stripped of ornamentation, this particular helm/armor is designed strictly for battle.King Vendrick supplied his bravest men with the best armor available to face the great giants, but very few returned alive."""
"430","Armor","Leggings","Ruin Leggings","""Armor worn by the jailer's creation, the Ruin Sentinel.The sentinel has no form, its soul residing within the armor itself. Stare at it for long and it seems ready to spring to life, but surely, such is an illusion."""
"431","Armor","Leggings","Rusted Mastodon Leggings","""Leggings worn by the Primal Knights of Drangleic castle. Durability is low due to rusting.Its weight would normally crush a man, but to the brutish Primal Knights it may as well be made of papyrus."""
"432","Armor","Leggings","Saint's Trousers","""Dress worn by miracle-casting clerics. belonged to Licia of Lindelt.While its true Licia dedicated herself to miracles, its rare for anyone to pass through life without trouble. even clerics arent always who they seem."""
"433","Armor","Leggings","Shadow Leggings","""Used to hide in the cover of night. Those who are especially adept assassins are often hired as bodyguards.In an attempt to stave off the curse, King Vendrick hired shadowmen to put down the Hollows, but before long they were Hollowed themselves"""
"434","Armor","Leggings","Smelter Demon Leggings","""Armor leggings of the Smelter Demon, a great mass of iron that was given life. High fire defense."""
"435","Armor","Leggings","Steel Leggings","""A relic of an order of knights said to be the mightiest warriors of their time."""
"436","Armor","Leggings","Syan%27s Leggings","""Replica of the armor of the loyal knight Syan. This solidly-crafted gear offers high defense.Sir Syan was widely known as the Kingdom's most loyal knight, and when the Giants invaded, he volunteered to lead the advance party, but he was slaughtered most dishonorably.The King commissioned replicas of Syan's accoutrements and bestowed them on promising knights, but not long after they donned the armor did most go thoroughly mad."""
"437","Armor","Leggings","Targray%27s Leggings","""The Blue Sentinels have vowed to upliftthemselves from tireless training andselfless adherence to order and justice."""
"438","Armor","Leggings","Throne Defender Leggings","""The Defender has stood by the throne for ages.Will his wait be worth the while?"""
"439","Armor","Leggings","Throne Watcher Leggings","""Helm/Armor/Gauntlets/Leggings worn by the Throne Watcher. Has high magic defense.The Watcher waited by the throne for ages. Will all his waiting ever be rewarded?"""
"440","Armor","Leggings","Traveling Merchant Boots","""Boots worn by merchants from Lanafir, where blue represents knowledge. Wearing this increases item discovery.Lanafir is the farthest land to the south and follows a strict edict of isolationism. The rare visitor from Lanafir is always a little odd."""""
"441","Armor","Leggings","Tseldora Trousers","""Outfit worn by settlers of Tseldora. Rather fancy but with low defence and unfit for battle.Its design recalls Tseldora's glory days, the peak of the brightstone boom."""
"442","Armor","Leggings","Varangian Leggings","""Leggings worn by Varagians, that terrorized nearby seas. The coastline stretches far Drangleic. Beyond this Northern Sea is an unexplored continent, said to be the home of things inhuman."""
"443","Armor","Leggings","Velstadt%27s Leggings","""Leggings worn by the Royal Aegis. Originally imbued with the power of miracles, now soaked with dark after extended exposure in the Undead Crypt.A knight from a faraway land was lured to this accursed land, but forgot even why he came, eventually reduced to a shadow of his former self."""
"444","Armor","Leggings","Wanderer Boots","""Boots for the roving type.Light, sturdy leather made for long journeys."""
"445","Armor","Leggings","White Priest Skirt","""Skirt worn by Drangleic clerics."
"446","Armor","Leggings","Xanthous Waistcloth","""This blindingly-bright yellow costume is said to have been worn by Xanthous King.Perhaps the heinously towering head cloth crown served some purpose, or perhaps it was some strange display of power""Despite the costume's being in near tatters, its yellow hues are mysteriously unfaded."""
"447","Armor","Leggings","Aurous Invisible Leggings","Leggings of kings of the desert land of Jugo. First worn by Aurous, the land's heroic founder. According to legend, the armor of Aurous is composed of a mysterious substance that cannot be seen by cowards. What do your eyes tell you?  "
"448","Armor","Leggings","Leggings of aurous","""Leggings of kings of the desert land of Jugo. First worn by Aurous, the land's heroic founder.According to legend, the armor of Aurous is composed of a mysterious substance that cannot be seen by cowards. What do your eyes tell you?"""
"449","Armor","Leggings","Bell Keeper trousers","""An old armor that is oddly comfortable. Belonged to a Bell Keeper. To this day, the forbidden love of Prince of Alken and the Princess of Venn manipulates these marionettes. Surely they never imagined that their dolls would outlast their own kingdoms."""
"450","Armor","Leggings","Black Dragon Leggings"," "
"451","Armor","Leggings","Jester's Tights","""A boldly-colored jester's cap/robe/gloves/tights. A nice bit of fun to try on...""""Jesters are more than festival fixtures; some have a second face, hidden from public view."""
"452","Armor","Leggings","Knight%27s Leggings","""Metal leggings worn by knights.Standard issue for new Drangleic knights."
"453","Armor","Leggings","Peasant Trousers","""Attire is commonly worn by peasants.Normal workwear, more fit for farming than fighting"""
"454","Armor","Leggings","Tights of Judgement","""Tights honoring an ancient goddess.Sin was said to be her domain, but thename of this goddess is long forgotten."
"455","Shields","Small Shields","Buckler","""A traditional small metal shield. Small shields are very light and easy to use, but have low stability when attacked. The center of a buckler is convex, designed to brush attacks aside, making parrying easier."""
"456","Shields","Small Shields","Small Leather Shield","""Small, leather-covered round shield. A particularly traditional type of small shield. Small shields are very light and easy to use, but not very stable when attacked."""
"457","Shields","Small Shields","Target Shield","""Small metal shield with protrusions. Small shields are very light and easy to use, but are not very stable when attacked. The protrusions on the center of the shield are designed to brush attacks aside and make parrying easier."""
"458","Shields","Small Shields","Crimson Parma","""A standard wooden parma. The fancy name and nifty paint are surely a merchant's efforts to make this very ordinary shield more attractive."""
"459","Shields","Small Shields","Iron Parma","""A small shield made of iron. The unusual design suggests a foreign origin. Lightweight despite its iron construction, and sturdy despite its small size, but not sufficient to protect one from real danger."""
"460","Shields","Small Shields","Foot Soldier Shield","""A small shield used by Drangleic foot soldiers. A clearly makeshift shield that does not offer significant defense. The only advantage of this shield is that it makes parrying easier."""
"461","Shields","Small Shields","Manikin Shield","""A shield used by the manikins of Harvest Valley. The peculiar art of puppetry is a vestige of the two lost lands. The Queen, entranced by poison, used it to beckon unknowing souls to the defiled valley."""
"462","Shields","Small Shields","Golden Falcon Shield","""Small shield used by Volgen Falconers. Appears like a glistening gold falcon from afar. Domestic Volgen soldiers are infamously timid, so it is no wonder that this fierce band of mercenary falconers was hired to compensate. The falconers are rumored to be untrusting of others, and demanding of prompt, full payment. But no wonder; they deliver much more than they are paid, and are well aware of it."""
"463","Shields","Small Shields","Benhart%27s Parma","""Small shield of Benhart of Jugo.This parma, emblazoned with a family crest of some sort, hasclearly been around for several generations, but has no special value."""
"464","Shields","Small Shields","Llewellyn Shield","""A small shield fashioned from rare geisteel. A masterpiece of the great blacksmith Llewellyn that he brought along as a gift when he left Mirrah for Drangleic."""
"465","Shields","Small Shields","Cleric%27s Parma","""A parma used by clerics on pilgrimage. Enchanted with a somewhat fragile blessing that allows spells to be deflected by parrying. Unfortunately, the shield provides very little physical defense, and is more of a lucky charm than a proper shield."""
"466","Shields","Small Shields","Cleric%27s Small Shield","""A small shield used by clerics on pilgrimage. Enchanted with a somewhat fragile blessing that allows spells to be deflected by parrying. Specially-crafted to provide extra durability and some level of physical defense."""
"467","Shields","Small Shields","Magic Shield","""Small shield used by Leydia apostles. Imbued with a special magic that allows spells to be deflected by parrying. The Leydia apostles were inhabitants of the Undead Crypt, but failed to treat death with the proper respect. As punishment, they were denied peaceful deaths."""
"468","Shields","Small Shields","Cursed Bone Shield","""Small shield used by Aldian warlocks. Reinforced by a covert ritual that granted the shield the power of flame. Can deflect spells by parrying. The peculiar figure known as Lord Aldia kept Giants in his manor, and attempted to recreate a dragon, but after some time, was not heard from again."""
"469","Shields","Small Shields","Varangian Shield","""Small Varangian shield engraved with a strange pattern. A former king launched a campaign to capture these terrors of the high seas, but rather than imprison them, forced them into hard labor at No-man's Wharf."""
"470","Shields","Small Shields","Watcher%27s Shield","""Small shield used by the Throne Watcher.nMade from an old sacred chime The Watcher has stood by the throne for ages. Will his wishes be fulfilled?"""
"471","Shields","Small Shields","Phoenix Parma","""A small shield decorated with a phoenix. The sea of flame that swallowed the Iron Keep took this shield as well, but when it was retrieved it was mysteriously unscathed, save a degree of discoloration."""
"472","Shields","Small Shields","Sunlight Parma","""A small shield depicting a hero of yore. Perhaps these famed champions are no more, or perhaps they have no desire appear in public view. But their very absence has made tales of their brave deeds all the more alluring, and this shield memorializes one of their brethren."""
"473","Shields","Small Shields","Transgressor%27s Leather Shield","""A shield enwreathed in a matte blackness. Found in the heart of the Dark Chasm. No one knows what lies beyond the dark passages found across Drangleic, but perhaps they are better left undisturbed."""
"474","Shields","Small Shields","Sanctum Shield","""A shield with a curious design. One of the treasures of the Sunken King. A mixture of mystical tree branch and sacred chime iron allows this shield to serve as a catalyst for miracles and sorceries. Most of the miracles and sorceries created in the Sanctum City were lost, but the quality of their armor and shields suggests highly advanced craftsmanship."""
"475","Shields","Standard Shields","Large Leather Shield","""A leather-covered shield. Preferred by hunters. Inferior to metal shields in terms of stability and physical damage reduction, but easy to use and weighing so little that it hardly requires any strength to bear."""
"476","Shields","Standard Shields","Blue Wooden Shield","""Wooden shield used from ancient times. Inferior to metal shields in terms of stability and physical damage reduction, but easy to use and weighing so little that it hardly requires any strength to bear."""
"477","Shields","Standard Shields","Silver Eagle Kite Shield","""Medium-sized metal shield. A commonly-used, standard shield. Has a pointed top designed for ease of use while on horseback."""
"478","Shields","Standard Shields","Old Knight's Shield","""An undated ancient shield. Wielded by a warrior from a time so ancient that there exists no record of his endeavors. Has extremely low durability. Sometimes, just as a thing falls to pieces, it unleashes its last flash of great power..."""
"479","Shields","Standard Shields","Lion Clan Shield","""Shield used by the Lion Clan warriors. Made of wood, but reinforced with metal. Light yet sturdy. The design on the shield appears to have some religious significance, but we will never know what sort of gods these warriors answer to."""
"480","Shields","Standard Shields","Archdrake Shield","""Shield of the Archdrake sect of Lindelt. The dragon was engraved for ritual purposes, but the shield itself is highly functional. The secrets of Lindelt rituals are protected by the Archdrake sect, and only a select few are given access to their canon of knowledge, which includes the truthful origins of the Archdrake sect itself."""
"481","Shields","Standard Shields","Mirrah Shield","""Shield issued to the proud knights of Mirrah's official order. In Mirrah, a land perennially beset by unrest, this shield was a symbol of the greatest knights' strength and willingness to give their lives for their country."""
"482","Shields","Standard Shields","Drangleic Shield","""Captain Drummond's shield. Even with its embossing terribly worn, this shield exudes pride and authority. An heirloom passed from grandfather to father, and then from father to son. Drummond, and those before him, held this shield when facing those who would threaten their great land."""
"483","Shields","Standard Shields","King's Shield","""Shield of Vendrick, King of Drangleic. One fragment of Dark, having taken human shape, became obsessed with the King's soul. Impelled by its own cravings, it sought souls, and strove to make the strength of the Giants its own."" (Sotfs)"
"484","Shields","Standard Shields","Spirit Tree Shield","""A shield with a blue relief of a spirit tree. A rather well-built shield decorated by the spirit tree that appears in the allegory of Quella, god of dream. Has a faint residue of magic, and can deflect spells by parrying."""
"485","Shields","Standard Shields","Golden Wing Shield","""A blue shield with a gold relief of wings. Likely a symbol of guardianship used by the Knights of the Blue. Contains materials enchanted by magic, allowing spells to be deflected by parrying."""
"486","Shields","Standard Shields","Moon Butterfly Shield","""Shield depicting the moon butterfly. A decorative shield not intended for battle, but effective at poisoning foes. Little is known about the moon butterfly, which only appears on full-moon nights in winter. Some say the butterfly is a magical being, and its larvae have never once been spotted."""
"487","Shields","Standard Shields","Shield of the Insolent","""The shield of formerly high-ranking clerics. The effects of a blessing are still with it, and the shield recovers one's stamina. The clerics held venerated positions once, but now, their souls wander aimlessly in the depths of a murky darkness. Effect: stamina recovery"""
"488","Shields","Standard Shields","Silverblack Shield","""A silver-black shield imbued with the power of dark. The equipment of the wardens of the Undead Crypt are soaked in its darkness, and permeated by its power. The grave wardens are said to know the name of every guest who rests in the crypt, no matter how long they have been with them."""
"489","Shields","Standard Shields","Stone Parma","""Shield of the castle stone soldiers. Sir Velstadt could always be found at the King's side, and followed him when he fled. The knights in his service waited patiently for his return, but turned to stone before he did."""
"490","Shields","Standard Shields","Grand Spirit Tree Shield","""Shield of the blue spirit tree that and is said to possess divine powers. Appears in the allegory of Quella, God of Dream, and can deflect spells by parrying. Once there was a boy who was easily frightened, until the talking tree of dreamworld transformed itself into a shield to protect him."""
"491","Shields","Standard Shields","Slumbering Dragon Shield","Shield of the Archdrake sect of Lindelt. Represents a slumbering dragon, and is intended for use in covert rituals. Recovers stamina. The fools who woke the slumbering dragon earned not only its ire, but also the destruction of an entire country. The survivors buried their wrongdoings in the past, and in a show of terrible conceit, attempted to make amends by carrying on the knowledge of the wasted land.Effect: stamina recovery. (Sotfs)"
"492","Shields","Standard Shields","Chaos Shield","""Shield of darkness and chaos. Once, a brilliant young sorcerer cast away his earthly desires, devoting himself entirely to the dark that bewitched him. Nebulous, inky, and serene, the Dark holds an allure matched only by the fear it strikes in men's hearts. Could it be nature, holding a mirror to mankind?"" (Sotfs)"
"493","Shields","Standard Shields","Wooden Shield","""A long wooden shield. Its face features a lion. Its wooden construction makes lightweight and easy to use, but as a shield it's inferior to its metal counterparts."""
"494","Shields","Standard Shields","Hollow Soldier Shield","""Shield of hollowed royal soldiers. The thing is in tatters, and only serves as a shield in a most minimal respect. The accoutrements of royal soldiers feature a depiction of a brave knight from an old parable."""
"495","Shields","Standard Shields","Royal Kite Shield","""A metal shield issued to knights. Nothing special about this shield, which is precisely why it is so easy to use, and the likely reason for its popularity. People rarely agree over what constitutes quality, but the broad popularity of these shields proves that there are exceptions."""
"496","Shields","Standard Shields","Bone Shield","""Shield used by Aldian acolytes. Crafted from the skull of some creature that outlived its usefulness for experimentation. The peculiar figure known as Lord Aldia kept Giants in his manor, and attempted to recreate a dragon, but after some time, was not heard from again."""
"497","Shields","Standard Shields","Drakekeepers Shield","""An extremely sturdy pitch-black greatshield. Colossal warriors staunchly watch over the shrine, ready to defend its resident, or allow one worthy enough to be granted audience."""
"498","Shields","Standard Shields","Porcine Shield","""A strangely porcine shield. The pig head looks eerily authentic, but it is an imitation. Though the shield's defensive capacity is ordinary, it may spook an unsuspecting foe."""
"499","Shields","Standard Shields","Bell Keeper Shield","""A wooden parma issued to bell keepers. Very light, and requiring hardly any strength. The bells symbolize forbidden love; the bell keepers, their faithful guardians, ever-ready to annihilate trespassers. They will stand watch, for ever and ever, these determined, if ill-fated, marionettes."""
"500","Shields","Standard Shields","Red Rust Shield","""Shield of the warrior Vengarl of Forossa. The chisels on the face were carved by Vengarl, to count the heads he claimed. The shield is terribly rusted and worn, but incredibly powerful, as if the deeds of its previous owner have rubbed off on it."""
"501","Shields","Standard Shields","Defender's Shield","""Shield of the Throne Defender. Permeated by powerful magic. The Defender has stood by the throne for ages. Will his wait be worth the while?"""
"502","Shields","Standard Shields","Black Dragon Shield","""A shield that appears in ancient legends. Strangely shaped, and said to be crafted from the talons of the black dragon. The legend of the pale dragon is told in various locales, but each account is fragmentary. Very rarely is the black dragon mentioned, and some say that it is merely an embellishment adopted in later retellings of the story."""
"503","Shields","Standard Shields","Watchdragon Parma","""A shield decorated by intertwined dragons. The black and white contrast depicts the ebb and flow of the fate of all things living, and the serpentine dragons that watch over the march of time. The bearer of this shield will be blessed by great fortune in battle."""
"504","Shields","Standard Shields","Blossom Kite Shield","""A rare shield depicting a blossoming flower, that soothes the weary heart of its bearer. What makes flowers beautiful, and why are we comforted when we gaze upon them? Sadly the flower depicted on this shield went extinct long ago. Effect: stamina recovery"""
"505","Shields","Standard Shields","Black Flamestone Parma","""A small shield affixed with a black crystal. Found deep inside the Gutter, in the Black Gulch. Heavier than a standard small shield but the hard crystal boosts its defense against slashing. Some of the more determined souls exiled to the Gutter sought to scale the walls of the forsaken place and walk the earth once again, but failed, and wasted away mired in misery and resentment."""
"506","Shields","Standard Shields","Yellow Quartz Shield","""A small shield affixed with a yellow quartz. This shield was found in the Iron Keep. Breaks easily due to corrosion, but is light and still very stable. In the Old Iron King's great iron keep was a vast collection of weapons, erected as a display of strength to the world. But they were lost when the king's conceit doomed the castle to sink into a lake of fire."""
"507","Shields","Standard Shields","Bound Wooden Shield","""A shield with an unusual design. Found in the Undead Purgatory. The chains and spikes wrapped around the shield cause bleeding, but weaken the shield's effectiveness. Accessories that are added to a weapon for the sole purpose of tormenting foes can often detract from the weapon's natural effectiveness."""
"508","Shields","Standard Shields","Homunculus Wooden Shield","""A shield with lumps attached to it. Found in the manor in Aldia. Heavier than a standard shield, but more stable owing to the hard lumps. In the far eastern outskirts of Drangleic lies an old manor that is now long forgotten. As it should be, for the things that lurk there are better left unknown."""
"509","Shields","Standard Shields","Loyce Shield","""Shield of the Knights of Loyce. The Knights of Loyce were commanded to strike down each malformed terror that arose from Chaos, and they would not hesitate even if it were their own king."""
"510","Shields","Standard Shields","Charred Loyce Shield","""Charred shield of the Knights of Loyce, burned black by flame. These Knights of Loyce lacked all sense of self, and were driven only by the urge to expunge any who might disturb the flame, even former compatriots."""
"511","Shields","Standard Shields","Rampart Golem Shield","""Shield wielded by the rampart golems, granted life by the Ivory King. The golems were charged with the containment of the creatures of chaos within the boundaries of the wall. When the doors of Eleum Loyce were flung open, the place turned frigid and lifeless, but the golems remained dutifully on guard."""
"512","Shields","Standard Shields","Vessel Shield","""Shield depicting a priestess of Eleum Loyce. Emanates a certain heat that heightens the abilities of its bearer. The priestesses, who devoted themselves to appeasing the ancient flame, are no longer."""
"513","Shields","Greatshields","Twin Dragon Greatshield","""A wooden greatshield featuring twin dragons.Quite light for this size of shield. One requires strength to handle a greatshield, but they are very stable. In battle, one fights using shield bash instead of parrying."""
"514","Shields","Greatshields","Tower Shield","""A metal greatshield. Very heavy, and requiring great strength to handle, but provides excellent defense. One requires strength to handle a greatshield, but they are very stable. In battle, one fights using shield bash instead of parrying."""
"515","Shields","Greatshields","Gyrm Greatshield","""A greatshield used by the nomadic Gyrm. Appears to be a stone monument that was converted into a makeshift shield. Naturally, it is quite heavy, and haphazardly crafted, but very few attacks will make it past this monster."""
"516","Shields","Greatshields","Old Knight Greatshield","""An undated ancient greatshield Wielded by a warrior from a time so ancient that there exists no record of his endeavors. Has extremely low durability. Sometimes, just as a thing falls to pieces, it unleashes its last flash of great power..."""
"517","Shields","Greatshields","Greatshield of Glory","""Greatshield of the King's loyal knight Syan. The King commissioned this greatshield specifically for his loyal knight, but Syan met his demise before its completion."""
"518","Shields","Greatshields","Drakekeepers Greatshield","""An extremely sturdy pitch-black greatshield. Colossal warriors staunchly watch over the shrine, ready to defend its resident, or allow one worthy enough to be granted audience."""
"519","Shields","Greatshields","Pate%27s Shield","""Pate's favorite greatshield. Appears rather humdrum, but in fact was forged by layering thin sheets of iron, a process that creates a shield with excellent defense for its weight. It is not always advisable to stand out. Especially if you have something to hide."""
"520","Shields","Greatshields","Mastodon Greatshield","""Shield of the Primal Knights that defend Drangleic castle. Very heavy, and has the power of lightning. The brutish and mighty Primal Knights wield this shield as if it were made of paper, but to the ordinary warrior it is a chore to even hold up, owing to its great weight. Whatever was created by Lord Aldia was lost with his disappearance, but the King attempted to revive these things, even if only fragments remained."""
"521","Shields","Greatshields","Havel%27s Greatshield","""A shield formed by chiseling a giant boulder. As solid as a rock, this shield is also very heavy. So heavy, in fact, that he who takes it into battle is not allowed to flee, until either he or his opponent has fallen."""
"522","Shields","Greatshields","Pursuer%27s Greatshield","""Greatshield of the Pursuer. For those who can handle the weight of this shield, it offers resistance to curses. The Pursuer hunts down those branded by the curse, as if each Undead soul that he claims will atone one of his sins."""
"523","Shields","Greatshields","Reeve%27s Greatshield","""Shield of the knights who long ago attempted to conquer the Undead Crypt. They bore no weapons, only a shield split into left and right halves, which they used to playfully crush their foes until their corpses were kneaded beyond recognition. The engraving depicts two messengers from the hereafter who welcome the recently dead by reviewing the merits of their deeds in life."""
"524","Shields","Greatshields","Orma%27s Greatshield","""Shield of the knights who long ago attempted to conquer the Undead Crypt. They bore no weapons, only a shield split into left and right halves, which they used to playfully crush their foes until their corpses were kneaded beyond recognition. The engraving depicts two messengers from the hereafter who welcome the recently dead by reviewing the merits of their deeds in life."""
"525","Shields","Greatshields","Dragonrider Greatshield","""Greatshield of the Dragonriders, King Vendrick's royal guard. The rank of Dragonrider was reserved for honorable warriors who helped found Drangleic. Together with the King, they crushed its former inhabitants and erected a magnificent kingdom upon their graves."""
"526","Shields","Greatshields","King%27s Mirror","""A greatshield created from the soul of the Looking Glass Knight. Can deflect spells. The Looking Glass at the castle is said to have been a passage to another world."""
"527","Shields","Greatshields","Rebel%27s Greatshield","""Shield of the rebel Raime. Raime, and Velstadt were known as the left- and right-arms of the King, until their wills clashed, and Raime was deemed a traitor. The black raven is despised as an augur of death, but it was Raime's favorite bird."""
"528","Shields","Greatshields","Wicked Eye Greatshield","""A greatshield with an unsettling design. Covered with the prints of countless hands. The true origin of this shield is unknown. No amount of polishing can clear its face of the mysterious hand prints. Effect: HP absorb."""
"529","Weapons","Daggers","dagger","A standard dagger. Has only modest attack and short reach, but can be jabbed in rapid succession. With a powerful critical attack, this is a potent weapon in the hands of the capable."
"530","Weapons","Daggers","Royal Dirk","A dagger fashioned from rare geisteel, boasting an unusually long blade.Geisteel was a precious alloy created in the eastern land of Mirrah, its composition long kept secret from foreign lands.That is, until Chancellor Wellager was ordered by King Vendrick to grant the gifted blacksmith Llewellyn a lifetime contract, whatever the cost, in order to introduce the rare alloy to Drangleic."
"531","Weapons","Daggers","Black Flamestone Dagger","A dagger affixed with a black crystal.Found deep inside the Gutter, in the Black Gulch.Heavier than a standard dagger, but with a fine crystal that gives it a smoother slice.Some of the more determined souls exiled to the Gutter sought to scale the walls of the forsaken place and walk the earth once again, but failed, and wasted away mired in misery and resentment."
"532","Weapons","Daggers","Parrying Dagger","Unlike standard weapons, this dagger is intended for parrying.Accomplishments are forever out of reach to those who constantly fear failure. A true warrior hones his body and mind, and peers far beyond immediate hardship."
"533","Weapons","Daggers","Bandit%27s Knife","A knife with a slightly broad single edge. Its tip is shaped to leave a wound that won't easily close. Designed for unsavory work, and beloved by those of unsavory ilk."
"534","Weapons","Daggers","Mytha's Bent Blade","Dagger forged from the soul of Mytha, the Baneful Queen. Coated with a potent poison. Mytha was the fairest queen in the land, until something unhinged her. Was it the poison found deep within the earth, or the passion that consumed her heart?"
"535","Weapons","Daggers","Shadow Dagger","Dagger used by those who lurk in the shadows. Formed by bending a sword into the shape of a dagger.In Mirrah, the land of knights, there exists an order of shadow knights who carry out assassinations in the cover of darkness.Those who fled even the order of shadow knights had rejected all forms of honor, and resorted to unseemly mercenary work."
"536","Weapons","Daggers","Thief Dagger","Dagger with a crooked tip. A common accessory of thieves, shoddily crafted and without much bite."
"537","Weapons","Daggers","Broken Thief Sword","A broken straight sword. Handled as a dagger due to its length.This inexpensive sword is terribly worn, but nevertheless a favorite amongst thieves."
"538","Weapons","Daggers","Manikin Knife","Knife of the manikins of Harvest Valley.The peculiar art of puppetry is a vestige of the two lost lands. The Queen, entranced by poison, used it to beckon unknowing souls to the defiled valley."
"539","Weapons","Daggers","Umbral Dagger","A sharp dagger.Crafted to facilitate assassinations with a focused backstab.One true strike with this blade, and your work will be done."
"540","Weapons","Daggers","Blue Dagger","Dagger used by fume sorcerers when a battle draws too close for comfort. An ordinary-looking dagger laced with magic. Strengthens spells, but also increases vulnerability to them."
"541","Weapons","Daggers","Retainer's Short Sword","Short sword wielded by retainers in the Garrison Ward.Long ago, the retainers attended to the priestesses, but with their disappearance, the retainers were left to wander frigid Eleum Loyce without purpose."
"542","Weapons","Straight Swords","Shortsword","A small straight sword. Longer than a dagger, but still lightweight.Widely used, as it requires no particular strength.A reasonable choice that will suffice in many situations, but not the thing to take along if you expect to face any serious challenge."
"543","Weapons","Straight Swords","Longsword","Standard straight sword.This straight sword is sufficient in most respects, and effective in most situations if wielded properly. Those who aspire to master the sword are certain to wield this at some point during their journey."
"544","Weapons","Straight Swords","Yellow Quartz Longsword","A straight sword affixed with yellow quartz.This longsword was found in the Iron Keep.Breaks easily due to corrosion, but is light and still inflicts very significant damage.In the Old Iron King's great iron keep was a vast collection of weapons,erected as a display of strength to the world.But they were lost when the king's conceit doomed the castle to sink into a lake of fire."
"545","Weapons","Straight Swords","Black Dragon Sword","In legend, this oddly-shaped straight sword is said to be forged from the black dragon's tail.As it is told, the black dragon lost its tail to a brave warrior in a magnificent battle, and the tail was later used to forge several legendary weapons."
"546","Weapons","Straight Swords","Broken Straight Sword","Straight Sword with its blade broken near in half. Nearly useless in battle, but ""nearly useless"" trumps ""empty-handed""."
"547","Weapons","Straight Swords","Broadsword","Standard straight sword. This straight sword is sufficient in most respects. and effective in most situations if wielded properly. Those who aspire to master the sword are certain to wield this at some point during their journey."
"548","Weapons","Straight Swords","Foot Soldier Sword","Inexpensive straight sword. Standard issue for Drangleic foot soldiers.No masterpiece, this weapon won't be used to fend off any truly threatening foe."
"549","Weapons","Straight Swords","Varangian Sword","Straight sword wielded by Varangians and engraved with a skull. A former king launched a campaign to capture these terrors of the high seas, but rather than imprison them, forced them into hard labor at No-man's Wharf. The king, wracked with fear and suspicion, began to see the progenitor of the curse in anything and everything. During his reign, sorcerers in particular suffered dreadful persecution."
"550","Weapons","Straight Swords","Heide Knight Sword","Straight sword originating in Heide, A special alloy makes it very durable.The composition of the alloy of these swords remains a mystery, but in Drangleic the attempt to imitate it resulted in the similar bradden steel."
"551","Weapons","Straight Swords","Blue Flame","Straight sword wielded by Leydia apostles.Imbued with a special magic that makes the Blue Flame both a sword and magic catalyst. Execute a strong attack to emit magic.The Leydia apostles, adept at magic, wielded unique weapons but were hunted down as traitors."
"552","Weapons","Straight Swords","Red Rust Sword","Straight sword of warrior Vengarl of Forossa.This sword is battle-worn and terribly rusted, but remains a deadly weapon owing to its incredible weight.Legend has it that it was built to test the limits of the strength of Forossa knights, until Vengarl swung it about like a wooden plaything, claiming ownership by demonstration."
"553","Weapons","Straight Swords","Sun Sword","A well-forged long sword.Of unknown origin, and exhibiting no special power, but sturdily crafted.Perhaps it does not live up to its name, but nevertheless, merely wielding this sword seems to cause warmth to well up within one's bosom."
"554","Weapons","Straight Swords","Drakekeeper's Sword","An extremely sturdy pitch-black straight sword.Colossal warriors staunchly watch over the shrine, ready to defend its resident, or allow one worthy enough to be granted audience."
"555","Weapons","Straight Swords","Puzzling Stone Sword","A sword with a segmented blade.When swung its segments separate and the sword strike in a whipping slash.Crafted with rare magnetic stone of remarkable strength only found within caves of the gutter."
"556","Weapons","Straight Swords","Ashen Warrior Sword","Straight sword wielded by ashen warriors.As brittle as it appears.The jagged edge of this tired and worn blade tears into the hides of foes."
"557","Weapons","Straight Swords","Fume Sword","Straight sword forged from the soul of the fume knight, and imbued with the Dark of Nadalia.The exile swordsman Raime had the ability to expunge the black fog, but chose instead to live alongside it, in the company of the child of Dark that haunts this sword."
"558","Weapons","Straight Swords","Possessed Armor Sword","Straight sword wielded by possessed armor.Has a heated blade imbued with fire.These suits of armor were once decorations, until the black fog ruling the tower seized control of them."
"559","Weapons","Straight Swords","Ivory Straight Sword","Sword of Fabian, knight of Eleum Loyce.This blade, crafted with ivory ore native to the land, harnesses souls to slash at foes.Sir Fabian led the loyal knights of Eleum Loyce straight into the depths of chaos to exterminate the terrible things that dwelled there, but not one of the selfless knights returned."
"560","Weapons","Greatswords","Bastard Sword","A standard greatsword. Heavy greatswords are designed to be wielded two-handed.Normally swung in large arcs and effective against multiple foes, be wary that such attacks leave the wielder wide open."
"561","Weapons","Greatswords","BlueMoon Greatsword","The Blade of this greatsword shines like the brilliant rays of the moon. In the oldest legends, rarely spoken of today, it is said that the sword was born of a great white being. Then, what explains this lifeless weapon? Perhaps there has been some mistake..."
"562","Weapons","Greatswords","Claymore","A very large greatsword. Very heavy, and designed for use with both hands.Allows for broad attacks that are effective against multiple foes. Requires great strength and experience to handle effectively."
"563","Weapons","Greatswords","Flamberge","A greatsword with an undulating blade. The unique shape is designed to pare the flesh, and is highly effective at causing bleeding. Flamberge literally means ""flame blade,"" but it also seems to bear a certain creature's likeness."
"564","Weapons","Greatswords","Drangleic Sword","Greatsword of Drummond, Royal Army Captain. An old and unadorned sword,perhaps, but the pride and joy of this venerable captain. An heirloom passed from grandfather to father, and then from father to son. Drummond, and those before him, used this sword to repel those who would threaten their great land."
"565","Weapons","Greatswords","Thorned Greatsword","A greatsword forged from the soul of the Looking Glass Knight.Strong attack unleashes its latent power.Fearing something wicked, the King fled the castle and never returned.But his warrior, forever true to his command, stands ready to expunge those who would challenge him.Effect: special attack (strong attack)"
"566","Weapons","Greatswords","Moonlight Greatsword","The blade of this greatsword shines like the brilliant rays of the moon.In the oldest legends, rarely spoken of today, it is said that the sword was born of a great white being.The strong attack unleashes its strength, launching a wave of moonlight.Effect: special attack (strong attack)"
"567","Weapons","Greatswords","Mastodon Greatsword","Greatsword of the Primal Knights that defend Drangleic Castle.The brutish and mighty Primal Knights wield this sword like a feather-light twig, but to the ordinary warrior it is a chore to even hold up, owing to its great weight.Terrible experiments were said to have taken place in a hidden manor in Drangleic. The mastermind presiding over the deeds was known as Lord Aldia."
"568","Weapons","Greatswords","Ruler's Sword","Greatsword of Vendrick, king of Drangleic. The strength of this sword is relative to the number of souls possessed by its wielder. The great king shut himself away, and was soon reduced to a mere shell. Just what was it that he yearned to protect? Effect: attack boosted by souls held Sotfs changed to: Greatsword of Vendrick, King of Drangleic. The strength of this sword is relative to the number of souls possessed by its wielder. One fragment of Dark, having taken human shape, became obsessed with the King's soul. Impelled by its own cravings, it sought souls, and strove to make the strength of the Giants its own. Effect: attack boosted by souls held."
"569","Weapons","Greatswords","Mirrah Greatsword","Greatsword issued to the proud knights of Mirrah's official order. This one was wielded by Lucatiel.This greatsword demands advanced skill in a rare and unique sword technique.A tiny message is inscribed on the blade, a promise to someone special."
"570","Weapons","Greatswords","Old Mirrah Greatsword","Greatsword issued to the proud knights of Mirrah's official order.This greatsword demands advanced skill in a rare and unique sword technique.A tiny message is inscribed in the blade, a promise to someone special."
"571","Weapons","Greatswords","Black Dragon Greatsword","In legend, this oddly-shaped long sword is said to be forged from the black dragon's tail.As it is told, the black dragon lost its tail to a brave warrior in a magnificent battle, and the tail was later used to forge several legendary weapons."
"572","Weapons","Greatswords","Black Knight Greatsword","Greatsword wielded by knights who served a lord of light in a long-forgotten age. Even after their flesh was charred by flame, they remained as strong as ever, and stood watch, challenging visitors to their land."
"573","Weapons","Greatswords","Royal Greatsword","Greatsword of the royal swordsmen.Its undulating blade draws blood from its foes. Despite the magnificence of this weapon, it was terribly inadequate in the war against the mighty Giants."
"574","Weapons","Greatswords","Old Knight Greatsword","An old undated greatsword.Wielded by a warrior from a time so ancient that there exists no record of his endeavors.Has extremely low durability.Sometimes, just as a thing falls to pieces, it unleashes its last flash of great power..."
"575","Weapons","Greatswords","Defender Greatsword","Greatsword wielded by the Throne Defender.Unleash its true power to enwreath in magic.The Defender has stood by the throne for ages.Will his wait be worth the while?"
"576","Weapons","Greatswords","Watcher Greatsword","Greatsword wielded by the Throne Watcher.Unleash its true power to enwreath in magic.The Watcher has stood by the throne for ages.Will his wait be worth the while?"
"577","Weapons","Greatswords","Key to the Embedded","Sword that opens the Embedded's door. Shaped like a weapon, but is in fact a key. Plunge the key into the Embedded to bring a rhapsodic end to his fate. The once-human Embedded, realizing that he could never resist the temptation of the flesh, bound himself eternally with chains. Since then, he has awaited the day that somebody will find this key, and bury it within his bosom."
"578","Weapons","Greatswords","Drakeblood Greatsword","Greatsword wielded by the Drakeblood Knights, led by the honorable Sir Yorgh. The insignia chiseled upon its hilt symbolizes dragon's blood.To the Drakeblood Knights, fresh dragon blood was sacrosanct. They believed that by obtaining it, they could achieve a true understanding of life, transcending their own banal existence."
"579","Weapons","Greatswords","Majestic Greatsword","An ancient greatsword of unknown origin.This sword was passed down through generations, until it reached Gordin, wandering knight of Forossa, and was lost upon his death. Uncannily, every last one of the prominent swordsmen who inherited this weapon was left-handed."
"580","Weapons","Greatswords","Charred Loyce Greatsword","A charred greatsword of the Knights of Loyce, its blade burned black by the flame.These Knights of Loyce lacked all sense of self, and were driven only by the urge to expunge any who might disturb the flame, even former compatriots."
"581","Weapons","Greatswords","Loyce Greatsword","Greatsword of the Knights of Loyce.The Knights of Loyce were commanded to strike down each malformed terror that arose from chaos, and they would not hesitate even it if were their own king."
"582","Weapons","Greatswords","Greatsword of The Forlorn","Greatsword of the Forlorn, who wander the land of the Undead. The King's elder brother Aldia sought to overcome the curse through means unalike his sibling's. The Forlorn were born of Aldia's sinful infatuation."
"583","Weapons","Ultra Greatswords","Pursuer's Ultra Greatsword","Ultra Greatsword of the Pursuer.Known as the mightiest of the straight swords, it demands great strength and dexterity of its wielder.The Pursuer hunts down those branded by the curse, as if each Undead soul that he claims will atone one of his sins."
"584","Weapons","Ultra Greatswords","Zweihander","An ultra greatsword, the heaviest of weapons.As the name suggests, the Zweihander is held with two hands, but its weight is such that even wielding it in this manner requires strength worthy of the blade."
"585","Weapons","Ultra Greatswords","Drakewing Ultra Greatsword","A sword decorated with drake wings.Use strong attack to unleash its latent power.The blade of this sword is split into two, and is best swung in smashing motions rather than slices.Drakes are likely descendants of the ancient dragons, and although their strength pales in comparison to the what is described in legend, to mere humans they are still mighty beasts.Effects: special attack (strong attack)"
"586","Weapons","Ultra Greatswords","King's Ultra Greatsword","An ultra greatsword forged from the soul of King Vendrick. Inflicts heavy damage on enemy armor. Only the king knows whether the depiction of the Queen is a resentful mockery, or an affectionate exaltation."
"587","Weapons","Ultra Greatswords","Drakekeeper's Ultra Greatsword","An extremely sturdy pitch-black greatsword.Colossal warriors staunchly watch over the shrine, ready to defend its resident, or allow one worth enough to be granted audience."
"588","Weapons","Ultra Greatswords","Old Knight Ultra Greatsword","An undated ultra greatsword. Wielded by a warrior from a time so ancient that there exists no record of his endeavors. Has extremely low durability."
"589","Weapons","Ultra Greatswords","Black Knight Ultra Greatsword","Ultra greatsword wielded by knights who served a lord of light in a long forgotten age.Even after their flesh was charred by flame, they remained as strong as ever, and stood watch, challenging visitors to their land."
"590","Weapons","Ultra Greatswords","Greatsword","A straight sword with a very long blade. One of few ultra greatswords. No human was intended to wield a sword of this weight or destructivenes.Only a few famed warriors have ever wielded this great blade, for it challenges the very limits of human ability."
"591","Weapons","Ultra Greatswords","Smelter Sword","An ultra greatsword forged from the soul of the Smelter Demon. Its blade bears the strength of terrible flames, a latent power unleashed by a strong attack. The earth spouted fire, and a beast arose from the flames. The short-sighted king was incinerated by the creature in one swing, and his castle devoured in a sea of flames.Effect: special attack (strong attack)"
"592","Weapons","Ultra Greatswords","Crypt Blacksword","Ultra greatsword symbolizing guardianship over the Undead Crypt. The sword has never seen the light of day, and is steeped in dark."
"593","Weapons","Ultra Greatswords","Lost Sinner's Sword","An ultra greatsword forged from the soul of the Lost Sinner.Its blade saps the life of its wielder.The true nature of this sword is unknown, even to the Lost Sinner herself.Those who choose this sword will share the burden of the Lost Sinner's misdeeds.Effect: attacks damage wielder."
"594","Weapons","Ultra Greatswords","Fume Ultra Greatsword","Ultra Greatsword forged from the soul of the Fume Knight.The Exile swordsman Raime had the ability to expunge the black fog, but chose to live alongside it, in company of the child of dark that haunts his sword."
"595","Weapons","Ultra Greatswords","Aged Smelter Sword","Ultra greatsword crafted from the soul of the smelter demon.It's blade is imbued with a great flame. Use the strong attack to unleash its latent power. When the old king acquired the power to grant life to heaps of iron he molded a great array of metallic automatons. The iron monstrosity itself was perhaps one of the king's puppets.Effect: special attack (strong attack)"
"596","Weapons","Ultra Greatswords","Ivory King Ultra Greatsword","Ultra greatsword of the Ivory King of Eleum Loyce.Wield with both hands to realize its full strength.It is said that the Ivory King was once the highest ranking knight in his home of Forossa, famed for its god of war.After taking his crown, they say he was the first to swing his sword in times of need, be it for his homeland or his people."
"597","Weapons","Curved Swords","Scimitar","A small curved sword with a narrow blade. The rapid slashing of the lightweight scimitar hardly allows the victim to catch a breath. Has a sharp blade, but is rather ineffective against armour and hard skin."
"598","Weapons","Curved Swords","Red Rust Scimitar","Curved sword of warrior Vengarl of Forossa. This sword is battle-worn and terribly rusted,but remains a deadly weapon owing to its incredible weight. Legend has it that it was built to test the limits of the strength of Forossa knights, until Vengarl swung it about like a wooden plaything, claiming ownership by demonstration."
"599","Weapons","Curved Swords","Spider Fang","Curved sword forged from the soul of the Duke's Dear Freja. Its blade is coated with a sticky silk that is cast with each strong attack, slowing enemy movement. Supposedly, the duke himself, an eccentric soul fascinated with spiders, went on to take a form that was far from human. Effect: movement slowdown (strong attack launches spider web, 10 durability per use)"
"600","Weapons","Curved Swords","Melu Scimitar","Scimitar of Laddersmith Gilligan. Nothing notable about this weapon, except perhaps the luxurious jewels embedded in the hilt. If your aim is to appear dazzling on the battlefield, this might just do the trick."
"601","Weapons","Curved Swords","Monastery Scimitar","Crafted at the Lindelt Monastery to replicate an ancient, sacred scimitar characterized by its uniquely shaped tip. When a true master wields this scimitar, their graceful chained attacks are described as mystical dances, and their deadly slashes as lingering nightmares."
"602","Weapons","Curved Swords","Falchion","A standard curved sword. Each slash of a curved sword does less damage than a straight sword, but can deal a series of hits in flowing succession. The sharp blade is effective at causing bleeding, but is soon dulled. Beware when facing rock-solid foes."
"603","Weapons","Curved Swords","Shotel","A uniquely-shaped curved sword. The name of its creator is unknown, but he was clearly a true craftsman. The curved blade is designed to reach around an opponent's shield to deal damage. Use the strong attack to utilize: Effect: shield piercing (strong attack)"
"604","Weapons","Curved Swords","Warped Sword","A curved sword forged from the soul of the Flexile Sentry. Once straight, but later twisted to reflect its warped owner. Long ago, the dungeons overflowed with the accursed, and the King commanded a contorted sentry to deliver those who had no cells to a faraway land, and to make certain they were never heard from again. Scholar of the First Sin changed to: A curved sword forged from the soul of the Flexile Sentry. Once straight, but later twisted to reflect its warped owner. The sentry crammed inmates of the overflowing Bastille onto a rickety ship, and cast them out to the open sea. The majority of them drowned or starved but a few hardy survivors made land to the south, and imparted their knowledge of sorcery to the people there."
"605","Weapons","Curved Swords","Manikin Sabre","Small curved sword of the manikins of Harvest Valley. The peculiar art of puppetry is a vestige of the two lost lands. The Queen, entranced by poison, used it to beckon unknowing souls to the defiled valley."
"606","Weapons","Curved Swords","Eleum Loyce","Curved sword forged from the Soul of Alsanna. Formed by two curious blades, this sword can restore an ally's HP with a hit from its strong attack. The enigmatic Alsanna quietly found a place at the Ivory King's side, and when his strength was fully drained, he conferred this sword inscribed with the name of the land, to her."
"607","Weapons","Katanas","Uchigatana","A katana of unknown origin. Crafted with a peculiar yet refined technique. The finely-sharpened blade of a katana slices with unmistakable smoothness, but should be wielded with caution, as its delicate constitution means it's easily worn."
"608","Weapons","Katanas","Washing Pole","A katana of unknown origin. Crafted with a peculiar yet refined technique. The extremely long blade allows for strikes from great distance, but its construction makes it extremely fragile."
"609","Weapons","Katanas","Chaos Blade","A Katana of unknown origin. Damage to foes also damages its owner. The peculiar pattern upon the blade suggests the sinister nature of this cursed blade. It is an alluring vortex and a lonely soul."
"610","Weapons","Katanas","Blacksteel Katana","Blacksteel katana wielded by Alonne Knights.One of the sturdiest types of katana, preferred by masters of the quick-draw. In the heyday of his land, the Old Iron King fancied entertaining dubious and eccentric guests from faraway lands. Most of them were charlatans, but among the riff-raff was an unusual knight from the far east. He trained the Iron King's men in the sword, in obeisance to his new lord."
"611","Weapons","Katanas","Manslayer","A katana with a terribly worn blade. Appears useless, but is in fact coated with deadly poison. This sword has claimed countless victims, and the bloodstains upon it's blade have turned to poison."
"612","Weapons","Katanas","Berserker Blade","The katana of a berserker, by its name. The thick, shiny black blade cuts exquisitely. Its origins and owner are unknown, but at some point the blade became known by this name."
"613","Weapons","Katanas","Darkdrift","Katana of Grave Warden Agdayne. Has a crystal-clear blade and a strong attack that slices through enemy shields. This katana was originally wielded by the one who gave us first death, and still exists imperfectly between planes. Effect: shield piercing (strong attack)"
"614","Weapons","Katanas","Bewitched Alonne Sword","Katana forged from the soul of Sir Alonne.The captivating, undulating design serves to enhance this weapon's mystical allure. Alonne came from the east, and soon became the Iron King's most trusted knight. When he departed, the Old Iron King bequeathed Sir Alonne's name to his iron warriors."
"615","Weapons","Curved Greatswords","Murakumo#fex","A curved greatsword said to have been brought to this land by a foreign warrior. Hold with both hands to make parrying possible. The exquisitely crafted wide blade makes deadly use of both its weight and smooth slicing action. A tough training regimen is required to master this sword."
"616","Weapons","Curved Greatswords","Arced Sword","A curved greatsword forged from the soul of the Flexile Sentry. There is something unsettling, and at the same time beautiful, about its long curved blade. Long ago, the dungeons overflowed with the accused, and the King commanded a contorted sentry to deliver those who had no cells to a faraway land, and to make certain they were never heard from again. Scholar of the First Sin changed to: A curved greatsword forged from the soul of the Flexile Sentry. There is something unsettling, and at the same time beautiful, about its long curved blade. The sentry crammed inmates of the overflowing Bastille onto a rickety ship, and cast them out to the open sea. The majority of them drowned or starved but a few hardy survivors made land to the south, and imparted their knowledge of sorcery to the people there."
"617","Weapons","Curved Greatswords","Curved Dragon Greatsword","A curved greatsword forged from the soul of the Ancient Dragon. In the Age of the Ancients, the world was unformed, shrouded by fog. A land of grey crags, archtrees, and everlasting dragons. Effect: special attack (strong attack consumes 10 durability per use)"
"618","Weapons","Curved Greatswords","Curved Nil Greatsword","A great curved sword with an Ominous blade. One of the forbidden weapons sealed away by the Ivory King. Formed by Rock, Tree, and the remnants of a most peculiar soul. It is said the farther the wielder travels, the deadlier the blade becomes."
"619","Weapons","Piercing Swords","Estoc","A large thrusting sword with a blade. The sturdy, slender long blade is designed to pierce the armor of enemies, and its strong attack can even inflict damage upon foes hiding behind shields.Though primarily a thrusting sword, its blade can also be used to slash your enemy."
"620","Weapons","Piercing Swords","Mail Breaker","A slightly stubby thrusting sword. Has a sharp, sturdy blade designed for thrusting. The Mail Breaker has limited reach, but a powerful critical attack. Effective against foes donning thick armor or with naturally hard skin. Effect: shield piercing (strong attack)"
"621","Weapons","Piercing Swords","Rapier","A standard thrusting sword. Thrusting Swords are light swords with fine tips that can be used while holding up a shield, and are effective for parrying. Use quick thrusts to damage hard-skinned foes. Also effective when fighting in narrow spaces."
"622","Weapons","Piercing Swords","Ricard%27s Rapier","An exquisitely decorated rapier. Said to belong to a prince who appears in an ancient tale. There are numerous variations of the story of the prince who wandered the lands and eventually became Undead. The majority of these tales end in tragedy. but there are some exceptions."
"623","Weapons","Piercing Swords","Chaos Rapier","Rapier of darkness and chaos. Navlaan claims to have sealed himself away to prevent tragedy, but could a sorcery truly possess a will of its own? Truth can be elusive, and the tales surrounding him are questionable. Only, it is clear a strange power possess this sword. Scholar of the First Sin changed to:Rapier of darkness and chaos. Once, a brilliant young sorcerer cast away his earthly desires, devoting himself entirely to the Dark that bewitched him. Nebulous, inky and serene, the Dark hold an allure matched only by the fear it strikes in men's hearts. Could it be nature, holding a mirror to mankind?"
"624","Weapons","Piercing Swords","Black Scorpion Stinger","Manscorpion Tark's thrusting sword. The scorpion pincer guard contains poison, which is injected into foes pierced by the blade. Tark's past is a thing obscure. But then again, do any of us know who we are, let alone what we may have been?"
"625","Weapons","Piercing Swords","Spider%27s Silk","Thrusting sword forged from the soul of the Duke's Dear Freja. Its needle-like blade can easily pierce the seams of the toughest armor. Supposedly, the duke himself, an eccentric soul fascinated with spiders, went on to take a form that was far from human. Effect: shield piercing (strong attack)"
"626","Weapons","Piercing Swords","Espada Ropera","Thrusting sword of Chancellor Wellager. Forged with rare geisteel. A masterpiece of the great blacksmith Llewellyn that he brought along as a gift when he left Mirrah for Drangleic."
"627","Weapons","Piercing Swords","Ice Rapier","Rapiers wielded by sorcerers of Eleum Loyce, imbued with a magic that is released with a strong attack. A great protective wall was erected to protect Eleum Loyce from the encroaching chaos, and these sorcerers were amongst its defenders."
"628","Weapons","Axes","Dragonslayer%27s Crescent Axe#fex","The beloved black axe of the gallant Shieldless Lothian, formerly of Forossa. No warrior matched the ferocity of unbeatable Lothian, but he abruptly retired from the battlefield and was never heard from again. Some say that he grew tired of the frailty of human foes, and set off to slay the legendary dragon."
"629","Weapons","Axes","Bound Hand Axe#fex","An axe with an unusual design. Found in the Undead Purgatory. The chains and spikes wrapped around the axe cause bleeding, but weaken the axe's effectiveness when slashing. Accessories that are added to a weapon for the sole purpose of tormenting foes can often detract from the weapon's natural effectiveness."
"630","Weapons","Axes","Hand Axe#fex","A crude hand axe. More of a tool than a weapon. Its short range necessitates close-range, and therefore perilous, combat. Does a respectable amount of damage, however, considering its relatively light weight."
"631","Weapons","Axes","Battle Axe#fex","An axe crafted for battle. Axes generally deal more damage than swords, but each swing leaves its wielder vulnerable. One is tempted to swing axes with wild abandon, but in fact their effective manipulation demands caution and precise timing."
"632","Weapons","Axes","Bandit Axe#fex","An axe of bandits of the Forossan outskirts Very sturdily built for the armament of a bandit. When Forossa fell to war, its citizens were left landless, and entirely to their own devices. Many were reduced to thievery, while Forossan knights scattered to other lands as sellswords."
"633","Weapons","Axes","Infantry Axe#fex","An axe wielded by Drangleic infantry. A makeshift, crude weapon that deals an underwhelming amount of damage."
"634","Weapons","Axes","Gyrm Axe#fex","An axe used by the nomadic Gyrm. At first glance this axe appears crude, but with further examination one sees the fine craftsmanship of Gyrm blacksmiths. Quite heavy for a human, but flung about with reckless abandon by the Gyrm."
"635","Weapons","Axes","Butcher%27s Knife#fex","An oddly large butcher's knife. Not your standard weapon, but certainly deadly enough to be utilized as one. Absorbs the HP of foes. Who in their right mind would create such a thing? Perhaps it is best not to dwell on how it was likely used in the past.Effects: HP absorb"
"636","Weapons","Great Axes","Greataxe","A greataxe wielded with both hands.This greataxe, crafted with a gigantic, weighty blade, is designed to inflict heavy damage, and requires inhuman strength to handle. Each swing of the greataxe requires the full force of the body, leaving the wielder wide open. Mastering this weapon will require the most thorough training of both body and mind."
"637","Weapons","Great Axes","Bandit Greataxe","A greataxe of bandits of the Forossan outskirts. Very sturdily built for the armament of a bandit. When Forossa fell to war, its citizens were left landless, and entirely to their own devices. Many were reduced to thievery, while Forossan knights scattered to other lands as sellswords."
"638","Weapons","Great Axes","Lion Greataxe","Greataxe wielded by Lion Clan warriors. The finely-crafted blade cuts smoothly, evidence that the lion clansmen are much more than vulgar beasts."
"639","Weapons","Great Axes","Giant Stone Axe","Greataxe forged from the Last Giant's soul. This weapon resembles a primitive stone tool, but is quite powerful owing to its immense size. King Vendrick disappeared as the war with the Giants reached its ferocious peak, leaving his castle. Some swear that upon hearing the news, the Queen's face remained as still as her portrait."
"640","Weapons","Great Axes","Gyrm Greataxe","A greataxe used by the nomadic Gyrm. At first glance this greataxe appears crude, but with further examination one sees the fine craftsmanship of Gyrm blacksmiths. Quite heavy for a human, but swung about with reckless abandon by the Gyrm."
"641","Weapons","Great Axes","Black Dragon Greataxe","In legend, this oddly-shaped greataxe is said to be forged from the Black dragon's tail. As it is told, the Black dragon lost its tail to a brave warrior in a magnificent battle, and the tail was later used to forge several legendary weapons."
"642","Weapons","Great Axes","Black Knight Greataxe","Even after their flesh was charred by flame, they remained as strong as ever, and stood watch, challenging visitors to their land."
"643","Weapons","Great Axes","Crescent Axe","A bronze greataxe with a crescent shaped blade. Its long handle gives the weapon great reach. One senses that this axe was once imbued with a sacred power, but only traces of it remain. Perhaps those who blessed this axe are no longer with us."
"644","Weapons","Hammers","Homunculus Mace","A pole with lumps attached to it. Found in the manor in Aldia. Heavier than a standard mace, but with more effective striking owing to its hard lumps. In the far eastern outskirts of Drangleic lies an old manor that is now long forgotten. As it should be, for the things that lurk there are better left unknown."
"645","Weapons","Hammers","Craftman%27s Hammer","An old smithing hammer. Looks like a typical hammer, but is in fact incredibly sturdy. Some say it was the hammer used long ago by a famed blacksmith of yore."
"646","Weapons","Hammers","Mace","A club fitted with a head crafted for battle. The mace is the archetypal blunt weapon. It has a primitive appearance, but also many advantages, including the ability to break the guard of a shield. Keep the proper distance from your foe, and this can be a very effective weapon."
"647","Weapons","Hammers","Morning Star","A club fitted with a spiked head. The spikes of this blunt weapon cause bleeding. Normally wielded by clerics, but clearly intended to draw blood."
"648","Weapons","Hammers","Reinforced Club","A wooden club headed with nails.Designed as a deadlier club, and certainly offers a stronger attack, but this club also seems quick to fall apart, perhaps due to its shoddy craftsmanship."
"649","Weapons","Hammers","Mace of the Insolent","The mace of formerly high-ranking clerics. It is combined with a sacred chime, and can cast miracles and hexes with strong attack. The clerics held venerated positions once, but now, their souls wander aimlessly in the depths of a murky darkness."
"650","Weapons","Hammers","Handmaid%27s Ladle","An ordinary kitchen ladle. He who chooses this as a weapon either faces extenuating circumstances or has an odd sense of humor. If you care for your life, leave this one in the kitchen."
"651","Weapons","Hammers","Blacksmith%27s Hammer","An ordinary hammer used by a blacksmith. Can be used as a hammer, but not to any great effect, as it was made to shape weapons, not serve as one."
"652","Weapons","Hammers","Black Dragon Warpick","In legend, this oddly-shaped war hammer is said to be forged from the black dragon's tail. As it is told, the black dragon lost its tail to a brave warrior in a magnificent battle, and the tail was later used to forge several legendary weapons."
"653","Weapons","Hammers","Aldia Hammer","Hammer used by Aldian acolytes. Not used as a weapon, but as an instrument to dissect the bodies of the victims of their experimentation.They say that Lord Aldia was the King's elder brother and helped found Drangleic, but he later lost interest in the land's fortunes."
"654","Weapons","Hammers","Barbed Club","A club forged from the soul of the Flexile Sentry.The spikes covering its length are as vile as the sentry itself.Long ago, the dungeons overflowed with the accursed, and the king commanded a contorted sentry to deliver those who had no cells to a faraway land, and to make certain they were never heard from again. Scholar of the First Sin changed to: A club forged from the soul of the Flexile Sentry.The spikes covering its length are as vile as the sentry itself.The sentry crammed inmates of the overflowing Bastile onto a rickety ship, and cast them out to the open sea.The majority of them drowned or starved, but a few hardy survivors made land to the south, and imparted their knowledge of sorcery to the people there."
"655","Weapons","Great Hammers","Large Club","A large wooden club. Not an elegant weapon by any means, but a beastly thing with plenty of weight to easily break a shielded defense."
"656","Weapons","Great Hammers","Great Club","A giant wooden club made from branches of a towering tree. Designed to smash foes. Simple but terribly effective against common shields."
"657","Weapons","Great Hammers","Gyrm Great Hammer","A great hammer used by the nomadic Gyrm. A makeshift weapon created from a blacksmith's anvil. As heavy as it appears. Crafted rather shoddily, but each hit landed is certain to inflict serious damage."
"658","Weapons","Great Hammers","Iron King Hammer","Great hammer forged from the soul of the Old Iron King. The tip is formed of molten rock. The corpse of the Old Iron King became the vessel that bred Ichorous Earth. The heavy rock tip is formed of cooled magma, with a still-smoldering core. Strong attack releases its inner power. Effect: special attack (strong attack)"
"659","Weapons","Great Hammers","Malformed Shell","One of the malformed weapons developed in Aldia. Swung like a great hammer. Appears to be a fragment of a giant shell, but its precise origins are unknown. The peculiar figure known as Lord Aldia attempted to uncover the secrets of life itself, and viewed the Undead as a key to this mystery."
"660","Weapons","Great Hammers","Malformed Skull","The skull of some unidentified creature. Swing as a great hammer to use as a weapon. Possibly the skull of a dragon. A good choice, likely too rare to be swung about willy-nilly."
"661","Weapons","Great Hammers","Dragon Tooth","A giant dragon tooth used as a great hammer. As solid as a boulder, this tooth is said to be taken from a dragon, but the truth of this claim is unclear. What is certain is that is bears some mystical power, and its wielder gains resistance to magic and fire."
"662","Weapons","Great Hammers","Giant Warrior Club","Club of the Giants that besieged Drangleic. Nothing more than a boulder bound to a tree, but a very powerful, if primitive weapon. A human would require great strength to wield this Giant-sized club. Scholar of the First Sin changed to: Club of the Giants that besieged Drangleic. Nothing more than a boulder bound to a tree, but a very powerful, if primitive weapon. King Vendrick, in adherence to Queen Nashandra's counsel, led his armies north in an effort to subjugate the Giants, and claim their powerful souls for his own."
"663","Weapons","Great Hammers","Demon%27s Great Hammer","Great hammer made of unknown materials. Perhaps it is stone, or even wood. The origins of its name are unclear. Its tremendous weight suggests that it was never intended for humans. Perhaps it was an offering to the demons that appear in legend."
"664","Weapons","Great Hammers","Archdrake Mace","A mace normally issued to clerics of the Archdrake sect of Lindelt. The land of Lindelt is governed by stringent laws, and those who dare defy them are punished without mercy. It is often the sinful who seek piety, spurred only by a selfish desire for salvation."
"665","Weapons","Great Hammers","Old Knight Hammer","An undated great hammer. Wielded by a warrior from a time so ancient that there exists no record of his endeavors. Has extremely low durability Sometimes, just as a thing falls to pieces, it unleashes its last flash of great power..."
"666","Weapons","Great Hammers","Drakekeepers Great Hammer","""An extremely sturdy pitch-black great hammer. Colossal warriors staunchly watch over the shrine, ready to defend its resident, or allow one worthy enough to be granted audience."""
"667","Weapons","Great Hammers","Sacred Chime Hammer","Great hammer of the Royal Aegis. The power of the hammer's blessing has not faded completely, despite being exposed to the dark of the Undead Crypt. Unleash its latent power with a strong attack. Sir Velstadt, known as the Royal Aegis, gave himself to the King both in life and death."
"668","Weapons","Great Hammers","Drakekeeper%27s Warpick","An extremely sturdy pitch-black war hammer. Colossal warriors staunchly watch over the shrine, ready to defend its resident, or allow one worthy enough to be granted audience."
"669","Weapons","Great Hammers","Pickaxe","A Pickaxe used for mining. Not intended as a weapon, but packs a powerful punch. This tool, designed to crush hard rock, can easily puncture weaker forms of armor."
"670","Weapons","Great Hammers","Sanctum Mace","A mace wielded by sanctum soldiers. This mace was corrupted by poison when Sinh, the sleeping dragon, awoke. A mere mortal would be asphyxiated by the poison emitted when wielding this, but for the noxious sanctum soldiers, this fact matters none."
"671","Weapons","Great Hammers","Smelter Hammer","Weapon wielded by the iron warriors that wander Brume Tower. Appears to have once been an axe, but in this terribly melted state it is little more than a great lump that crushes its foes by virtue of its sheer weight."
"672","Weapons","Fist Weapons","Caestus","Weapon used to strike with one's fists. The thick leather covering bears iron studs, and protects the hands while augmenting their striking power. Attacks with the fists are solely dependent on one's strength. With this weapon, any encounter becomes a brawl."
"673","Weapons","Fist Weapons","Claws","A weapon that attaches to the hands. The wearer attacks in a scratching motion with these three-pronged claws. Claws inflict deep wounds and cause bleeding."
"674","Weapons","Fist Weapons","Malformed Claws","One of the malformed weapons developed in Aldia. Appears to be a crustacean pincer, but its precise origins are unclear. Use strong attack to inflict damage even upon foes with raised shields. The peculiar figure known as Lord Aldia attempted to uncover the secrets of life itself, and viewed the Undead as a key to this mystery"
"675","Weapons","Fist Weapons","Manikin Claws","Claws used by the manikins of Harvest Valley. The peculiar art of puppetry is a vestige of the two lost lands. The Queen, entranced by poison, used it to beckon unknowing souls to the defiled valley."
"676","Weapons","Fist Weapons","Work Hook","A hook that covers the hand. Clearly not intended as a weapon, but certainly sharp enough to shred an enemy's skin."
"677","Weapons","Fist Weapons","Bone Fist","Bone that is bound to the fist. Used to enhance hand-to-hand combat. Salvaged from a malformed creature. Enables one to fight with inhuman strength, as if the very spirit of the bone's malicious owner had taken control."
"678","Weapons","Spears","Winged Spear","A spear with winged lugs. Longer than standard spears, allowing for attacks from further away. Thrusting attacks are effective even against opponents with high defense, but they have a narrow point of contact and won't effectively break through a shielded defense."
"679","Weapons","Spears","Partizan","A spear with a broad blade. The blade is widened and given extra weight to allow for slashing. The broader attacks of the partizan, however, make it less effective in narrow spaces."
"680","Weapons","Spears","Spear","A standard spear. Spears allow one to attack a foe from a distance, and while holding up a shield. Thrusting attacks are effective even against opponents with strong defense, but they have a narrow point of contact and won't effectively break through a shielded defense."
"681","Weapons","Spears","Pike","""A spear with an extended pole. Offers a very long reach, even for a spear, allowing for attacks from safer distances.Traditionally a weapon of regimental rather than single combat due to its unwieldiness. However, if you can manage to effectively step around an opponent, they will hardly have a chance to hit back. """
"682","Weapons","Spears","Stone Soldier Spear","Spear of the castle stone soldiers. Sir Velstadt could always be found at the King's side, and followed him upon his exit. The knights in his service waited patiently for his return, until they turned to stone."
"683","Weapons","Spears","Silverblack Spear","A silver-black spear imbued with the power of dark. The grave wardens vowed to ensure the tranquility of those who slumber in the Undead Crypt. If one dares disturb them, the grave wardens make no allowance for stature or riches, and will readily bury them along with the others."
"684","Weapons","Spears","Heide Spear","A spear originating in Heide. A special alloy makes it very durable. The composition of the alloy of these spears remains a mystery, but in Drangleic the attempt to imitate it resulted in the similar bradden steel."
"685","Weapons","Spears","Pate%27s Spear","A long spear wielded by Pate. This appears to be a very ordinary spear, but seems to have accumulated power of the course of countless battles. It is not always advisable to stand out. Especially if you have something to hide."
"686","Weapons","Spears","Channeler%27s Trident","A trident wielded by an old sorcerer. The tip is sharpened so smoothly that it suggests a degree of madness. Use two-handed strong attack to perform a power-channeling dance, the madness of which boosts the morale of nearby allies. Effect: attack boost (Two-handed strong attack)"
"687","Weapons","Spears","Spitfire Spear","A spear said to have been forged in Aldia. Contains the power of a great flame, which is unleashed in a strong attack. The mysterious Lord Aldia secluded himself inside a manor to conduct various experiments. Those invited to the manor disappeared, replaced over time with malformed beasts that formed its halls.Effect: special attack (strong attack )"
"688","Weapons","Spears","Dragonslayer Spear","A ranseur forged from the soul of the Old Dragonslayer. The spear of the knight known as the Dragonslayer was imbued with the power of lightning, and shattered the stone scales of dragons. Strong attack unleashes its latent power. Effect: lightning, special attack (strong attack)"
"689","Weapons","Spears","Gargoyle Bident","A two-pronged spear that imitates a weapon mentioned in an ancient text. Gargoyles are said to guard castles and forts from ill fortune, and they have appeared in many forms in all the great lands throughout history. Some of them are so meticulously crafted that they look as if they might come to life."
"690","Weapons","Spears","Pilgrim's Spontoon","Spontoon used by warriors on pilgrimage. Rather worn from the long journey it has doubtless seen. A spear which also doubles as a catalyst for sorceries, making it an ideal choice for light-footed pilgrims."
"691","Weapons","Spears","Yorgh%27s Spear","Spear wielded by Sir Yorgh during his invasion of the Sanctum City. After his defeat of the Sunken King, Sir Yorgh pierced Sinh, the sleeping dragon, with this spear to claim its blood. But Sinh immediately awoke, spewing a poisonous fog that blanketed the city in death, and Sir Yorgh disappeared into the Eternal Sanctum."
"692","Weapons","Halberds","Dragonrider%27s Halberd","Halberd of the Dragonriders, King Vendrick's royal guard. A highly versatile weapon that can slash, sweep, and thrust when wielded nimbly, and is also imbued with magic. Demands great skill of its wielder, and thus served to test the worthiness of those who aspire to join the Dragonriders."
"693","Weapons","Halberds","Scythe","A scythe fitted with a large custom blade. Has an extended slashing reach when swung broadly, but beware, these attacks make the wielder very vulnerable."
"694","Weapons","Halberds","Mastodon Halberd","Halberd of the Primal Knights that defend Drangleic castle. The brutish and might Primal Knights wield this halberd like a feather-light twig, but to the ordinary warrior it is a chore to even hold up, owing to its great weight. Terrible experiments were said to have taken place in a hidden manor in Drangleic. The mastermind presiding over the deeds was thought to be Lord Aldia"
"695","Weapons","Halberds","Santier%27s Spear","A spear that was embedded in a stone statue. According to an old local legend, a great spear was used to defeat Santier, the walking statue. Perhaps this is that very spear. But it will be difficult to utilize such a thing in the manner of a spear. Your only choice is to swing it around, and smite foes about the head."
"696","Weapons","Halberds","Blue Knight%27s Halberd","""Halberd of Targray, Knight of the Blue. A fitting weapon for a shepherd of lost soulsThose who put faith in an absolute good also believe in the existence of true evil. But to others, the distinction between the two can be quite unclear""."
"697","Weapons","Halberds","Old Knight Halberd","""An undated halberd.Wielded by a warrior from a time so ancient that there exists no record of his endeavors. Has extremely low durability. Sometimes, just as a thing falls to pieces, it unleashes its last flash of great power..."""
"698","Weapons","Halberds","Old Knight Pike","An undated pike. Wielded by a warrior from a time so ancient that there exists no record of his endeavors. Has extremely low durability"
"699","Weapons","Halberds","Syan%27s Halberd","Replica of the halberd of the loyal knight Syan.A meticulously-crafted, distinguished weapon.Sir Syan was widely known as the kingdom'smost loyal knight, and when the Giants invaded,he volunteered to lead the advance party,but was slaughtered most dishonorablyThe King commissioned replicas of Syan'saccoutrements and bestowed them topromising knights, but not long after theydonned the armor did they thoroughly go mad."
"700","Weapons","Halberds","Black Knight Halberd","Halberd wielded by knights who served the lord of light in a long-forgotten age. Even after their flesh was charred by flame, they remained as strong as ever, and stood watch, challenging visitors to their land."
"701","Weapons","Halberds","Roaring Halberd","Halberd forged from the soul of a Skeleton Lord. Imbued with the power of dark.The unsettling skull carved into this halberd recalls the final moments of the Skeleton Lord from whom it was created."
"702","Weapons","Halberds","Helix Halberd","A halberd with a helix-shaped handle, headed with a double blade. A complex design, some would say excessively so, that hides a spear within its handle. Although its precise origins are unclear, its construction appears to utilize techniques from the lost land of Olaphis."
"703","Weapons","Halberds","Wrathful Axe","An armament forged from the soul of Elana, child of Dark. Use strong attack to unleash its latent power. When the Abyss dissipated, the things that called it home were fragmented and scattered across the realm. Eventually these pieces regained form, in ways that hinted at humanity's true nature."
"704","Weapons","Lances","Heide Lance","A lance originating in Heide. A special alloy makes it very durable.The composition of the alloy of these lances remains a mystery, but in Drangleic the attempt to imitate it resulted in the similar bradden steel.Lances are normally wielded by mounted knights, and it takes considerable training to handle one on the ground."
"705","Weapons","Lances","Heide Greatlance","A lance originating in Heide. A special alloy makes it very durable. The tip of the lance has been extended. The composition of the alloy of these lances remains a mystery, but in Drangleic the attempt to imitate it resulted in the similar bradden steel. Lances are normally wielded by mounted knights and it takes considerable training to handle one on the ground."
"706","Weapons","Lances","Grand Lance","A Lance fashioned from rare geisteel, Designed for high-.ranking Drangleic Knights, hence the design''Geisteel equipment is of the finest make, but geisteel is so rare that very few of these weapons were actually used in combat.'''"
"707","Weapons","Lances","Chariot Lance","Lance forged from the soul of the Executioner's Chariot. Its cross-shaped blade causes bleeding.The perverse design of this spear mirrors the chariot from which it came, a merciless creation that endlessly tortured the Undead."
"708","Weapons","Lances","Rampart Golem Lance","Lance wielded by the rampart golems, granted life by the Ivory King.The golems were charged with the containment of the creatures of chaos whithin the boundaries of the wall. When the doors of Eleum Loyce were flung open, the place turned frigid and lifeless, but the golems remained dutifully on guard."
"709","Weapons","Reapers","Crescent Sickle","A sickle with a crescent-shaped blade. This sickle, enchanted by magic, is not intended as a weapon, but rather a ceremonial instrument."
"710","Weapons","Reapers","Great Scythe","A great scythe used to harvest grain. Normally used as a farm tool, not a weapon. It feels almost as if there were powers in its giant blade, perhaps drawn from the fears of those hunted by this fearsome thing."
"711","Weapons","Reapers","Silverblack Sickle","A silver-black sickle imbued with the power of dark. The large arced blade reaches around shields and inflicts damage. The grave wardens vowed to ensure the tranquility of those who slumber in the Undead Crypt. If one dares disturb them, the grave wardens make no allowance for stature or riches, and will readily bury them along with the others. Effect: shield piercing (strong attack)"
"712","Weapons","Reapers","Great Machete","Created by strapping a large blade to a hilt. A crude makeshift weapon with low durability. Primitive weapons can be more effective at evoking fear than more advanced efforts. Perhaps this is why the wielder chose this fearsome creation."
"713","Weapons","Reapers","Full Moon Sickle","A large sickle with a round blade. The thin blade, fortified with bradden steel, slices with a fine smoothness. Hooks into flesh, then rips it apart to cause bleeding."
"714","Weapons","Reapers","Scythe of Nahr Alma","The scythe used by Titchy Gren, and by believers in Nahr Alma, god of blood. Normally used only in ceremonies. Imbued with the power of dark. This is no place for talk of such things, however."
"715","Weapons","Reapers","Bone Scythe","Scythe forged from the soul of the Covetous Demon. The curved spine of the Covetous Demon is hard as rock, and rather than slicing through flesh, this weapon seems to grind it apart. That thing that ended up as a monstrous fiend, what was it to begin with, and why did it never leave the queen? Perhaps it was entranced by some perversion of love."
"716","Weapons","Reapers","Scythe of Want","Original: A scythe born from the soul of Nashandra.The old one of the Abyss was reborn in death, split into miniscule fragments, and spread across the land.The pieces began to coalesce again, becoming human in shape. Scholar of the First Sin changed to: A scythe born from the soul of Nashandra.The old one of the Abyss was reborn in death, split into miniscule fragments, and spread across the land.After regaining their shapes, they crawled forth yearning for strong souls, in search of greater power."
"717","Weapons","Reapers","Scythe of The Forlorn","Scythe of the Forlorn, who wander the land of the Undead. The King's elder brother Aldia sought to overcome the curse through means unalike his sibling's. The Forlorn were born of Aldia's sinful infatuation."
"718","Weapons","Twinblades","Twinblade","A twinblade fashioned from rare geisteel. Designed for high-ranking Drangleic knights, hence the decorative design. Geisteel equipment is of the finest make, but geisteel is so rare that very few of these weapons were actually used in combat."
"719","Weapons","Twinblades","Stone Twinblade","""Twinblade of the castle stone soldiers. Sir Velstadt could always be found at the King's side, and followed him when he fled. The knights in his service waited patiently for his return, but turned to stone before he did."""
"720","Weapons","Twinblades","Dragonrider Twinblade","Twinblade of the Dragonriders, King Vendrick's royal guard. Twinblades are wielded with an unusual technique. This one strikes hard but is very heavy. Demands great skill of its wielder, and thus served to test the worthiness of those who aspired to join the Dragonriders."
"721","Weapons","Twinblades","Red Iron Twinblade","""A twinblade with heavy blades on each end. More suited to smashing foes than slashing them. Requires a great deal of muscle to wield artfully. The twinblade closely imitates the design of a foreign-made weapon that has the blades affixed to both ends of its hilt."""
"722","Weapons","Twinblades","Curved Twinblade","""A twinblade imported from a foreign land. The razor-sharp blades cause bleeding, but as a result, are easily worn and dulled. When wielded by a master, this dual-tipped blade is an unparalleled weapon that hardly allows a foe any opportunity to retaliate..."" More description"""
"723","Weapons","Twinblades","Sorcerer's Twinblade","""A twinblade originating in Melfia. Doubles as a Catalyst for Sorcery. A rare weapon used by very few warriors, owing to its dependence in honed skills with both staff and sword."""
"724","Weapons","Whips","Whip","A leather whip. Not normally used on the battlefield. Very effective against bare flesh, but not against enemies with armor or like protection."
"725","Weapons","Whips","Notched Whip","A whip covered in spikes. Shreds skin and causes bleeding. Very effective against bare flesh, but not against enemies with armor or like protection."
"726","Weapons","Whips","Bloodied Whip","A blood-stained whip. A tool made for a purpose forbidden by the gods. Its effect is augmented by its pointed tip, but still only marginally effective against protective covering such as hard armor."
"727","Weapons","Whips","Spotted Whip","A whip born from the soul of the Demon of Song. Covered with strange spots that betray its poisonous effects. The Demon's sonorous voice, in stark contrast to its hideous form, is sure intended to lure people close so that it may devour them."
"728","Weapons","Whips","Old Whip","A leather whip that has seen plenty of use. It appears no different than an ordinary whip, but is charmed by an ancient blessing that boosts damage inflicted on Hollows. The blessing is likely the work of a cleric, but whether the spell is good or evil is unclear. Effect: attack boost against Hollows."
"729","Weapons","Bows","Short Bow","The type of small bow used by hunters in training. Equip arrows to use. Equip up to two types of arrows to give yourself immediate options in battle. Use arrows to hit enemies from afar to gain the upper hand by drawing first blood."
"730","Weapons","Bows","Long Bow","A standard bow used by hunters. Equip Arrows to use. Equip up to two types of arrows to give yourself immediate options in battle. Use arrows to hit enemies from afar to gain the upper hand by drawing first blood."
"731","Weapons","Bows","Composite Bow","A bow crafted from various materials. Inflicts more damage than ordinary bows, but has a shorter range, making it unfit for sniping."
"732","Weapons","Bows","Sea Bow","A bow built for sea-faring marine warriors. Has an extended range for hunting down sea monsters from afar. A great sea lies to the north of Drangleic, and beyond that is an explored continent that is home to things inhuman."
"733","Weapons","Bows","Dragonrider Bow","Bow wielded by Dragonrider, King Vendrick's royal guard. Merely drawing this bow requires inhuman strength, but each shot has deadly potential. Demands great skill of its wielder, and thus served to test the worthiness of those who aspired to join Dragonriders."
"734","Weapons","Bows","Bell Keeper Bow","Wooden bow used by bell keepers. Very light, and requiring hardly any strength. The bells symbolize forbidden love; the bell keepers, their faithful guardians, ever-ready to annihilate trespassers.They will stand watch for ever and ever, these determined, if ill-fated, marionettes."
"735","Weapons","Bows","Bow of Want","Original: A bow created from the soul of Nashandra. The old one of the Abyss was reborn in death, split into miniscule fragments, and spread across the land. The smallest of the pieces, sensing its own fragility, yearned for what it lacked. Scholar of the First Sin changed to: A bow created from the soul of Nashandra. The old one of the Abyss was reborn in death, split into miniscule fragments, and spread across the land. Light and Dark are two sides of the same coin, much like the soul and the curse. The beings who presented themselves to those in search of kinghood were drawn to their awesome strength."
"736","Weapons","Bows","Hunter%27s Blackbow","A black bow designed for long distances. Difficult to handle at first, and requiring some amount of practice to master. The hunting Goddess Evlana was no goddess at all, but rather a brave and highly skilled bow huntress. Long after her demise, the passing of lore transformed her into a deity."
"737","Weapons","Greatbows","Alonne Greatbow#fex","Unique bow equipped by Alonne Knights. This very powerful bow uses great arrows, but each draw of the string requires a great deal of time, leaving the shooter vulnerable. In the heyday of the land, the Old Iron King fancied entertaining dubious and eccentric guests from faraway lands. Most of them were charlatans, but amongst the riff-raff were true masters of authentic and refined arts."" Scholar of the First Sin changed to: Unique bow equipped by Alonne Knights. This very powerful bow uses great arrows, but each draw of the string requires a great deal of time, leaving the shooter vulnerable. In the heyday of the land, the Old Iron King fancied entertaining dubious and eccentric guests from faraway lands. Most of them were charlatans, but among the riff-raff was an unusual knight from the far east. He trained the Iron King's men in the sword, in obeisance to his new lord."
"738","Weapons","Greatbows","Dragonslayer Greatbow#fex","A greatbow said to be used to down ancient dragons flying high above the clouds. Extremely large for a mere bow, and more destructive than any ranged weapon imaginable. Shooting this bow requires the grounding of its stability anchor, which takes time and leaves the shooter vulnerable. Also requires great arrows."
"739","Weapons","Greatbows","Possessed Armor Greatbow","Greatbow wielded by possessed armor. Crafted with multiple layers of iron, resulting in almost excessive sturdiness. These suits of armor were once decorations, until the black fog ruling the tower seized control of them."
"740","Weapons","Greatbows","Twin-Headed Greatbow","A greatbow made of animal bone. The fine craftmanship suggests that it originates in Lanafir. The unusual design appears to have ceremonial implications, but may simply be intended to intimidate foes."
"741","Weapons","Crossbows","Light Crossbow","A standard crossbow. Equip bolts to use. Unlike bows, a crossbow can be held in one hand. Equip up to two types of bolts to give yourself immediate options in battle."
"742","Weapons","Crossbows","Heavy Crossbow","A large crossbow that deals heavy damage. Equip bolts to use. Unlike bows, a crossbow can be held in one hand. Equip up to two types of bolts to give yourself immediate options in battle."
"743","Weapons","Crossbows","Shield Crossbow","Crossbow created from the soul of the Executioner's Chariot. Iron plate serves as a shield while firing. The merciless chariot inflicted agony upon others with utter impunity, and the crossbow created from its soul strives to protect from possible retribution. Effect: guard while firing"
"744","Weapons","Crossbows","Avelyn","An extremely rare rapid-firing crossbow. Fire three successive bolts. Inflict heavy damage by making all three shots count. Fiorenza, the richest merchant in all of Volgen recreated this lost weapon after reading of it in an old book."
"745","Weapons","Crossbows","Sanctum Repeating Crossbow","Crossbow wielded by sanctum knights. Strong attack fires dark bolts. These guardian knights were sentenced to eternal stewardship of the Sanctum in a clandestine ritual carried out in the great depths, but today the sanctum receives nary visitor."
"746","Weapons","Crossbows","Sanctum Crossbow","Crossbow wielded by sanctum knights. Strong attack fires dark bolts. These guardian knights were sentenced to eternal stewardship of the Sanctum in a clandestine ritual carried out in the great depths, but today the sanctum receives nary visitor."
"747","Weapons","Crossbows","Dark Clutch Ring","Ring depicting a hand grasping a stone. Increases dark attack, but reduces physical defence. The origin of this ring is unknown, but its design suggests one of the dark deities. Effective use of this ring requires skill on the part of its wearer."""
"748","Weapons","Staves","Witchtree Branch","Branch of a forest-wandering witchtree. A catalyst for sorceries and hexes. Now it is used as a weapon, but this was originally a part of a witchtree."
"749","Weapons","Staves","Lizard Staff","Staff used by the fallen sorcerers who wander this land. A catalyst for both sorceries and hexes. Particularly well-attuned for sorceries. The lizard bound to its tip is a simple charm, and has no bearing on the staff's powers."
"750","Weapons","Staves","Transgressor%27s Staff","A staff enwreathed in a matte blackness. Found in the heart of the Dark Chasm. A catalyst for sorceries and hexes. No one knows what lies beyond the dark passages found across Drangleic, but perhaps they are better left undisturbed."
"751","Weapons","Staves","Sorcerer%27s Staff","The first staff of most sorcerers. A catalyst for sorceries and hexes. To use sorceries, attune a sorcery at a bonfire and equip a staff. The strength of most sorceries is affected by the caster's intelligence."
"752","Weapons","Staves","Staff of Amana","Staff held by a priestess of Amana. A ritual staff that was not intended for use in battle, but nevertheless it functions as a catalyst for sorceries and hexes. The Demon was contained within the shrine by sacred rituals. but over time the tradition was lost, and the Demon set free. It gained knowledge, and learned to lure humans into its lair using song. Effect: spell damage modifier while human"
"753","Weapons","Staves","Olenford's Staff","Staff of Olenford the sorcerer. A catalyst for sorceries and hexes. Olenford, revered as the father of sorcery in Melfia, sought knowledge that surpassed mankind's ken, and so ventured into the Undead Crypt, and did away with his humanity. Scholar of the First Sin added: Some hold the theory that Melfian sorceries and pyromancies originated within the boundaries of Drangleic, in ages past."
"754","Weapons","Staves","Archdrake Staff","Staff of members of the Archdrake sect of Lindelt. A catalyst for sorceries and hexes.In Lindelt, known for its clerics and their miracles, sorcery is believed to be a profane practice.But as with anything, such beliefs are part faith and part front, and this staff was born of that hypocrisy."
"755","Weapons","Staves","Bat Staff","Staff used by hollowed Drangleic sorcerers, A catalyst for sorceries and hexes. The bat affixed to its tip is a simple charm. It has no bearing on the staff´s powers, but the germs on the cadaver poison foes upon contact in strike attacks."
"756","Weapons","Staves","Bone Staff","Staff crafted with animal bones. A catalyst for sorceries and hexes. Properly trained sorcerers receive their first staff from their master after reaching a certain level of accomplishment. Those without proper training must devise something of their own making."
"757","Weapons","Staves","Staff of Wisdom","Staff of the lost land of Olaphis. Sorcery-dedicated catalyst. Cannot be used to cast hexes. The crystal at the tip of the staff greatly augments spell strength. Already a finely-crafted staff, made even more effective by its crystal, the brilliance of which has been polished over time with powerful magic."
"758","Weapons","Staves","Sunset Staff","A staff said to have been forged in Aldia. A catalyst for sorceries and hexes. Particularly powerful for casting hexes. The mysterious Lord Aldia secluded himself inside a manor to conduct various experiments. Those invited to the manor disappeared, replaced over time with malformed beasts that roamed its halls."
"759","Weapons","Staves","Black Witch%27s Staff","Staff used by Leydia Witches. Imbued with a special magic, making it a catalyst for sorceries, miracles, and hexes. Leydia apostles are adept at magic, and wielded unique weapons, but were deemed blasphemous and slaughtered. Effect: Use Sorceries, Miracles, and Hexes."
"760","Weapons","Staves","Azal's Staff","Staff of Azal, sage of Forossa. Rather roughly crafted, but imbued with the magic of Azal. Greatly intensifies spells, but also drastically reduces spell usage. This staff, unfit for the inexperienced, is evidence of sage Azal's prowess."
"761","Weapons","Staves","Retainer Staff","Staff wielded by the retainers in the cathedral city. Long ago, the retainers attended to the priestesses, but with them gone, the retainers were left to wander frigid Eleum Loyce without purpose."
"762","Weapons","Staves","Pilgrim%27s Spontoon","Spontoon used by warriors on pilgrimage. Rather worn from the long journey it has doubtless seen. A spear which also doubles as a catalyst for sorceries, making it an ideal choice for light-footed pilgrims."
"763","Weapons","Flames","Pyromancy Flame#fex","A flame catalyst used by pyromancers. Pyromancers rouse this flame to produce various fire arts. Equip pyromancy flame to produce pyromancy. Attune pyromancies at a bonfire. The strength of a pyromancy depends on the strength of one's pyromancy flame, which can be improved through reinforcement."
"764","Weapons","Flames","Dark Pyromancy Flame#fex","A flame catalyst used by pyromancers. Pyromancers rouse this flame to produce various fire arts. The flame rewards those with a thirst of power. The more Hollowed one is, the stronger its effect. Effect: Spell power scales with Hollowing."
"765","Weapons","Chimes","Cleric%27s Sacred Chime","Most clerics receive this as their first sacred chime. A catalyst for miracles and hexes. To use miracles, equip a sacred chime and attune a miracle at a bonfire. The strength of most miracles is affected by the caster's faith."
"766","Weapons","Chimes","Witchtree Bellvine","Witchtree bellvine that sprouts amongst old growth. A catalyst for miracles and hexes. Clerics who were ostracized devised this as an alternative catalyst for casting miracles. Most clerics who were stripped of their status are good-for-nothings, but among them are powerful spell casters who represented real threats to the establishment. Although not a proper catalyst, the bellvine is quite powerful."
"767","Weapons","Chimes","Priest%27s Chime","Sacred chime granted to high-ranking clerics. A catalyst for miracles and hexes. Drangleic was the home of many clerics, but King Vendrick held a lukewarm opinion of their powers, and kept them only as attendants to ceremony. In this sense, Drangleic was not the place for a cleric with any ambition."
"768","Weapons","Chimes","Dragon Chime","A sacred chime shaped as a dragon. A catalyst for miracles and hexes. This chime sat long in the Dark Chasm, but still one senses a sublime purity. Only those with the deepest faith can wield this chime, but they will be rewarded with greatly amplified spells."
"769","Weapons","Chimes","Chime of Want","Original: Sacred chime created from the soul of Nashandra. Greatly amplifies spells. The old one of the Abyss was reborn in death, split into miniscule fragments, and spread across the land. The tiniest of these pieces, precisely due to its size, was the first to restore its form. Scholar of the First Sin changed to: Sacred chime created from the soul of Nashandra. The old one of the Abyss was reborn in death, split into miniscule fragments, and spread across the land. After taking their shapes, they courted monarchs of considerable power, which they desired to make their own."
"770","Weapons","Chimes","Archdrake Chime","Sacred chime used by members of the Archdrake Sect of Lindelt. A catalyst for miracles and hexes. The land of Lindelt is governed by stringent laws, and those who dare defy them are punished without mercy. Scholar of the First Sin added: It is often the sinful who seek piety, spurred only by a selfish desire for salvation."
"771","Weapons","Chimes","Idol%27s Chime","Sacred chime of Licia of Lindelt. A catalyst for miracles and hexes. In any town there will be a few folk with unusual urges. They either endeavor to resist these urges, or act upon them out of the view of others. The world is not so welcoming they may bare their souls true."
"772","Weapons","Chimes","Caitha%27s Chime","Sacred chime blessed by Caitha, goddess of tears. Hex-dedicated catalyst. Cannot be used to cast miracles. Caitha, the goddess of tears, is known as a compassionate being that is with us in times of tragedy, but some believe that she is a demoness that guides us toward misfortune."
"773","Weapons","Chimes","Protective Chime","Sacred chime commonly used by clerics of Lindelt. A catalyst for miracles and hexes. A sacred chime serves to conduct the power of miracles, but in the past, something entirely different served the same purpose."
"774","Weapons","Chimes","Disc Chime","""A rare sacred chime of unknown origin. Can be used as a shield. This chime, likely brought here by a visiting saint, slightly augments the effects of miracles. Use strong attack to emit miracles and hexes. Effect: use miracles and hexes (strong attack)"""
"775","Weapons","Chimes","Chime of Screams","Sacred chime forged from the soul of Nadalia, Bride of Ash. Nothing appears sacred about the frightful design of this chime, but it does have the benefit of raising one's faith. The oozing, frozen iron forming the bell seems to anticipate a scream."
"776","Rings","Rings","Agape Ring","A ring affixed with an open vessel. The vessel insatiably absorbs souls in place of its wearer, who is left unaware even of their collection. All things are rooted in souls, but what drives our thirst for them? Abstinence from this elixir may be the truest homage to an enduring self"""
"777","Rings","Rings","Life Ring","An old ring set with a red jewel. Raises maximum HP. Each ring has a different power, and even very modest rings can be a great boon on a perilous journey."
"778","Rings","Rings","Chloranthy Ring","The ring is named for its decorative green blossom, but its luster is long since faded. Raises stamina recovery speed."
"779","Rings","Rings","Royal Soldier%27s Ring","A ring bearing a soldier's seal. Increases the load that can be carried. These rings were granted to warriors who distinguished themselves in the service of King Vendrick. The king favored simple warriors who staked their every battle on strength alone."
"780","Rings","Rings","First Dragon Ring","A dragon signet ring. Grants its bearer the protection of dragons. Increases HP, stamina, and maximum load, but is easily broken. Raulmond, knight of Drangleic, served the king by guarding the fort until his own demise, and was said to have cherished this ring throughout his life of service."""
"781","Rings","Rings","Ring of Steel Protection","Wearer gains the protection of steel. Increases physical defense. Said to be the ring of the once legendary Knight King, though his tales are long forgotten, and even the greatly wizened have no recollection of his exploits."
"782","Rings","Rings","Spell Quartz Ring","A ring bestowed upon students of a certain standard at the Melfian Magic Academy. Its soul-based quartz increases magic defense. Pyromancer Glocken crafts these replicas, much to the dismay of the conservative old-guard faculty."
"783","Rings","Rings","Flame Quartz Ring","A ring bestowed upon students of a certain standard of the Melfian Magic Academy. It's fire-based quartz increases fire defense. There are rumors that Pyromancer Glocken has made a hefty profit selling these replicas."
"784","Rings","Rings","Thunder Quartz Ring","A ring bestow upon students of a certain standard at the Melfian Magic Academy. It's lightning quartz increases lightning defense. Pyromancer Glocken crafted so many of these replicas that they became widespread, such that his fellow magicians harshly scolded him for undermining lessons gained from harsh training."
"785","Rings","Rings","Dark Quartz Ring","""A ring bestow upon students of a certain standard at the Melfian Magic Academy. It's lightning quartz increases lightning defense. Pyromancer Glocken crafted so many of these replicas that they became widespread, such that his fellow magicians harshly scolded him for undermining lessons gained from harsh training."" A ring bestowed upon students of a certain standard at the Melfian Magic Academy. Its dark-infused quartz increases dark defense. Pyromancer Glocken was criticized for crafting these replicas, but it is well known that they have saved the life of many a traveler."
"786","Rings","Rings","Poisonbite Ring","One of the several ""bite"" rings, known for their peculiar design. Increases poison resistance. The similar, oddly disturbing design of these rings suggests a common source. Whoever the master craftsman was, he clearly knew his trade."
"787","Rings","Rings","Bloodbite Ring","One of several ""bite"" rings, known for their peculiar design. Increases bleeding resistance. The similar, oddly disturbing design of these rings suggests a common source. Whoever the master craftsman was, he clearly knew his trade."
"788","Rings","Rings","Cursebite Ring","One of several ""bite"" rings, known for their peculiar design. Increases curse resistance. The similar, oddly disturbing design of these rings suggests a common source. Whoever the master craftsman was, he clearly knew his trade."
"789","Rings","Rings","Bracing Knuckle Ring","Knuckle ring worn by Rhoy the Explorer. Slows equipment degradation. Expensive, flashy gear will not always make life easier for you. Sometimes, you just need your tried-and-true equipment to last the long haul."""
"790","Rings","Rings","Ash Knuckle Ring","Knuckle ring worn by Rhoy the Explorer. Increases petrification resistance. Petrification is tantamount to death, and in that sense, this knuckle ring is a charm that may save your life."
"791","Rings","Rings","Dispelling Ring","A protective ring set with gemstones of four different colors. Increases the wearer's resistance to magic, lightning, fire and dark. The artistry required to attune the varying powers of four different stones within one ring could only be described as transcendental. There is only one sorcerer who could have done this; a man from the lost land of Olaphis."
"792","Rings","Rings","Ring of Resistance","A protective ring adorned with four blessed gems. Increases resistance to poison, bleeding, petrification, and curses. A creation of the lost land of Olaphis. The sorcerer who created this was so powerful that he became widely feared"
"793","Rings","Rings","Ring of Blades","The Ring of Blades is modeled after the mad knight of Alken's weapon of choice. Increases physical attack. The kingdoms of Alken and Venn long ago flourished on these very grounds. They were both founded by the same man, but were reduced to rivalry and spite."
"794","Rings","Rings","Ring of Knowledge","A ring blessed by the High Priest of Volgen. Increases intelligence. The clerics of the great city of Volgen are perennially entrenched in scandalous power struggles, but among them remain a few strong-willed, upstanding noblemen."
"795","Rings","Rings","Ring of Prayer","""The clerics of the great city of Volgen are Perennially entrenched in scandalous power struggles, but among them remain a few strong-willed, upstanding noblemen."""
"796","Rings","Rings","Stone Ring","The beloved ring of the gallant Shieldless Lothian, formerly of Forossa. Hits greatly reduce enemies poise. The effect may seem trivial, but for those who comprehend how critical it is to exploit a hole in enemy defenses, the significance of this ring will be clear."
"797","Rings","Rings","Red Tearstone Ring","A ring set with a rare tearstone. Reacts when the wearer is in danger, temporarily increasing its wearer's physical attack power. Caitha, goddess of tears, mourns the undeserving dead, shedding tears as red as blood. It is said that the stone set in this ring is one such tear"
"798","Rings","Rings","Blue Tearstone Ring","A ring set with a rare tearstone. Reacts when the wearer is in danger, temporarily increasing its wearer's physical defense. Caitha, goddess of tears, mourns those who have lost loved ones by shedding pure tears of blue. It is said that the stone set in this ring is one such tear."
"799","Rings","Rings","Ring of Giants","The beloved ring of the gallant Shieldless Lothian, formerly of Forossa. Increases poise. Lothian was born a peasant, and died a general. His determination and diligence were unmatched, especially on the battlefield, where he earned his name by choosing to fight without a shield."""
"800","Rings","Rings","Old Leo Ring","The beloved ring of a dragon-slaying knight. Strengthens thrust weapon counter attacks. After many years of use, the ring's face has worn down, but close inspection reveals an engraved lion."""
"801","Rings","Rings","Ring of Soul Protection","Divine ring that watches over one's soul. Created by Ivory Rhones, sage of Lindelt. Its great protective power will protect you from any loss upon death or petrification, but after its power is spent, the ring will break"""
"802","Rings","Rings","Ring of Life Protection","Divine ring that watches over one's life. Created by the students of Ivory Rhones, sage of Lindelt. Its great protective power will protect you from any loss upon death, but after its power is spent, the ring will break."
"803","Rings","Rings","Lingering Dragoncrest Ring","A ring used long, long ago in a land that existed where Drangleic is now. Extends the length of spell effects. Presumably, this ring was used by a high sorcerer, but no proof of such remains. Scholar of the First Sin changed to: A ring used long, long ago in a land that existed where Drangleic is now. Extends the length of spell effects. The ancient dragons were once worshipped in several nations, and rumors concerning objects of similar enchantments to this uncommon ring abound in many lands, though their origins are no longer verifiable."
"804","Rings","Rings","Clear Bluestone Ring","A ring that belonged to Fiorenza, the only truly moneyed merchant in Volgen. Shortens spell casting time. Fiorenza used his riches to buy up trinkets of luxury and rare collectibles, but was ruined after years of excessive debauchery."
"805","Rings","Rings","Northern Ritual Band","One of the secret treasures restored in Aldia. Increases spell uses, but at the cost of HP. This modest-looking ring contains very powerful magic. To imagine what unspeakable deeds were performed to create such rings, one need only recall the cruel fate of the residents of Aldia."
"806","Rings","Rings","Southern Ritual Band","One of the secret treasures restored in Aldia. Raises the number of spells you may attune. This modest-looking ring contains very powerful magic. To imagine what unspeakable deeds were performed to create such rings, one need only recall the cruel fate of the resident of Aldia."
"807","Rings","Rings","Covetous Gold Serpent Ring","A gold ring depicting the snake, both the servant and manifestation of the god of desire, Zinder. Greed is traditionally viewed as a vice, but only a coward sees every chance as something to fear."""
"808","Rings","Rings","Covetous Silver Serpent Ring","A silver ring depicting the snake, both the servant and manifestation of the god of greed, Zandroe. Greed is traditionally viewed as a vice, but only a fool lets that ruin a good opportunity."""
"809","Rings","Rings","Ring of the Evil Eye","A modest, but inexplicably disturbing ring. Absorb HP for each enemy defeated. Peer too closely at the rare stone that forms the eye of this ring, and things that writhe and stir may come into focus."
"810","Rings","Rings","Ring of Restoration","A protective ring passed down in House Osteria. It gradually restores the wearer's HP, but breaks if the wearer takes a certain amount of damage.In the sacred land of Lindelt, it was said that as long as House Osteria held this ring, the peace and safety of the people would be assured. Sotfs: A protective ring passed down in House Osteria. Gradually restores HP.In the sacred land of Lindelt, this ring symbolized prosperity and longevity for the great House Osteria. But the ring is fragile and breaks easily, as if it hates being taken for granted."
"811","Rings","Rings","Ring of Binding","""An unusual ring of unknown origin. Limits the wearer's HP reduction when Hollow. Alas, this ring will not make you human. What is lost is not easily retrieved."""
"812","Rings","Rings","Silvercat Ring","Silver ring depicting a leaping feline. Reduces damage from falling. Legend has it that when cats grow old, a force brews within them, and they are reborn as something new."
"813","Rings","Rings","Redeye Ring","A cursed ring depicting a demon eye. Becomes easier to be detected by enemies. If it is tranquility that you seek, then you should never have left your home. If you seek strife, then fair enough, but no need to overdo it."""
"814","Rings","Rings","Gower%27s Ring of Protection","The ring of the assassin Gower, who has killed a half-dozen kings, and several distinguished clergymen. Reduces damage taken from behind. For an assassin, whose own life is always at stake, the greatest liability is one's exposed back."""
"815","Rings","Rings","Name-engraved Ring","A special ring that can be engraved with the name of a god. Becomes easier to connect to worlds of players who chose the same god. There are countless vestiges of long-lost gods in the ruins of Drangleic. Or perhaps they are the very same gods as ours, only known by different names."
"816","Rings","Rings","Slumbering Dragoncrest Ring","An old ring of the Melfian Magic Academy. Depicts a soundly slumbering dragon. Masks the sounds made by its wearer. The precise origins of the Magic Academy are hazy, for over its long history, its faculty has been dissolved and reestablished at least a dozen times. Sotfs: An old ring of the Melfian Magic Academy. Depicts a soundly slumbering dragon. Masks the sounds made by its wearer. Though unknown for certain, some say the founders of the academy were sinful men who came from across the northern seas. The sorceries they left behind were fragmentary, and barely legible, leading to the loss of much of their wisdom."
"817","Rings","Rings","Hawk Ring","A ring graced with the engraving of the hawk. Extends the range of arrows. Blue eyed Durgo, the nomadic bowman, had many valiant victories in battle, half owing to the boon of this ring."
"818","Rings","Rings","Old Sun Ring","Accumulates power as the user is harmed, then explodes damaging surrounding enemies while leaving it's wearer unscathed. An odd stone ring containing a fiery heat. Accumulates power as the user is harmed, then explodes damaging surrounding enemies while leaving it's wearer unscathed. Our deeds will come back to us in some form or another, both good and bad."
"819","Rings","Rings","Illusory Ring of a Conqueror","A ring of blue stone. The stone is misshaped, however imperceptibly. renders certain equipment invisible. Do not judge your foes by their appearance. He who approaches without a sword carries two behind his back."
"820","Rings","Rings","Illusory Ring of the Exalted","A ring of yellow stone. The stone is misshaped, however imperceptibly. Renders certain equipment invisible. Do not judge your foes by their appearance. He who approaches without a sword carries two behind his back."
"821","Rings","Rings","Ring of the Dead","The wearer of this ring appears human even when Hollow. They say that in the Undead Crypt, we can reacquaint ourselves with the dead. We all suffer loss. And none of us can escape death. Then, what is the fascination with reclaiming that which has already passed into that beyond?"""
"822","Rings","Rings","Ring of Thorns","Ring granted protection by Kremmel, god of Struggle. The ring's spikes drive into the wearer's skin, so that each blow fuels spite toward the perpetrator. When damage is taken the ring retaliates and inflicts damage upon enemy."
"823","Rings","Rings","Delicate String","A soft string-like ring tied around the finger. Makes it easier for invaders to find your world. Who would create such a ring, and why? Perhaps the answer is better left unknown."
"824","Rings","Rings","White Ring","A precious ring which grants the protection of Quella, god of dreams. Makes its wearer appear as a white phantom, misleading invaders. He who sets the trap must be wary. For traps are known to spring upon their owners."
"825","Rings","Rings","Ring of Whispers","Ring worn by Rhoy the Explorer. Hear the inner voices of surrounding foes. Useful for locating hidden enemies, and perhaps for a few other things, as well."""
"826","Rings","Rings","Blue Seal","Ring of the Way of Blue covenant. Increases HP slightly. The Way of Blue is not a developed religion. It is a humble prayer that spread naturally amongst those seeking help. When apostles of Blue are invaded by dark spirits, they can receive assistance from masters of other worlds."""
"827","Rings","Rings","Guardian%27s Seal","Ring of the Blue Sentinel covenant. Join this covenant and wear this ring to be automatically summoned to the worlds of blue apostles who have been invaded by dark spirits. The ring is engraved with the crest of the Way of Blue, symbolizing the dignified oath to protect each world's master from dark spirits."""
"828","Rings","Rings","Crest of Blood","Ring of the Brotherhood of Blood Covenant. This is nothing special. Perhaps, in the end, an oath is but a window into the ambitions of the oath taker. If you have taken this oath, then you know what you want. To be soaked in the blood of your kind."""
"829","Rings","Rings","Crest of the Rat","Ring of the Rat King covenant. Join this covenant and wear this ring to lure trespassers of the Rat King's territory into your world. If you receive this ring, rejoice in the opportunity to demonstrate your allegiance to an eminently noble being."""
"830","Rings","Rings","Bell Keeper%27s Seal","Ring of the Bell Keeper covenant. Join this covenant and wear this ring to be automatically summoned to the world of an invader of the bell keepers domain. The twin bells symbolize the love between two lovers who could never be united. The bell keepers are their eternal guardians. For that is their love, that is their curse."""
"831","Rings","Rings","Sun Seal","Ring of the Heirs to the Sun covenant. Slightly increases miracle attack power. Worship of the sun, now a lost belief, was once widespread amongst great warriors. Members of this covenant can leave their golden signs to be more easily summoned to join their brethren in jolly cooperation."""
"832","Rings","Rings","Vanquisher%27s Seal","Ring of the Company of Champions covenant. Greatly increases attack power of bare hands. The souls of fallen heroes found along the way salute those whose scoff at danger and bravely seek the harder path. Joining the covenant strengthens the enemies within your world."""
"833","Rings","Rings","Ancient Dragon Seal","Ring of the Dragon Remnants covenant. Slightly increases Estus Flask HP recovery. Possessing a dragon scale is proof of its owner's prowess. Strength should always be displayed boldly, and meted out justly. Members of the covenant who bear dragon scales can fight with one another. The survivor of the duel claims the dragon scale of the opponent."
"834","Rings","Rings","Abyss Seal","Ring of the Pilgrims of Dark covenant . Increases the attack strength of hexes, but casting them reduces HP. What is dark? Perhaps we already know. We fear the dark, yet find solace in it. Those who join this covenant can see the hidden Dark Chasm"
"835","Rings","Rings","Illusory Ring of the Vengeful","A ring made of red stone. The stone is misshaped, perhaps imperceptibily. Renders certain equipment invisible. Do not judge your foes by their appearance. He who approaches with no sword carries two on his back."""
"836","Rings","Rings","Illusory Ring of the Guilty","A ring of black stone. The stone is misshaped, perhaps imperceptibily. Renders certain equipment invisible. Do not judge your foes by their appearance. He who approaches with no sword carries two on his back."""
"837","Rings","Rings","Lightning Clutch Ring","Ring depicting a hand grasping a stone. Increses lightning attack, but reduces physical defense. The origin of this ring is unknown, but its design suggests one of the darker deities. Effective use of this ring requires skill on the part of the wearer."""
"838","Rings","Rings","Sorcery Clutch Ring","Ring depicting a hand grasping a stone. Increases magic attack, but reduces physical defense. The origin of this ring is unknown, but its design suggests one of the darker deities. Effective use of this ring requires skill on the part of the wearer."""
"839","Rings","Rings","Fire Clutch Ring","Ring depicting a hand grasping a stone. Increases fire attack, but reduces physical defense. The origin of this ring is unknown, but its design suggests one of the darker deities. Effective use of this ring requires skill on the part of the wearer."""
"840","Rings","Rings","Flynn's Ring","Ring of Flynn, the infamous thief. Utilizes the strength of the wind, such that lower equip load proportionally increases physical attack. Flynn was known as a tiny fighter who packed a mighty punch. Even the most skilled warriors in the land failed to capture him."""
"841","Rings","Rings","Ring of the Embedded","Ring crafted from the chains of the Embedded. Receive various benefits, but at the cost of increased damage taken. The chains of the Embedded have the power to transform people into slaves of pleasure, setting them on a path of ruin. This ring augments that peculiar quality."""
"842","Rings","Rings","Yorgh's Ring","Ring of Sir Yorgh, who sought the blood of a dragon and invaded Shulva. Can deflect spells. When Sir Yorgh faced Sinh, the slumbering dragon, he drew blood with a flash of his steel, but Sinh responded by spewing forth the poison that had long brewed within him, blanketing the city in a miasmic cloud."""
"843","Rings","Rings","Strength Ring","An oddly deformed iron ring. Increases the strength of its wearer. The Old Iron King ruled over a great age of iron. The King's power allowed him to mold iron freely, as if he held sway over the forces of life and creation."""
"844","Rings","Rings","Simpleton's Ring","Ring depicting a simpleton's flower. Wearer becomes invisible while rolling. This ring was worn by the soldiers of the Old Iron King, said to be blessed with divine protection. This ring only does one thing, but with ingenuity it can be fearsomely effective."
"845","Rings","Rings","Ring of the Living","A ring bearing a sharp stud. Appear human when a phantom. This ring jabs into the skin, creating a throbbing pain that serves as a constant reminder of one's humanity."
"846","Rings","Rings","Ivory Warrior Ring","Ring of the guardians of Eleum Loyce. Attacks greatly reduce enemy stamina. Eleum Loyce existed to subdue the raging flame, but when the ivory gates were flung open, the land grew cold and lifeless."""
"847","Rings","Rings","Dexterity Ring","An oddly deformed iron ring. Increases the dexterity of its wearer. The Old Iron King ruled over a great age of iron. The King's power allowed him to mold iron freely, as if he held sway over the forces of life and creation."""
"848","Rings","Rings","Baneful Bird Ring","Ring of Raime the traitor. Reduces stamina loss when blocking with a shield. Raime was an agile swordsman who served King Vendrick, but after resigning from his post, he reconsidered his way of life and was born again as a stalwart warrior."""
"849","Items","Consumables","Estus Flask","A green glass bottle of unknown make. Fill it with Estus at a bonfire, and drink from it to restore HP.The nature of the link between the Estus flasks and the bonfires that illuminate the world of the Undead is entirely unknown.But that is of little concern, for any Undead knows the value of these precious flasks."
"850","Items","Consumables","Human Effigy","A warm, soft, shadow like effigy. Use this item to reverse Hollowing. It also weakens the links to other worlds, invasions and most cooperation.Peer closely at an effigy, and one begins to perceive a human form, but whose form it takes depends on the person looking."""
"851","Items","Consumables","Bonfire Ascetic","Tossing this into a Bonfire strengthens nearby foes.Once the Bonfire Ascetic is devoured by the flames, its effects can never be reversed. Be prepared before using this perilous ember. Fire exhibits a connection to the curse, and when the flames grow stronger, so does the curse."
"852","Items","Consumables","Divine Blessing","Holy water endowed with a divine blessing. Cures status effects and fully restores HP.Water blessed by an ancient goddess. Her name is long forgotten, and the Magic Academy of Melfia denies even her existence.In any age, there are those who refuse to see reason. It is their meddling that distorts the truth."
"853","Items","Consumables","Lifegem","Small stone made up of crystallized souls. Gradually restores a small amount of HP.Often found near abandoned corpses, as if it were what remains of the soul."
"854","Items","Consumables","Radiant Lifegem","Stone made up of crystallized souls. Gradually restores HP.The dull glimmer of these mysterious stones brightens with the passage of time."
"855","Items","Consumables","Old Radiant Lifegem","Stone made up of crystallized souls. Gradually restores a large amount of HP. A rare stone with so brilliant a shine would fetch a handsome price. But what value could it really have, without knowing who died to leave it behind?"
"856","Items","Consumables","Elizabeth Mushroom","Specially treated dried mushroom. Creates a euphoric sensation when ingested, and restores a large amount of HP over time. Saint Elizabeth devoted her life to helping the needy by concocting medicine and potions.It's thought her great virtue was matched only by her sublime beauty, but who can say now?."
"857","Items","Consumables","Green Blossom","Green weed shaped like a leafy flower. Temporarily boosts stamina recovery speed. At one point, this herb was avoided due to its uniquely bitter taste, but once its effects became known, it was harvested to near extinction by merchants. Now, only exceptionally rare, wild specimens of this plant are left."
"858","Items","Consumables","Poison Moss","A faintly poisonous clump of moss.When ingested, it counteracts poison and cleanses one's insides.If enough poison builds up in the body to break out and cause poisoning, your HP will start to decrease.If you wish to stay alive, you would do well to keep a supply close to hand."
"859","Items","Consumables","Monastery Charm","A blessed charm. Cures poison and restores HP. Many such charms were blessed in reconstructed ancient ceremonies, carried out in the monastery of Lindelt, now know as the new home of miracles. Though it may lack the power of an original, in circumstances dire enough, an imitation can be quite enough."
"860","Items","Consumables","Dragon Charm","A blessed charm.Cures poison and greatly restores HP.A rare, ancient charm that is said to be endowed with the power of dragons. It is not clear whether it is a man-made creation, or of some other nature."
"861","Items","Consumables","Amber Herb","An annual herb with an amber color so deep, it gives the impression of luminescence. Restores a small number of uses. It is the mistaken belief of many that the flowers of this herb do not blossom. However, small white flowers do blossom during dusk when the moon is visible."
"862","Items","Consumables","Twilight Herb","A grey herb that grows hidden among the rocky surfaces of tall mountains. Restores a certain amount of spell uses. There is no end to the scores of people who risk life and limb to forage for this valuable herb, which led to a banning of its harvest in some regions"
"863","Items","Consumables","Wilted Dusk Herb","A wilted and faded stalk of dusk herb. Restores a great deal of spell uses. A dusk herb in bloom works wonders, but will wilt in the blink of an eye. Needless to say, finding such an herb is of the utmost difficulty."
"864","Items","Consumables","Rouge Water","Crimson water of unknown origin. Restores HP and spell uses. Though known to some as red holy water, not everyone acknowledges its holy status."
"865","Items","Consumables","Crimson Water","Crimson water of unknown origin.Greatly restores HP and spell uses.Those who have experienced the powerful effect of this dimly lucent red water care not that its very origins are completely unknown."
"866","Items","Consumables","Small Blue Burr","A small blue burr. Temporarily boosts magic defense. These burrs bloom magnificently on a shrub every few years, their color and effect determinedby soil quality and recent weather. Known to have been used in rituals long ago."
"867","Items","Consumables","Small Yellow Burr","A small yellow burr. Temporarily boosts lightning defense. These burrs bloom magnificently on a shrub every few years, their color and effect determined by soil quality and recent weather. Known to have been used in rituals long ago."
"868","Items","Consumables","Small Orange Burr","A small orange burr. Temporarily boosts fire defense. These burrs bloom magnificently on a shrub every few years, their color and effect determinedby soil quality and recent weather. Known to have been used in rituals long ago"
"869","Items","Consumables","Common Fruit","A spotted fruit. Temporarily boosts poison resist.This common fruit has no taste, but when facing a true test of mettle, its benefits could make the difference between life and death."
"870","Items","Consumables","Dark Troches","Troches with an inexplicably pungent odor. Temporarily boosts dark defense.Verbal histories often mention Saint Elizabeth; her uniquely concocted medicines and potions are still widely used today."
"871","Items","Consumables","Red Leech Troches","Troches with an oddly charred odor. Temporarily boosts bleeding resist.Verbal histories often mention Saint Elizabeth; her uniquely concocted medicines and potions are still widely used today."
"872","Items","Consumables","Triclops Snake Troches","Troches that exude the scent of rust. Temporarily boosts petrify resist.Verbal histories often mention Saint Elizabeth; her uniquely concocted medicines and potions are still widely used today."
"873","Items","Consumables","Aromatic Ooze","A mysterious sticky substance that radiates a pale white light. Applies magic to right-hand weapon.The affected weapon inflicts magic damage for a short time.Particularly effective against heavily armored foes or creatures with thick scales."
"874","Items","Consumables","Dark Pine Resin","Hexed pine resin. Applies dark flame to right-hand weapon. The affected weapon inflicts dark damage for a short time. Particularly effective against enemies that fear dark, such as clerics and magical creatures."
"875","Items","Consumables","Gold Pine Resin","A rare pine resin with a golden glint. Applies lightning to right-hand weapon.The affected weapon inflicts lightning damage for a short time. Particularly effective against foes who are resistant to magic and fire."
"876","Items","Consumables","Charcoal Pine Resin","Black charcoal-like pine resin. Applies fire to right-hand weapon. The affected weapon inflicts fire damage for a short time. Particularly effective against enemies vulnerable to fire, such as Undead or beasts."
"877","Items","Consumables","Rotten Pine Resin","This Rotten Pine Resin has gone poisonous. Applies poison to right-hand weapons. Poisoned foes slowly lose HP over time."
"878","Items","Consumables","Bleeding Serum","A jar of carnivorous plant secretions. Applies bleeding effect to right-hand weapon. Bleeding foes' max HP is lowered."
"879","Items","Consumables","Prism Stone","A slightly warm rock.Emits a beautiful, phasing aura of seven colors, with a very rare eighth.The prism stone does nothing special, but if you feel you may lose your way, it can serve as a path marker."
"880","Items","Consumables","Small Smooth %26 Silky Stone","A smooth and silky stone. Use to slightly restore HP. The shine of this stone is no ordinary polish,and can only be achieved over a long period. Some in this land are in search of such stones."
"881","Items","Consumables","Smooth %26 Silky Stone","A perfectly smooth and silky stone.Use to restore HP.The shine of this stone is no ordinary polish, and can only be achieved over a long period. Some in this land are in search of such mystical stones."
"882","Items","Consumables","Petrified Something","An unidentified petrified object. Pleasant to the touch, despite its looks.A rare and peculiar thing, to be certain, but one without a known purpose."
"883","Items","Consumables","Silver Talisman","A tiny charm embedded with imitative magic. Use to transform into something to blend in.Use this talisman to hide from invaders. Only provides the most superficial camouflage, but sometimes that is enough to do the trick."
"884","Items","Consumables","Flame Butterfly","Bottle filled with dried red butterflies. Stimulation of these rare butterflies creates a small flame, allowing torches to be lit on the go.These butterflies exude secretions which ignite upon exposure to air, protecting them from natural predators. Known and loved as handy fire-lighters, but feared as the catalysts of disastrous fires when found in swarms."
"885","Items","Consumables","Lloyd%27s Talisman","Talisman used by cleric knights. Blocks Estus recovery within a limited area. It is said that the cleric knights used these talismans to hunt down accursed Undead. Cleric knights fight with pride, and by blocking the recovery of the Undead, they can also fight with impunity."
"886","Items","Consumables","Rusted Coin","An old rusted coin. Crushing the coin temporarily boosts luck.This rusted coin gives you that little extra bit of luck, making items and the like easier to find.The coin is engraved with the image of a god that was worshipped in ancient times, but no one knows its true origins."
"887","Items","Consumables","Repair Powder","Enchanted metal rendered into powder. Repairs equipment. Weapons and armor wear down with use. Allow too much wear, and you won't be able to use them.You have only yourself to blame if you find yourself in crisis with no powder to spare."
"888","Items","Consumables","Alluring Skull","A skull of unknown ownership.Smashing it releases traces of souls, which can attract nearby foes.Does not work on all enemies, but can prove useful in unexpected ways."
"889","Items","Consumables","Homeward Bone","A white-ashen bone. Return to the last bonfire rested at. Bonfires burn on the bones of Undead. And this bone, belonging to one whose journey was cut short, has the power to travel to bonfires. As if it yearns to resume its futile quest..."
"890","Items","Consumables","Simpleton%27s Spice","A spice exuding a peculiar aroma.A spell demands devotion from its caster, but using this spice makes a chosen spell attainable with 1 less intelligence. Will only work with assistance from a certain person.The spice does not raise one's intelligence, but only obfuscates the requirement."
"891","Items","Consumables","Skeptic%27s Spice","A spice exuding a peculiar aroma.A spell demands devotion from the caster, but using this spice makes a chosen spell attainable with 1 less faith. Will only work with the assistance of a certain person.The spice does not raise one's faith, but only obfuscates the requirement."
"892","Items","Consumables","Estus Flask Shard","The shard of an Estus Flask.Shards are deeply soaked in Estus. Graft the shard to an Estus Flask to increase flask uses. Over the ages, countless souls rested their bones as they drank from the original flask.And now this shard remains, serving as a vestige of their hopes and dreams."
"893","Items","Consumables","Sublime Bone Dust","Charred, ashen bones.Cast them into the Far Fire in Majula to increase the HP restored with each use of your flask.They say these are the remains of a saint who cast himself into the bonfire. But we will never know for sure, for soot and ashes tell no story."
"894","Items","Consumables","Soul Vessel","A vessel that will accept your souls.It can allow reallocation of levels, but without proper assistance, it may simply drain you of souls.If you truly wish to start again, go to the place where your journey began."
"895","Items","Consumables","Pharros%27 Lockstone","Stone activating a creation of Pharros the Vagabond.Pharros the Vagabond was a legend who wandered the lands, creating contraptions to help those in sincere and dire need.The scope of his travels was so wide that the Pharros has been mistakenly credited with many inventions that were crafted by others"
"896","Items","Consumables","Fragrant Branch of Yore","A Fragrant tree branch with a faint sweet smell. Restore the life of things turned to stone. Extended inhalation of the branch's scent can lead to coughing and nausea."
"897","Items","Consumables","Goldenfruit Balm","A balm extracted from a rare plant. Temporarily increases faith. This special fragrant oil affects the mind, granting a fleeting sense of empowerment"
"898","Items","Consumables","Old Growth Balm","A balm extracted from a rare plant. Temporarily increases strength. This special fragrant oil affects the mind, granting a fleeting sense of empowerment."
"899","Items","Consumables","Blackweed Balm","A balm extracted from a rare plant. Temporarily increases IntelligenceInfo: This special fragrant oil affects the mind, granting a fleeting sense of empowerment."
"900","Items","Consumables","Vine Balm","A balm extracted from a rare plant. Temporarily increases Dexterity. This special fragrant oil affects the mind, granting a fleeting sense of empowerment."
"901","Items","Consumables","Dried Root","Root of a perennial herb native to the south. Restores HP for an extended duration.Info: Wild animals abhor the pungent odor of this root, but clerics on pilgrimage are keenly aware of the value of its powerful medicinal effects."
"902","Items","Consumables","Brightbug","A tiny bug that produces light. Brightbugs are said to comfort the dead, and are found in the marshlands leading to the Undead Crypt. By ingesting a brightbug just before death, the moment at which they glow most brightly, one attains great power for a short time. Often utilized as a last-resort for adventurers who have lost their way. Has no effect in other worlds or for phantoms."
"903","Items","Consumables","Smelter Wedge","An iron wedge forged in this land. Destroys the ashen idol.The ashen idol is of great consequence to Nadalia, who, having renounced her flesh, entrusts her very being to it."
"904","Items","Tools","Torch","Held in left hand, brightens dark areas. Used to light standing torches in certain areas and scare away some enemies.Time-limited usage."
"905","Items","Tools","Hello Carving","Faces carved from the wood of aged trees. They speak when thrown upon the ground. The fine craftsmanship of these faces isevident even after much aging, but no one knows even the name of the artist."
"906","Items","Tools","Thank You Carving","Faces carved from the wood of aged trees.They speak when thrown upon the ground. The fine craftsmanship of these faces is evident even after much aging, but no one knowseven the name of the artist. This face says ""Thank You"" Doesn't it look appreciative?"
"907","Items","Tools","I%27m Sorry Carving","Faces carved from the wood of aged trees. They speak when thrown upon the ground. The fine craftsmanship of these faces isevident even after much aging, but no one knows even the name of the artist. This face says ""I'm Sorry"" Doesn't it look apologetic?"
"908","Items","Tools","Very Good%21 Carving","Faces carved from the wood of aged trees. They speak when thrown upon the ground. The fine craftsmanship of these faces isevident even after much aging, but no one knows even the name of the artist. This face says ""Very Good!"" Doesn't it look cheerful?"
"909","Items","Tools","Rubbish","A piece of rubbish that is good for nothing. One man's rubbish is another man's riches, for value, is in the eye of the beholder.But utility is another matter, and this has none."""
"910","Items","Tools","Dragon Head Stone","A stone containing the strength of dragons. Transforms the head into that of a fire-breathing dragon, an effect that will remain until death.The zealots who sought everlasting life are said to have conducted rites to imbue stones with the strength of dragons, but their (there) are no records confirming their success."
"911","Items","Tools","Dragon Torso Stone","A stone containing the strength of dragons. Transforms the body into a roaring dragon, an effect that remain until death.The Zealots who sought everlasting life are said to have conducted rites to imbue stones with the strength of dragons, but the truth of such claims is questionable."
"912","Items","Tools","Darksign","An accursed mark. The Darksign induces death, returning the player to the last bonfire rested at, at the cost of all souls held.Do what you must to gather the pieces, scraping them into some semblance of a whole, before the will to do so fades."
"913","Items","Tools","Aged Feather","An aged bird feather. Return to last bonfire rested at.Can be used repeatedly. The child of the dragon, sequestered away from the world, imagined a world of boundless possibilities from the mere sight of a feather."
"914","Items","Tools","Binoculars","Binoculars are used to peer at distant sights. Equip in place of a weapon to use.A rare tool crafted in Volgen. These won't help you in battle, but with a little creativity, can be put to good use."
"915","Items","Tools","Petrified Egg","A large petrified egg. Surely bears no life.Eggs are vessels that harbor life itself, and symbolize the deepest secrets of existence. But what does a petrified egg harbor?"
"916","Items","Projectiles","Throwing Knife","Used as a projectile. This simple weapon is easily utilized. Its range is limited, and it deals very little damage, but even still, it is a valuable tool in the absence of other ranged weapons."
"917","Items","Projectiles","Poison Throwing Knife","A throwing knife. Intended to poison the target more than inflict direct damage.This simple weapon is easily utilized, but has limited range and deals little damage. However, if the knife can cause poison, the target will take damage for some time."
"918","Items","Projectiles","Lacerating Knife","A throwing knife. Its sharp blade is intended to cause bleeding rather than simply inflict damage. This simple weapon is easily utilized, but has limited range and deals little damage. However, if the knife can cause bleeding, the target's max HP will be lowered."
"919","Items","Projectiles","Firebomb","Bisque urn filled with black powder. Explodes, inflicting fire damage. Though this urn is a crude and commonplace weapon, it owes its continued usage to its simplicity and effectiveness in a variety of situations."
"920","Items","Projectiles","Black Firebomb","Bisque urn filled with black powder. Explodes, inflicting great fire damage. Utilizes a powerful explosive developed in the fallen kingdom of Forossa.Black firebombs can cause harm to their owners when misused, and Forossa law defined stringent standards for their safe storage."
"921","Items","Projectiles","Witching Urn","A small clay urn filled with magic power. Explodes, inflicting magic damage.Created in Melfia, a land that flourishes with magic and pyromancy.Though the magic contained in the urn lacks potency, it is a boon to any inexperienced traveler."
"922","Items","Projectiles","Lightning Urn","A small clay urn enwreathed in lightning. Explodes, inflicting lightning damage. Created in Melfia, a land that flourishes with magic and pyromancy. Though the lightning contained in the urn lacks potency, it is a boon to any inexperienced traveler."
"923","Items","Projectiles","Hexing Urn","Hexed black lacquer urn. Explodes, inflicting dark damage. With the dark art of hexing strictly forbidden, who would dare fill an urn with such power?The very origin of the art are unclear, yet another reason hexing is feared."
"924","Items","Projectiles","Dung Pie","A large excrement. Still rather warm. Throw at enemy to cause rapid onset of poison, but you too will be subjected to the same bane. Most warriors are loath to come near a thing like this, much less carry it around, but therein lies the advantage."
"925","Items","Projectiles","Corrosive Urn","Urn filled with secretions of giant corrosive ants. Powerful acid inflicts damage on equipment. Giant anthills created by corrosive ants line the horizon of the desert land of Jugo. Ant larvae are considered a delicacy, but he who enters an anthill uninvited will have their flesh melted to the bone."
"926","Items","Projectiles","Holy Water Urn","An urn filled with crystal-clear water. Originally intended as a soothing potion, this water scalds the skin of Undead and Hollows. In the old capital of Mirrah, an ancient, well-protected spring produces holy water, but the water has been difficult to acquire ever since Mirrah became embroiled in war."
"927","Items","Multiplayer Items","White Sign Soapstone","Online play item. Leave summon sign. Be summoned as a phantom to another world in order to help that world's master for a certain time. You will be rewarded with a Token of Fidelity for successfully assisting the other player. The flow of time is distorted in these lands, and the White Sign Soapstone allows Undead to assist one another."
"928","Items","Multiplayer Items","Small White Soapstone","Online Play Item. Leave summon sign. Be summoned as a shade to another world in order to help that world's master for a certain time. You will be rewarded for successfully assisting the other player. The effect is not as long-lived as that of the White Sign Soapstone, and it is used only in particular places."
"929","Items","Multiplayer Items","Red Sign Soapstone","Online play item. Leave invasion sign. Be summoned to another world as a dark spirit, and defeat the summoner to acquire a Token of Spite. Some Undead persevere along the honorable path even after crossing into the dark. The Red Sign Soapstone is for them."
"930","Items","Multiplayer Items","Bone of Order","Online play item. You will be punished for fleeing from other worlds by disconnecting unjustly. However, this charm will disperse the ire directed at you. But sins are not easily buried, and there's no telling if you will be let off so easily next time. Each encounter in life is a precious turn of fate, and fate will not be cheated."
"931","Items","Multiplayer Items","Black Separation Crystal","A symbol of farewell that has been passed down since time immemorial. The crystal sends phantoms back to their homes, or sends you back to yours. Whether ending in hope or despair, encounters are valuable experiences. Beware fickle use of this item."
"932","Items","Multiplayer Items","Cracked Red Eye Orb","Online play item. Invade other worlds. Defeat the master of the world you have invaded to acquire a Token of Spite. The residual sins of those who have succumbed to dark temptations are contained in the form of the Cracked Red Eye Orb."
"933","Items","Multiplayer Items","Cracked Blue Eye Orb","Online play item. Invade the world of the guilty. Punish the guilty to strengthen the bond with your covenant."
"934","Items","Multiplayer Items","Dragon Eye","Online play item. Invade a world with a Dragon Scale to claim the scale from its master. If our human flesh is our greatest weakness, then those who seek a form that imitates the ancient dragons are true vanguards."
"935","Items","Multiplayer Items","Dried Fingers","Dried fingers with multiple Knuckles. Shriveled, but radiating a peculiar warmth. ""By the number of knuckles, it couldn't have been human, but perhaps some questions are best left unasked."""
"936","Items","Multiplayer Items","Crushed Eye Orb","A crushed eye orb with an unfocused gaze. The crush eye writhes unsteadily, in search of dishonorable miscreants. Where are the fiends, where are they...."""
"937","Items","Multiplayer Items","Token of Fidelity","Token recognizing that the owner has traveled worlds to help others. When in other worlds, it can also be used to restore the master of the world's HP, but this is only a secondary effect of the item. Simply carrying these tokens shows the depth of the holder's fidelity."
"938","Items","Multiplayer Items","Token of Spite","Token recognizing that the owner has traveled worlds to defeat others. When used, you are more likely to summon invaders from other worlds for a period of time. Simply carrying these tokens shows the bitterness of the grudges the holder has accumulated."
"939","Items","Multiplayer Items","Sunlight Medal","A medal depicting the sun. Offer it to the altar to strengthen bond with your covenant.The slight warmth of the medal makes valor brim within one's bosom. The brave fighters who bore these medals are gone, but the sun never sets. On this day begins the contest to find the Sun's truest son."
"940","Items","Multiplayer Items","Dragon Scale","A scale from the body of an ancient dragon. Offer to the dragon to bring your own flesh closer to that of the eternal ancient dragon. Touching an ancient dragon scale gives one a glimpse into the abyss. Believers in the dragon will rise above this petty corporeal existence."
"941","Items","Multiplayer Items","Rat Tail","A severed rat's tail. Demonstrate fidelity by offering it to the Rat King, and strengthen the bond with your covenant. The Rat King is proud and merciful, as any king true to his stature should be. The Rat King looks favorably upon those who follow the path of right, even disgraceful humans."
"942","Items","Multiplayer Items","Champion%27s Tablet","Online Play Item Shows the names of the greatest victors of the Company of Champions covenant. This tablet, chiseled from the Victor's Stone, is engraved with the names of the brave warriors who have offered the most awestones, as if they were epitaphs, honoring their lives."
"943","Items","Multiplayer Items","Awestone","A stone that is terribly heavy for its size. The Victor's Stone thirsts for the souls of fallen warriors, condensed within awestones, as if they were once part of the same whole.Offer it to the Victor's Stone to strengthen the bond with your covenant."
"944","Items","Multiplayer Items","Seed of a Tree of Giants","A lump of something, obtainable from a Giant-tree. Makes enemies react to invaders.When the giants fell, they grew into great trees. Death is not the end, for anything that has ever once lived remains a part of a great cycle of regeneration.But what of those outside of the cycle?"
"945","Items","Ammunition","Wood Arrow","Inexpensive wooden arrows. Easily acquired, but not very threatening. Bows are excellent tools for attacking foes from a safe distance, but requirethe equipping of some type of arrow."
"946","Items","Ammunition","Iron Arrow","Standard arrows made of iron. Sturdy arrows that pierce effectively. Iron arrows are powerful, but not cheap. Be certain not to overuse them."
"947","Items","Ammunition","Fire Arrow","""Arrows imbued with fire. Tipped with Charcoal Pine Resin. Weapons fortified with fire are effective againstagainst foes vulnerable to magic and fire, such as Undead or beasts. Useful in the short term for those who have learned no magic, or whose magic is exhausted."""
"948","Items","Ammunition","Magic Arrow","Arrows imbued with magic. Tipped with aromatic Ooze. Weapons fortified with magic are particularly effective against heavily armored foes or creatures with thick scales.Useful in the short term for those who have learned no magic, or whose magic is exhausted."""
"949","Items","Ammunition","Lightning Arrow","Arrow imbued with lightning. Tipped with Gold Pine Resin. Weapons fortified with lightning are effective against foes that are resistant to magic and fire.Useful in the short term for those who have learned no magic, or whose magic is exhausted."
"950","Items","Ammunition","Dark Arrow","Arrows imbued with dark flame. Tipped with Dark Pine Resin. Weapons fortified with dark are effective against those who fear the dark, such as clerics and magical creatures.Useful in the short term for those who have learned no magic, or whose magic is exhausted."""
"951","Items","Ammunition","Poison Arrow","Arrows imbued with poison. Tipped with Rotten Pine Resin. Poisoned foes slowly lose HP over time."
"952","Items","Ammunition","Lacerating Arrow","Arrows that cause bleeding. Tipped with finely sharpened arrow heads. Bleeding foes' max HP is lowered."
"953","Items","Ammunition","Iron Greatarrow","Standard greatarrows made of iron.More effective than regular arrows, but considerably heavier."
"954","Items","Ammunition","Lightning Greatarrow","Greatarrows Imbued with lightning. Tipped with Gold Pine Resin. Weapons Fortified with lightning are effective against foes resistant to magic and fire. If you require magic but have learned non yourself, these will serve you well"""
"955","Items","Ammunition","Fire Greatarrow","Greatarrows imbued with fire. Tipped with Charcoal Pine Resin. Weapons fortified with fire are effective against against foes vulnerable to fire, suchas Undead or beasts.* If your require magic but have learned none yourself, these will serve you well."
"956","Items","Ammunition","Destructive Greatarrow","Greatarrows with intricately crafted tips. Designed to destroy equipment with impact. Bravery does not necessarily entail going head-on with a foe, especially if they have better armor than you. Use these arrows, and grind them down from afar."
"957","Items","Ammunition","Wood Bolt","Inexpensive wooden bolts. Not very intimidating, but highly portableand easy to use. Use of a crossbow requires the equipping of bolts, which are shorter than arrows."
"958","Items","Ammunition","Heavy Bolt","Standard crossbow bolts made of iron.Effective at piercing enemies. Very effective in ranged attacks,though somewhat expensive to use willy-nilly."
"959","Items","Ammunition","Magic Bolt","Bolt imbued with magic. Tipped with Aromatic Ooze. Weapons fortified with magic are particularly effective against heavily armored foes or creatures with thick scales.Crossbows and specialized bolts allow warriors with low dexterity to inflict elemental damage."
"960","Items","Ammunition","Lightning Bolt","Bolts imbued with lightning. Tipped with Gold Pine Resin. Weapons fortified with lightning are effective against foes that are resistant to magic and fire. Crossbows and specialized bolts allow warriors with low dexterity to inflict elemental damage."
"961","Items","Ammunition","Fire Bolt","Bolt imbued with fire. Tipped with Charcoal Pine Resin. Weapons fortified with fire are effective against foes vulnerable to fire, such as Undead or beasts. Crossbows and specialized bolts allow warriors with low dexterity to inflict elemental damage."
"962","Items","Ammunition","Dark Bolt","Bolt imbued with dark flame. Tipped with Dark Pine Resin. Weapons fortified with dark are effective against those who fear the dark, such as clerics and magical creatures. Crossbows and specialized bolts allow warriors with low dexterity to inflict elemental damage."
"963","Items","Souls","Fading Soul","The fading soul of a lost Undead who has gone Hollow and still.Use to acquire souls. The soul is the source of all life, and even in undeath, or hollowing, the mind seeks souls."""
"964","Items","Souls","Soul of a Lost Undead","Soul of a lost Undead who has long ago gone Hollow. Use to acquire souls. The soul is the source of all life, and even in undeath, or hollowing, the mind seeks souls."
"965","Items","Souls","Large Soul of a Lost Undead","Large soul of a lost Undead who has long ago gone hollow. Use to acquire souls. The soul is the source of all life, and even in undeath, or hollowing, the mind seeks souls."
"966","Items","Souls","Soul of a Nameless Soldier","Soul of a nameless Undead soldier who has long ago gone Hollow.Use to acquire many souls.The soul is the source of all life, and even in undeath, or hollowing, the mind seeks souls."
"967","Items","Souls","Large Soul of a Nameless Soldier","Large soul of a nameless Undead soldier who has long ago gone Hollow.Use to acquire many souls.The soul is the source of all life, and even in undeath, or hollowing, the mind seeks souls."
"968","Items","Souls","Soul of a Proud Knight","Soul of a proud Undead knight who has long ago gone Hollow.Use to acquire many souls.The soul is the source of all life, and even in undeath, or hollowing, the mind seeks souls."
"969","Items","Souls","Large Soul of a Proud Knight","Large soul of a proud Undead knight who has long ago gone Hollow.Use to acquire many souls. The soul is the source of all life, and even in undeath, or hollowing, the mind seeks souls."
"970","Items","Souls","Soul of a Brave Warrior","Soul of a brave Undead warrior who has long ago gone Hollow.Use to acquire a large amount of souls.The soul is the source of all life, and even in undeath, or hollowing, the mind seeks souls."
"971","Items","Souls","Large Soul of a Brave Warrior","Large soul of a brave Undead warrior who has long ago gone Hollow.Use to acquire a large amount of souls. The soul is the source of all life, and even in undeath, or hollowing, the mind seeks souls."
"972","Items","Souls","Soul of a Hero","Soul of a hero of legend who has long ago gone Hollow. Use to acquire a large amount of souls"
"973","Items","Souls","Soul of a Great Hero","Is a soul of a great hero who has long ago gone Hollow. Used to acquire a good amount of souls. The soul is the source of all life, even in hollowing. The mind seeks souls."
"974","Items","Souls","Soul of a Giant","The soul of a Giant who came to conquer Drangleic. Will the Giants' resentment of the King be pacified in death, or only emboldened? Can be used to acquire souls, only..."
"975","Items","Boss Souls","Soul of the Pursuer","Soul of the Pursuer, who lurks in Drangleic. The Pursuer, who seeks the bearer of the sign, will not rest until his target is slain.Use the special soul of the Pursuer to acquire numerous souls, or to create something of great worth."
"976","Items","Boss Souls","Soul of the Last Giant","Soul of the surviving giant, who was bound below the Forest of Giants.Many seasons had come and gone, and the giant prepared for his final rest. But his soul remained magnificent, testimony to his former strength.Use the special soul of the Last Giant to acquire numerous souls, or to create something of great worth. Scholar of the First Sin changed to:Soul of the surviving giant, who was bound below the Forest of the Giants.The lord of the Giants, who had brought wrack and ruin to the entire kingdom, was said to have been felled by an unknown warrior. His beaten and broken remains were then dragged beneath the stronghold, where he was sealed away. Use the special soul of the Last Giant to acquire numerous souls, or to create something of great worth."
"977","Items","Boss Souls","Dragonrider Soul","Soul of a Dragonrider, who faithfully served King Vendrick.Long ago, the dragonriders mounted wyrms, and were feared on the battlefield for their unparallelled strength.Use a Dragonrider soul to acquire numerous souls, or to create something of great worth."
"978","Items","Boss Souls","Old Dragonslayer Soul","Soul of the Old Dragonslayer. The Old Dragonslayer is reminiscent of a certain knight that appears in old legends.Use the special soul of the Old Dragonslayer to acquire numerous souls, or to create something of great worth."
"979","Items","Boss Souls","Flexile Sentry Soul","Soul of the Flexile Sentry. The Flexile Sentry is a merciless creature whose purpose is to punish the Undead. Use the special soul of the Flexile Sentry to acquire numerous souls, or to create something of great worth"
"980","Items","Boss Souls","Ruin Sentinel Soul","Soul of the Ruin Sentinel, a creation of the Jailer.The Ruin Sentinel has no corporeal form. It is only an empty soul that haunts the armor.Use the special soul of the Ruin Sentinel to acquire numerous souls, or to create something of great worth."
"981","Items","Boss Souls","Soul of the Lost Sinner","Soul of the Lost Sinner, prisoner of Sinners' Rise.The Lost Sinner eternally punishes herself for the sins of her past.Use the special soul of the Lost Sinner to acquire numerous souls, or to create something of great worth."
"982","Items","Boss Souls","Executioner%27s Chariot Soul","Soul of the Executioner's Chariot, that holds control over the Undead Purgatory.The chariot was created only to torment Undead, and it took the form of a horrendous mad steed, a window into the soul of its master.Use the special soul of the Executioner's Chariot to acquire numerous souls, or to create something of great worth."
"983","Items","Boss Souls","Skeleton Lord%27s Soul","Soul of a Skeleton Lord, who reigned from deep within the Huntsman's Copse.The Old Iron King commanded the capture of all Undead, but those charged with the task were overcome by the curse.Use the special soul of the Skeleton Lord to acquire numerous souls, or to create something of great worth."
"984","Items","Boss Souls","Covetous Demon Soul","Soul of the Covetous Demon, that devours all things.Eating is an expression of desire. There once was a man whose deep affections were unrequited. He transformed into the Covetous Demon, which only made him lonelier than before.Use the special soul of the Covetous Demon to acquire numerous souls, or to create something of great worth."
"985","Items","Boss Souls","Mytha%2C the Baneful Queen Soul","Soul of Mytha, the Baneful Queen, who lives in the Earthen Peak.The Queen sought the King's affection, even poisoning herself to attain beauty, despite the monstrous consequences. All for the compelling madness known as love.Use the special soul of the Queen to acquire numerous souls, or to create something of great worth"
"986","Items","Boss Souls","Smelter Demon Soul","Soul of the Smelter Demon, that haunts the castle that sunk into a pool of iron.The Old Iron King's life was taken by a mass of iron that had been given a soul. Was this metal goliath there from the beginning, or was it a product of the king's conceit?Use the special soul of the Smelter Demon to acquire numerous souls, or to create something of great worth."
"987","Items","Boss Souls","Old Iron King Soul","Soul of the Old Iron King, who succumbed to the flames that swallowed his castle. The Iron King's flesh was charred, and his soul possessed by the things that lurk below. Use the special soul of the Old King to acquire numerous souls, or to create something of great worth."
"988","Items","Boss Souls","Royal Rat Vanguard Soul","Soul of the Rat King's vanguard, of the underground realm.The Rat King's loyal servant judges the worthiness of those who seek royal audience.Use the special soul of this soldier to acquire numerous souls, or to create something of great worth."
"989","Items","Boss Souls","Soul of the Rotten","Soul of the Rotten, who writhes deep within the Gutter.The Rotten embraces all, in the sanctuary for all things unwanted or tossed away.Use the special soul of the Rotten to acquire numerous souls, or to create something of great worth."
"990","Items","Boss Souls","Scorpioness Najka Soul","Soul of the Scorpioness Najka.Najka was born of the misdeeds of an ancient being, a frail soul from the beginning, that soon succumbed to madness.Use the special soul of Scorpioness Najka to acquire numerous souls, or to create something of great worth."
"991","Items","Boss Souls","Royal Rat Authority Soul","Soul of the Royal Rat Authority, of the underground realm.Those who choose to serve the Rat King must have the courage to face His challenges.Use the special soul of this rat to acquire numerous souls. or to create something of great worth."
"992","Items","Boss Souls","Soul of the Duke%27s Dear Freja","Soul of the Duke's loyal Freja, the Writhing Ruin's Keeper.The Writhing Ruin is an ancient thing whose shadow remains cast over the land. Tseldora is a place burdened by terrible misdeeds, and those who remained there were transformed beyond recognition. Use the special soul of the Keeper to acquire numerous souls, or to create something of great worth. Changed with Scholar of the First Sin: Soul of the Duke's Dear Freja, the Writhing Ruin's Keeper.The Writhing Ruin is an ancient thing whose shadow remains cast over the land. It first took possession of a solitary insect, but grew its power, feasting on the wealth of twisted souls found in the land. Use the special soul of the Keeper to acquire numerous souls, or to create something of great worth."
"993","Items","Boss Souls","Looking Glass Knight Soul","Soul of the Looking Glass Knight, who challenges visitors to the lordless castle.Long ago, the King's Passage was a route taken by the bravest warriors to prove themselves, but now it only prevents one from pursuing the runaway king."
"994","Items","Boss Souls","Demon of Song Soul","Soul of the Demon of Song at the Shrine of Amana.When the demon developed a taste for human flesh, it was contained within the Shrine of Amana, but the line of priestesses who looked after the shrine and appeased the creature have died off.Use the special soul of this demon to acquire numerous souls, or to create something of great worth."
"995","Items","Boss Souls","Soul of Velstadt","Soul of Velstadt, defender of the King inside the Undead Crypt. Velstadt was always at the King's side, as if he were his lord's own shadow. After the King retired to the Undead Crypt, Velstadt followed, never to return.Use the special soul of this knight to acquire numerous souls, or to create something of great worth."
"996","Items","Boss Souls","Soul of the King","Soul of Vendrick, King of Drangleic.The King was wasted away, a shadow of his former self, but still held something dear.Use the soul of he who would link the flame to acquire numerous souls, or create something of great worth. Scholar of the first Sin changed to:Soul of Vendrick, King of Drangleic.This great soul beckoned the Dark, overwhelming the King. Perhaps this King, who once ruled the world of men, was a lacking vessel for the true throne.Use the soul of he who would link the flame to acquire numerous souls, or to create something of great worth."
"997","Items","Boss Souls","Guardian Dragon Soul","Soul of a dragon that guards the path to the shrine.Do the dragons watch over the land of their own will, or are they in the grip of one of Aldia's spells?Use the special souls of this dragon to acquire numerous souls, or to create something of great worth."
"998","Items","Boss Souls","Ancient Dragon Soul","Soul of the great ancient dragon that stands magnificently, deep within the shrine.This powerful being stands and waits, for whoever may visit him.Use the dragon soul, created by those who peered into the essence of the soul, to acquire numerous souls, or to create something of great worth."
"999","Items","Boss Souls","Giant Lord Soul","Soul of the Giant Lord, who once conquered Drangleic.The Giants landed on the northern shores, and set siege to King Vendrick's castle to claim an invaluable prize.Use the special soul of this Giant to acquire numerous souls, or to create something of great worth. Scholar of the First Sin changed to:Soul of the Giant Lord, who once conquered Drangleic.Vendrick crossed the seas, took prisoner the Giants, and brought them back to his castle, clapped in irons. However, after this modest triumph, his countenance could be seen to grow darker with each passing day.Use the special soul of this Giant to acquire numerous souls, or to create something of great worth."
"1000","Items","Boss Souls","Soul of Nashandra","Soul of Nashandra, Queen of Drangleic.Nashandra was born of the Dark with an insatiable lust for strength.Use the special soul of this prisoner of desire to acquire numerous souls, or to create something of great worth Scholar of the First Sin changed to:Soul of Nashandra, Queen of Drangleic.The fragments of the abyss, of untold origin, nourished their beings by the sides of would-be monarchs. Perhaps they were simply ordeals on the way to kinghood.One day, the flames will fade, and only darkness will remain. Unless, of course, an heir arrives.Use the special soul of this prisoner of desire to acquire numerous souls, or to create something of great worth."
"1001","Items","Boss Souls","Throne Defender Soul","Soul of the Throne Defender.The throne of the King is sacred, and requires an appropriate guardian.Use the special soul of the Defender to acquire numerous souls, or to create something of great worth."
"1002","Items","Boss Souls","Throne Watcher Soul","Soul of the Throne Watcher.The throne of the King is sacred, and must be observed closely at all times.Use the special soul of the watcher to acquire numerous souls, or to create something of great worth."
"1003","Items","Boss Souls","Darklurker Soul","Soul of what lurks in the Dark Chasm.The Dark Chasm of Old is the remnant of some ancient, dissipated being.Use the special soul of what lurks within to acquire numerous souls, or to create something of great worth."
"1004","Items","Boss Souls","Belfry Gargoyle Soul","Soul of the Gargoyle of the Lost Bastille.The elaborate stone statue on the belfry mysteriously came to life.Use the special soul of this living statue to acquire numerous souls, or to create something of great worth."
"1005","Items","Boss Souls","Old Witch Soul","Soul of the ineffable.This once magnificent soul continues to exert influence over the land, even after the eons have reduced it to these remnants."
"1006","Items","Boss Souls","Old King Soul","Soul of the ineffable. This once magnificent soul continues to exert influence over the land, even after the eons have reduced it to these remnants.Use it to acquire numerous souls, or to create something of great worth."
"1007","Items","Boss Souls","Old Dead One Soul","Soul of the ineffable.This once magnificent soul continues to exert influence over the land, even after the eons have reduced it to these remnants."
"1008","Items","Boss Souls","Old Paledrake Soul","Soul of the ineffableThis once magnificent soul continues to exert influence over the land, even after the eons have reduced it to these remnants."
"1009","Items","Boss Souls","Soul of Elana%2C Squalid Queen","Soul of Elana, the Squalid Queen, who rest beside the sleeping dragon of the Eternal Sanctum. This child of Dark accompanies the dragon, slowly amassing souls in anticipation of the coming day of vengeance. The wondrous soul of this augur of wrath. Can be used to acquire numerous souls, or to create something of great worth."
"1010","Items","Boss Souls","Soul of Sinh%2C the Slumbering Dragon","Soul of Sinh the Dragon, who sleeps in the lowermost depths of this land. The King erected a magnificent city, and the dragon slept soundly. Until Sir Yorgh disturbed it with a single great strike, and the dragon could bear its store of poison no longer. The rain of death toppled the city, but restored the dragon's purity.The wondrous soul of this dragon can be used to acquire numerous souls, or to create something of great worth."
"1011","Items","Boss Souls","Soul of Sir Alonne","Soul of Sir Alonne, who once served the Old Iron King.Sir Alonne came from an eastern land, and became the King's most trusted knight.Use the wondrous soul of this knight to acquire numerous souls, or to create something of great worth."
"1012","Items","Boss Souls","Soul of the Fume Knight","Soul of the fume knight that guards the dungeon of Brume Tower.Raime was a distinguished knight who became infatuated with the Bride of Ash, and settled in this land of smoke and fog.The wondrous soul of this knight can be used to acquire numerous souls, or to create something of great worth."
"1013","Items","Boss Souls","Soul of Nadalia%2C Bride of Ash %28fragment%29","Soul of Nadalia, Bride of Ash, who renounced her flesh and wandered Brume Tower.When Nadalia came to this land, the king she sought was no longer there. Dispirited, she forsook her own soul and clung to the heirlooms of the old king.This is only a fragment of a soul, and cannot be used in this state."
"1014","Items","Boss Souls","Soul of Nadalia%2C Bride of Ash","Soul of Nadalia, Bride of Ash, who renounced her flesh and wandered Brume Tower. In the act of dancing, the Bride of Ash was transfigured as smoke, enticing people to her residence. And so her seat of power came to be known as the Brume Tower. The wondrous soul of this augur of solitude can be used to acquire numerous souls, or to create something of great worth."
"1015","Items","Boss Souls","Soul of Aava%2C the King%27s Pet","Soul of Aava, who served the Ivory King. Each of the Ivory King's seven beasts was conferred a specific duty. Aava's was the guardianship of the King's beloved child of Dark. The wondrous soul of this beast can be used to acquire numerous souls, or to create something of great worth."
"1016","Items","Boss Souls","Soul of Lud%2C the King%27s Pet","Soul of Lud, who served the Ivory King. Each of the Ivory King's seven beasts was conferred a specific duty. Lud's was the mercy killing of exiles. The wondrous soul of this beast can be used to acquire numerous souls, or to create something of great worth."""
"1017","Items","Boss Souls","Soul of Zallen%2C the King%27s Pet","Soul of Zallen, who served the Ivory King. Each of the Ivory King's seven beasts was conferred a specific duty. Zallen's was the mercy killing of exiles. The wondrous soul of this beast can be used to acquire numerous souls, or to create something of great worth."
"1018","Items","Boss Souls","Soul of the Ivory King","Soul of the Ivory King of Eleum Loyce. The proud Ivory King was ever-merciful, and devoted himself to the protection of his great land, until he was devoured by the flames of chaos. The wondrous soul of this great king can be used to acquire numerous souls, or to create something of great worth."
"1019","Items","Boss Souls","Soul of Alsanna","Soul of Alsanna, oracle of Eleum Loyce, who prays in silent vigilance. This child of Dark, in reverence of the apocalypse, devotes herself to a ritual in hopes of appeasing the raging flame. The wonderous soul of this augur of fear can be used to acquire numerous souls, or to create something of great worth."
"1020","Items","Ores","Titanite Shard","Titanite shard used to reinforce equipment. Reinforces equipment up to +3.Titanite was discovered in an ancient layer of earth, and is said to be a gift of the gods. Titanite this size has very little power, but it is still a rare find."
"1021","Items","Ores","Large Titanite Shard","Large Titanite Shard used to reinforce equipment. Reinforces equipment up to +6.Titanite was discovered in an ancient layer of earth, and is said to be a gift of the gods. Titanite of this size has tremendous power, and is a very rare find."""
"1022","Items","Ores","Titanite Chunk","Titanite chunk used to reinforce equipment.Reinforces equipment from +6 up to +9.Titanite was discovered in an ancient layer of earth, and is said to be a gift of the gods. There are said to be only a scarce few titanite chunks in the world."
"1023","Items","Ores","Titanite Slab","Titanite Slab used to reinforce equipment. Reinforces equipment up to +10. Titanite was discovered in an ancient layer of earth, and is said to be a gift of the gods. One of the original slabs that provided the world with all forms of titanite. Titanite slabs were created to smith the weapons of the gods, or so the legends say."
"1024","Items","Ores","Twinkling Titanite","A form of titanite with special power. Reinforce equipment that cannot normally be reinforced up to +5.What cosmic event could have created such a powerful class of titanite?."
"1025","Items","Ores","Raw Stone","An altered state of titanite. Changes weapon class to Raw. Cannot be used on shields.This unusually hard titanite raises a weapon's physical attack power, but lowers strength and dexterity bonuses."
"1026","Items","Ores","Faint Stone","An altered state of titanite. Use to imbue weapons with magic, or to provide magic reduction to shields.Sorcerers at the Melfian Magic Academy once attempted to imbue titanite with various elements, but are said to have failed. Someone must have succeeded though; what else would explain this stone?"
"1027","Items","Ores","Firedrake Stone","An altered state of titanite. Use to imbue weapons with fire, or to provide fire reduction to shields.Sorcerers at the Melfian Magic Academy once attempted to imbue titanite with various elements, but are said to have failed. Someone must have succeeded though; what else would explain this stone?"
"1028","Items","Ores","Boltstone","An altered state of titanite. Use to imbue weapons with lightning, or to provide lightning reduction to shields.Sorcerers at the Melfian Magic Academy once attempted to imbue titanite with various elements, but are said to have failed. Someone must have succeeded though; what else would explain this stone?"
"1029","Items","Ores","Darknight Stone","An altered state of titanite. Use to imbue weapons with dark, or to provide dark reduction to shields.Sorcerers at the Melfian Magic Academy once attempted to imbue titanite with various elements, but are said to have failed. Someone must have succeeded though; what else would explain this stone?"
"1030","Items","Ores","Poison Stone","An altered state of titanite. Use to imbue weapons with poison, or to provide poison resistance to shields.Sorcerers at the Melfian Magic Academy once attempted to imbue titanite with various elements, but are said to have failed. Someone must have succeeded though; what else would explain this stone?"
"1031","Items","Ores","Bleed Stone","An altered state of titanite. Use to make weapons lacerating, or to provide bleeding resistance to shields. Sorcerers at the Melfian Magic Academy once attempted to imbue titanite with various elements, but are said to have failed. Someone must have succeeded though; what else would explain this stone?"
"1032","Items","Ores","Magic Stone","An altered state of titanite. Use on weapon to convert wielder's intelligence into attack. Cannot be used on shields.Sorcerers at the Melfian Magic Academy once attempted to imbue titanite with various elements, but are said to have failed. Someone must have succeeded, though; what else would explain this stone?"
"1033","Items","Ores","Old Mundane Stone","An altered state of titanite. Use to imbue weapons with power of the mundane. Cannot be used on shields.People do not look favorably on the banal, but sometimes even the most mundane of objects can cast things in a most pleasant light."""
"1034","Items","Ores","Palestone","An altered state of titanite. Use on a weapon or shield to undo all imbued powers. This does not revert reinforcement, but undoes imbued powers such as magic, fire, poison, etc."
"1035","Items","Ores","Petrified Dragon Bone","A large petrified bone. Reinforces equipment made from special souls.Commonly called dragon bone, but the veracity of the name is questionable. In any case, this petrified bone houses great power."
"1036","Items","Ores","Fire Seed","A tiny waning flame. Used to strengthen a pyromancy flame.A pyromancy flame serves as the catalyst for pyromancies, and scales the strength of each spell according to its level.Fire is a common object of worship, it can never be grasped, and its mystery stokes human imagination."
"1037","Items","Unused Items","Illusory Talisman","A tiny charm embedded with imitative magic. Use to transform into a phantom. Use this talisman to trick invaders. Only provides the most superficial camouflage, but for those naïve enough to never question what they see, you should be very convincing."""
"1038","Items","Unused Items","Inquisitor%27s Blade","Katana used by the inquisitors. Though there is no secret to the manner of its forging, the katana's hefty blade glistens with extraordinary sharpness. Perhaps its great weight portends to the great washes of blood it has supped upon."""
"1039","Items","Unused Items","Shadow Claws","Claws used by those who lurk in the shadows. A sharp blade is attached to each of the fingers. Those who abandoned the knight's code stopped to all manner of unspeakable deeds, all for a bit of coin"""
"1040","Items","Unused Items","Imperial Shield","A certain man's favorite greatshield. Forged by layering thin sheets of iron, it provides excellent defense for its weight.Perhaps you'll learn more about the original owner when next you meet..."
